information_schema	_pg_foreign_data_wrappers	v	13616	1	oid	oid	f
information_schema	_pg_foreign_data_wrappers	v	13616	2	fdwowner	oid	f
information_schema	_pg_foreign_data_wrappers	v	13616	3	fdwoptions	text[]	f
information_schema	_pg_foreign_data_wrappers	v	13616	4	foreign_data_wrapper_catalog	information_schema.sql_identifier	f
information_schema	_pg_foreign_data_wrappers	v	13616	5	foreign_data_wrapper_name	information_schema.sql_identifier	f
information_schema	_pg_foreign_data_wrappers	v	13616	6	authorization_identifier	information_schema.sql_identifier	f
information_schema	_pg_foreign_data_wrappers	v	13616	7	foreign_data_wrapper_language	information_schema.character_data	f
information_schema	_pg_foreign_servers	v	13628	1	oid	oid	f
information_schema	_pg_foreign_servers	v	13628	2	srvoptions	text[]	f
information_schema	_pg_foreign_servers	v	13628	3	foreign_server_catalog	information_schema.sql_identifier	f
information_schema	_pg_foreign_servers	v	13628	4	foreign_server_name	information_schema.sql_identifier	f
information_schema	_pg_foreign_servers	v	13628	5	foreign_data_wrapper_catalog	information_schema.sql_identifier	f
information_schema	_pg_foreign_servers	v	13628	6	foreign_data_wrapper_name	information_schema.sql_identifier	f
information_schema	_pg_foreign_servers	v	13628	7	foreign_server_type	information_schema.character_data	f
information_schema	_pg_foreign_servers	v	13628	8	foreign_server_version	information_schema.character_data	f
information_schema	_pg_foreign_servers	v	13628	9	authorization_identifier	information_schema.sql_identifier	f
information_schema	_pg_foreign_table_columns	v	13607	1	nspname	name	f
information_schema	_pg_foreign_table_columns	v	13607	2	relname	name	f
information_schema	_pg_foreign_table_columns	v	13607	3	attname	name	f
information_schema	_pg_foreign_table_columns	v	13607	4	attfdwoptions	text[]	f
information_schema	_pg_foreign_tables	v	13640	1	foreign_table_catalog	information_schema.sql_identifier	f
information_schema	_pg_foreign_tables	v	13640	2	foreign_table_schema	information_schema.sql_identifier	f
information_schema	_pg_foreign_tables	v	13640	3	foreign_table_name	information_schema.sql_identifier	f
information_schema	_pg_foreign_tables	v	13640	4	ftoptions	text[]	f
information_schema	_pg_foreign_tables	v	13640	5	foreign_server_catalog	information_schema.sql_identifier	f
information_schema	_pg_foreign_tables	v	13640	6	foreign_server_name	information_schema.sql_identifier	f
information_schema	_pg_foreign_tables	v	13640	7	authorization_identifier	information_schema.sql_identifier	f
information_schema	_pg_user_mappings	v	13653	1	oid	oid	f
information_schema	_pg_user_mappings	v	13653	2	umoptions	text[]	f
information_schema	_pg_user_mappings	v	13653	3	umuser	oid	f
information_schema	_pg_user_mappings	v	13653	4	authorization_identifier	information_schema.sql_identifier	f
information_schema	_pg_user_mappings	v	13653	5	foreign_server_catalog	information_schema.sql_identifier	f
information_schema	_pg_user_mappings	v	13653	6	foreign_server_name	information_schema.sql_identifier	f
information_schema	_pg_user_mappings	v	13653	7	srvowner	information_schema.sql_identifier	f
information_schema	administrable_role_authorizations	v	13351	1	grantee	information_schema.sql_identifier	f
information_schema	administrable_role_authorizations	v	13351	2	role_name	information_schema.sql_identifier	f
information_schema	administrable_role_authorizations	v	13351	3	is_grantable	information_schema.yes_or_no	f
information_schema	applicable_roles	v	13346	1	grantee	information_schema.sql_identifier	f
information_schema	applicable_roles	v	13346	2	role_name	information_schema.sql_identifier	f
information_schema	applicable_roles	v	13346	3	is_grantable	information_schema.yes_or_no	f
information_schema	attributes	v	13355	1	udt_catalog	information_schema.sql_identifier	f
information_schema	attributes	v	13355	2	udt_schema	information_schema.sql_identifier	f
information_schema	attributes	v	13355	3	udt_name	information_schema.sql_identifier	f
information_schema	attributes	v	13355	4	attribute_name	information_schema.sql_identifier	f
information_schema	attributes	v	13355	5	ordinal_position	information_schema.cardinal_number	f
information_schema	attributes	v	13355	6	attribute_default	information_schema.character_data	f
information_schema	attributes	v	13355	7	is_nullable	information_schema.yes_or_no	f
information_schema	attributes	v	13355	8	data_type	information_schema.character_data	f
information_schema	attributes	v	13355	9	character_maximum_length	information_schema.cardinal_number	f
information_schema	attributes	v	13355	10	character_octet_length	information_schema.cardinal_number	f
information_schema	attributes	v	13355	11	character_set_catalog	information_schema.sql_identifier	f
information_schema	attributes	v	13355	12	character_set_schema	information_schema.sql_identifier	f
information_schema	attributes	v	13355	13	character_set_name	information_schema.sql_identifier	f
information_schema	attributes	v	13355	14	collation_catalog	information_schema.sql_identifier	f
information_schema	attributes	v	13355	15	collation_schema	information_schema.sql_identifier	f
information_schema	attributes	v	13355	16	collation_name	information_schema.sql_identifier	f
information_schema	attributes	v	13355	17	numeric_precision	information_schema.cardinal_number	f
information_schema	attributes	v	13355	18	numeric_precision_radix	information_schema.cardinal_number	f
information_schema	attributes	v	13355	19	numeric_scale	information_schema.cardinal_number	f
information_schema	attributes	v	13355	20	datetime_precision	information_schema.cardinal_number	f
information_schema	attributes	v	13355	21	interval_type	information_schema.character_data	f
information_schema	attributes	v	13355	22	interval_precision	information_schema.cardinal_number	f
information_schema	attributes	v	13355	23	attribute_udt_catalog	information_schema.sql_identifier	f
information_schema	attributes	v	13355	24	attribute_udt_schema	information_schema.sql_identifier	f
information_schema	attributes	v	13355	25	attribute_udt_name	information_schema.sql_identifier	f
information_schema	attributes	v	13355	26	scope_catalog	information_schema.sql_identifier	f
information_schema	attributes	v	13355	27	scope_schema	information_schema.sql_identifier	f
information_schema	attributes	v	13355	28	scope_name	information_schema.sql_identifier	f
information_schema	attributes	v	13355	29	maximum_cardinality	information_schema.cardinal_number	f
information_schema	attributes	v	13355	30	dtd_identifier	information_schema.sql_identifier	f
information_schema	attributes	v	13355	31	is_derived_reference_attribute	information_schema.yes_or_no	f
information_schema	character_sets	v	13360	1	character_set_catalog	information_schema.sql_identifier	f
information_schema	character_sets	v	13360	2	character_set_schema	information_schema.sql_identifier	f
information_schema	character_sets	v	13360	3	character_set_name	information_schema.sql_identifier	f
information_schema	character_sets	v	13360	4	character_repertoire	information_schema.sql_identifier	f
information_schema	character_sets	v	13360	5	form_of_use	information_schema.sql_identifier	f
information_schema	character_sets	v	13360	6	default_collate_catalog	information_schema.sql_identifier	f
information_schema	character_sets	v	13360	7	default_collate_schema	information_schema.sql_identifier	f
information_schema	character_sets	v	13360	8	default_collate_name	information_schema.sql_identifier	f
information_schema	check_constraint_routine_usage	v	13365	1	constraint_catalog	information_schema.sql_identifier	f
information_schema	check_constraint_routine_usage	v	13365	2	constraint_schema	information_schema.sql_identifier	f
information_schema	check_constraint_routine_usage	v	13365	3	constraint_name	information_schema.sql_identifier	f
information_schema	check_constraint_routine_usage	v	13365	4	specific_catalog	information_schema.sql_identifier	f
information_schema	check_constraint_routine_usage	v	13365	5	specific_schema	information_schema.sql_identifier	f
information_schema	check_constraint_routine_usage	v	13365	6	specific_name	information_schema.sql_identifier	f
information_schema	check_constraints	v	13370	1	constraint_catalog	information_schema.sql_identifier	f
information_schema	check_constraints	v	13370	2	constraint_schema	information_schema.sql_identifier	f
information_schema	check_constraints	v	13370	3	constraint_name	information_schema.sql_identifier	f
information_schema	check_constraints	v	13370	4	check_clause	information_schema.character_data	f
information_schema	collation_character_set_applicability	v	13380	1	collation_catalog	information_schema.sql_identifier	f
information_schema	collation_character_set_applicability	v	13380	2	collation_schema	information_schema.sql_identifier	f
information_schema	collation_character_set_applicability	v	13380	3	collation_name	information_schema.sql_identifier	f
information_schema	collation_character_set_applicability	v	13380	4	character_set_catalog	information_schema.sql_identifier	f
information_schema	collation_character_set_applicability	v	13380	5	character_set_schema	information_schema.sql_identifier	f
information_schema	collation_character_set_applicability	v	13380	6	character_set_name	information_schema.sql_identifier	f
information_schema	collations	v	13375	1	collation_catalog	information_schema.sql_identifier	f
information_schema	collations	v	13375	2	collation_schema	information_schema.sql_identifier	f
information_schema	collations	v	13375	3	collation_name	information_schema.sql_identifier	f
information_schema	collations	v	13375	4	pad_attribute	information_schema.character_data	f
information_schema	column_column_usage	v	13385	1	table_catalog	information_schema.sql_identifier	f
information_schema	column_column_usage	v	13385	2	table_schema	information_schema.sql_identifier	f
information_schema	column_column_usage	v	13385	3	table_name	information_schema.sql_identifier	f
information_schema	column_column_usage	v	13385	4	column_name	information_schema.sql_identifier	f
information_schema	column_column_usage	v	13385	5	dependent_column	information_schema.sql_identifier	f
information_schema	column_domain_usage	v	13390	1	domain_catalog	information_schema.sql_identifier	f
information_schema	column_domain_usage	v	13390	2	domain_schema	information_schema.sql_identifier	f
information_schema	column_domain_usage	v	13390	3	domain_name	information_schema.sql_identifier	f
information_schema	column_domain_usage	v	13390	4	table_catalog	information_schema.sql_identifier	f
information_schema	column_domain_usage	v	13390	5	table_schema	information_schema.sql_identifier	f
information_schema	column_domain_usage	v	13390	6	table_name	information_schema.sql_identifier	f
information_schema	column_domain_usage	v	13390	7	column_name	information_schema.sql_identifier	f
information_schema	column_options	v	13612	1	table_catalog	information_schema.sql_identifier	f
information_schema	column_options	v	13612	2	table_schema	information_schema.sql_identifier	f
information_schema	column_options	v	13612	3	table_name	information_schema.sql_identifier	f
information_schema	column_options	v	13612	4	column_name	information_schema.sql_identifier	f
information_schema	column_options	v	13612	5	option_name	information_schema.sql_identifier	f
information_schema	column_options	v	13612	6	option_value	information_schema.character_data	f
information_schema	column_privileges	v	13395	1	grantor	information_schema.sql_identifier	f
information_schema	column_privileges	v	13395	2	grantee	information_schema.sql_identifier	f
information_schema	column_privileges	v	13395	3	table_catalog	information_schema.sql_identifier	f
information_schema	column_privileges	v	13395	4	table_schema	information_schema.sql_identifier	f
information_schema	column_privileges	v	13395	5	table_name	information_schema.sql_identifier	f
information_schema	column_privileges	v	13395	6	column_name	information_schema.sql_identifier	f
information_schema	column_privileges	v	13395	7	privilege_type	information_schema.character_data	f
information_schema	column_privileges	v	13395	8	is_grantable	information_schema.yes_or_no	f
information_schema	column_udt_usage	v	13400	1	udt_catalog	information_schema.sql_identifier	f
information_schema	column_udt_usage	v	13400	2	udt_schema	information_schema.sql_identifier	f
information_schema	column_udt_usage	v	13400	3	udt_name	information_schema.sql_identifier	f
information_schema	column_udt_usage	v	13400	4	table_catalog	information_schema.sql_identifier	f
information_schema	column_udt_usage	v	13400	5	table_schema	information_schema.sql_identifier	f
information_schema	column_udt_usage	v	13400	6	table_name	information_schema.sql_identifier	f
information_schema	column_udt_usage	v	13400	7	column_name	information_schema.sql_identifier	f
information_schema	columns	v	13405	1	table_catalog	information_schema.sql_identifier	f
information_schema	columns	v	13405	2	table_schema	information_schema.sql_identifier	f
information_schema	columns	v	13405	3	table_name	information_schema.sql_identifier	f
information_schema	columns	v	13405	4	column_name	information_schema.sql_identifier	f
information_schema	columns	v	13405	5	ordinal_position	information_schema.cardinal_number	f
information_schema	columns	v	13405	6	column_default	information_schema.character_data	f
information_schema	columns	v	13405	7	is_nullable	information_schema.yes_or_no	f
information_schema	columns	v	13405	8	data_type	information_schema.character_data	f
information_schema	columns	v	13405	9	character_maximum_length	information_schema.cardinal_number	f
information_schema	columns	v	13405	10	character_octet_length	information_schema.cardinal_number	f
information_schema	columns	v	13405	11	numeric_precision	information_schema.cardinal_number	f
information_schema	columns	v	13405	12	numeric_precision_radix	information_schema.cardinal_number	f
information_schema	columns	v	13405	13	numeric_scale	information_schema.cardinal_number	f
information_schema	columns	v	13405	14	datetime_precision	information_schema.cardinal_number	f
information_schema	columns	v	13405	15	interval_type	information_schema.character_data	f
information_schema	columns	v	13405	16	interval_precision	information_schema.cardinal_number	f
information_schema	columns	v	13405	17	character_set_catalog	information_schema.sql_identifier	f
information_schema	columns	v	13405	18	character_set_schema	information_schema.sql_identifier	f
information_schema	columns	v	13405	19	character_set_name	information_schema.sql_identifier	f
information_schema	columns	v	13405	20	collation_catalog	information_schema.sql_identifier	f
information_schema	columns	v	13405	21	collation_schema	information_schema.sql_identifier	f
information_schema	columns	v	13405	22	collation_name	information_schema.sql_identifier	f
information_schema	columns	v	13405	23	domain_catalog	information_schema.sql_identifier	f
information_schema	columns	v	13405	24	domain_schema	information_schema.sql_identifier	f
information_schema	columns	v	13405	25	domain_name	information_schema.sql_identifier	f
information_schema	columns	v	13405	26	udt_catalog	information_schema.sql_identifier	f
information_schema	columns	v	13405	27	udt_schema	information_schema.sql_identifier	f
information_schema	columns	v	13405	28	udt_name	information_schema.sql_identifier	f
information_schema	columns	v	13405	29	scope_catalog	information_schema.sql_identifier	f
information_schema	columns	v	13405	30	scope_schema	information_schema.sql_identifier	f
information_schema	columns	v	13405	31	scope_name	information_schema.sql_identifier	f
information_schema	columns	v	13405	32	maximum_cardinality	information_schema.cardinal_number	f
information_schema	columns	v	13405	33	dtd_identifier	information_schema.sql_identifier	f
information_schema	columns	v	13405	34	is_self_referencing	information_schema.yes_or_no	f
information_schema	columns	v	13405	35	is_identity	information_schema.yes_or_no	f
information_schema	columns	v	13405	36	identity_generation	information_schema.character_data	f
information_schema	columns	v	13405	37	identity_start	information_schema.character_data	f
information_schema	columns	v	13405	38	identity_increment	information_schema.character_data	f
information_schema	columns	v	13405	39	identity_maximum	information_schema.character_data	f
information_schema	columns	v	13405	40	identity_minimum	information_schema.character_data	f
information_schema	columns	v	13405	41	identity_cycle	information_schema.yes_or_no	f
information_schema	columns	v	13405	42	is_generated	information_schema.character_data	f
information_schema	columns	v	13405	43	generation_expression	information_schema.character_data	f
information_schema	columns	v	13405	44	is_updatable	information_schema.yes_or_no	f
information_schema	constraint_column_usage	v	13410	1	table_catalog	information_schema.sql_identifier	f
information_schema	constraint_column_usage	v	13410	2	table_schema	information_schema.sql_identifier	f
information_schema	constraint_column_usage	v	13410	3	table_name	information_schema.sql_identifier	f
information_schema	constraint_column_usage	v	13410	4	column_name	information_schema.sql_identifier	f
information_schema	constraint_column_usage	v	13410	5	constraint_catalog	information_schema.sql_identifier	f
information_schema	constraint_column_usage	v	13410	6	constraint_schema	information_schema.sql_identifier	f
information_schema	constraint_column_usage	v	13410	7	constraint_name	information_schema.sql_identifier	f
information_schema	constraint_table_usage	v	13415	1	table_catalog	information_schema.sql_identifier	f
information_schema	constraint_table_usage	v	13415	2	table_schema	information_schema.sql_identifier	f
information_schema	constraint_table_usage	v	13415	3	table_name	information_schema.sql_identifier	f
information_schema	constraint_table_usage	v	13415	4	constraint_catalog	information_schema.sql_identifier	f
information_schema	constraint_table_usage	v	13415	5	constraint_schema	information_schema.sql_identifier	f
information_schema	constraint_table_usage	v	13415	6	constraint_name	information_schema.sql_identifier	f
information_schema	data_type_privileges	v	13597	1	object_catalog	information_schema.sql_identifier	f
information_schema	data_type_privileges	v	13597	2	object_schema	information_schema.sql_identifier	f
information_schema	data_type_privileges	v	13597	3	object_name	information_schema.sql_identifier	f
information_schema	data_type_privileges	v	13597	4	object_type	information_schema.character_data	f
information_schema	data_type_privileges	v	13597	5	dtd_identifier	information_schema.sql_identifier	f
information_schema	domain_constraints	v	13420	1	constraint_catalog	information_schema.sql_identifier	f
information_schema	domain_constraints	v	13420	2	constraint_schema	information_schema.sql_identifier	f
information_schema	domain_constraints	v	13420	3	constraint_name	information_schema.sql_identifier	f
information_schema	domain_constraints	v	13420	4	domain_catalog	information_schema.sql_identifier	f
information_schema	domain_constraints	v	13420	5	domain_schema	information_schema.sql_identifier	f
information_schema	domain_constraints	v	13420	6	domain_name	information_schema.sql_identifier	f
information_schema	domain_constraints	v	13420	7	is_deferrable	information_schema.yes_or_no	f
information_schema	domain_constraints	v	13420	8	initially_deferred	information_schema.yes_or_no	f
information_schema	domain_udt_usage	v	13425	1	udt_catalog	information_schema.sql_identifier	f
information_schema	domain_udt_usage	v	13425	2	udt_schema	information_schema.sql_identifier	f
information_schema	domain_udt_usage	v	13425	3	udt_name	information_schema.sql_identifier	f
information_schema	domain_udt_usage	v	13425	4	domain_catalog	information_schema.sql_identifier	f
information_schema	domain_udt_usage	v	13425	5	domain_schema	information_schema.sql_identifier	f
information_schema	domain_udt_usage	v	13425	6	domain_name	information_schema.sql_identifier	f
information_schema	domains	v	13429	1	domain_catalog	information_schema.sql_identifier	f
information_schema	domains	v	13429	2	domain_schema	information_schema.sql_identifier	f
information_schema	domains	v	13429	3	domain_name	information_schema.sql_identifier	f
information_schema	domains	v	13429	4	data_type	information_schema.character_data	f
information_schema	domains	v	13429	5	character_maximum_length	information_schema.cardinal_number	f
information_schema	domains	v	13429	6	character_octet_length	information_schema.cardinal_number	f
information_schema	domains	v	13429	7	character_set_catalog	information_schema.sql_identifier	f
information_schema	domains	v	13429	8	character_set_schema	information_schema.sql_identifier	f
information_schema	domains	v	13429	9	character_set_name	information_schema.sql_identifier	f
information_schema	domains	v	13429	10	collation_catalog	information_schema.sql_identifier	f
information_schema	domains	v	13429	11	collation_schema	information_schema.sql_identifier	f
information_schema	domains	v	13429	12	collation_name	information_schema.sql_identifier	f
information_schema	domains	v	13429	13	numeric_precision	information_schema.cardinal_number	f
information_schema	domains	v	13429	14	numeric_precision_radix	information_schema.cardinal_number	f
information_schema	domains	v	13429	15	numeric_scale	information_schema.cardinal_number	f
information_schema	domains	v	13429	16	datetime_precision	information_schema.cardinal_number	f
information_schema	domains	v	13429	17	interval_type	information_schema.character_data	f
information_schema	domains	v	13429	18	interval_precision	information_schema.cardinal_number	f
information_schema	domains	v	13429	19	domain_default	information_schema.character_data	f
information_schema	domains	v	13429	20	udt_catalog	information_schema.sql_identifier	f
information_schema	domains	v	13429	21	udt_schema	information_schema.sql_identifier	f
information_schema	domains	v	13429	22	udt_name	information_schema.sql_identifier	f
information_schema	domains	v	13429	23	scope_catalog	information_schema.sql_identifier	f
information_schema	domains	v	13429	24	scope_schema	information_schema.sql_identifier	f
information_schema	domains	v	13429	25	scope_name	information_schema.sql_identifier	f
information_schema	domains	v	13429	26	maximum_cardinality	information_schema.cardinal_number	f
information_schema	domains	v	13429	27	dtd_identifier	information_schema.sql_identifier	f
information_schema	element_types	v	13602	1	object_catalog	information_schema.sql_identifier	f
information_schema	element_types	v	13602	2	object_schema	information_schema.sql_identifier	f
information_schema	element_types	v	13602	3	object_name	information_schema.sql_identifier	f
information_schema	element_types	v	13602	4	object_type	information_schema.character_data	f
information_schema	element_types	v	13602	5	collection_type_identifier	information_schema.sql_identifier	f
information_schema	element_types	v	13602	6	data_type	information_schema.character_data	f
information_schema	element_types	v	13602	7	character_maximum_length	information_schema.cardinal_number	f
information_schema	element_types	v	13602	8	character_octet_length	information_schema.cardinal_number	f
information_schema	element_types	v	13602	9	character_set_catalog	information_schema.sql_identifier	f
information_schema	element_types	v	13602	10	character_set_schema	information_schema.sql_identifier	f
information_schema	element_types	v	13602	11	character_set_name	information_schema.sql_identifier	f
information_schema	element_types	v	13602	12	collation_catalog	information_schema.sql_identifier	f
information_schema	element_types	v	13602	13	collation_schema	information_schema.sql_identifier	f
information_schema	element_types	v	13602	14	collation_name	information_schema.sql_identifier	f
information_schema	element_types	v	13602	15	numeric_precision	information_schema.cardinal_number	f
information_schema	element_types	v	13602	16	numeric_precision_radix	information_schema.cardinal_number	f
information_schema	element_types	v	13602	17	numeric_scale	information_schema.cardinal_number	f
information_schema	element_types	v	13602	18	datetime_precision	information_schema.cardinal_number	f
information_schema	element_types	v	13602	19	interval_type	information_schema.character_data	f
information_schema	element_types	v	13602	20	interval_precision	information_schema.cardinal_number	f
information_schema	element_types	v	13602	21	udt_catalog	information_schema.sql_identifier	f
information_schema	element_types	v	13602	22	udt_schema	information_schema.sql_identifier	f
information_schema	element_types	v	13602	23	udt_name	information_schema.sql_identifier	f
information_schema	element_types	v	13602	24	scope_catalog	information_schema.sql_identifier	f
information_schema	element_types	v	13602	25	scope_schema	information_schema.sql_identifier	f
information_schema	element_types	v	13602	26	scope_name	information_schema.sql_identifier	f
information_schema	element_types	v	13602	27	maximum_cardinality	information_schema.cardinal_number	f
information_schema	element_types	v	13602	28	dtd_identifier	information_schema.sql_identifier	f
information_schema	enabled_roles	v	13434	1	role_name	information_schema.sql_identifier	f
information_schema	foreign_data_wrapper_options	v	13620	1	foreign_data_wrapper_catalog	information_schema.sql_identifier	f
information_schema	foreign_data_wrapper_options	v	13620	2	foreign_data_wrapper_name	information_schema.sql_identifier	f
information_schema	foreign_data_wrapper_options	v	13620	3	option_name	information_schema.sql_identifier	f
information_schema	foreign_data_wrapper_options	v	13620	4	option_value	information_schema.character_data	f
information_schema	foreign_data_wrappers	v	13624	1	foreign_data_wrapper_catalog	information_schema.sql_identifier	f
information_schema	foreign_data_wrappers	v	13624	2	foreign_data_wrapper_name	information_schema.sql_identifier	f
information_schema	foreign_data_wrappers	v	13624	3	authorization_identifier	information_schema.sql_identifier	f
information_schema	foreign_data_wrappers	v	13624	4	library_name	information_schema.character_data	f
information_schema	foreign_data_wrappers	v	13624	5	foreign_data_wrapper_language	information_schema.character_data	f
information_schema	foreign_server_options	v	13632	1	foreign_server_catalog	information_schema.sql_identifier	f
information_schema	foreign_server_options	v	13632	2	foreign_server_name	information_schema.sql_identifier	f
information_schema	foreign_server_options	v	13632	3	option_name	information_schema.sql_identifier	f
information_schema	foreign_server_options	v	13632	4	option_value	information_schema.character_data	f
information_schema	foreign_servers	v	13636	1	foreign_server_catalog	information_schema.sql_identifier	f
information_schema	foreign_servers	v	13636	2	foreign_server_name	information_schema.sql_identifier	f
information_schema	foreign_servers	v	13636	3	foreign_data_wrapper_catalog	information_schema.sql_identifier	f
information_schema	foreign_servers	v	13636	4	foreign_data_wrapper_name	information_schema.sql_identifier	f
information_schema	foreign_servers	v	13636	5	foreign_server_type	information_schema.character_data	f
information_schema	foreign_servers	v	13636	6	foreign_server_version	information_schema.character_data	f
information_schema	foreign_servers	v	13636	7	authorization_identifier	information_schema.sql_identifier	f
information_schema	foreign_table_options	v	13645	1	foreign_table_catalog	information_schema.sql_identifier	f
information_schema	foreign_table_options	v	13645	2	foreign_table_schema	information_schema.sql_identifier	f
information_schema	foreign_table_options	v	13645	3	foreign_table_name	information_schema.sql_identifier	f
information_schema	foreign_table_options	v	13645	4	option_name	information_schema.sql_identifier	f
information_schema	foreign_table_options	v	13645	5	option_value	information_schema.character_data	f
information_schema	foreign_tables	v	13649	1	foreign_table_catalog	information_schema.sql_identifier	f
information_schema	foreign_tables	v	13649	2	foreign_table_schema	information_schema.sql_identifier	f
information_schema	foreign_tables	v	13649	3	foreign_table_name	information_schema.sql_identifier	f
information_schema	foreign_tables	v	13649	4	foreign_server_catalog	information_schema.sql_identifier	f
information_schema	foreign_tables	v	13649	5	foreign_server_name	information_schema.sql_identifier	f
information_schema	information_schema_catalog_name	v	13337	1	catalog_name	information_schema.sql_identifier	f
information_schema	key_column_usage	v	13438	1	constraint_catalog	information_schema.sql_identifier	f
information_schema	key_column_usage	v	13438	2	constraint_schema	information_schema.sql_identifier	f
information_schema	key_column_usage	v	13438	3	constraint_name	information_schema.sql_identifier	f
information_schema	key_column_usage	v	13438	4	table_catalog	information_schema.sql_identifier	f
information_schema	key_column_usage	v	13438	5	table_schema	information_schema.sql_identifier	f
information_schema	key_column_usage	v	13438	6	table_name	information_schema.sql_identifier	f
information_schema	key_column_usage	v	13438	7	column_name	information_schema.sql_identifier	f
information_schema	key_column_usage	v	13438	8	ordinal_position	information_schema.cardinal_number	f
information_schema	key_column_usage	v	13438	9	position_in_unique_constraint	information_schema.cardinal_number	f
information_schema	parameters	v	13443	1	specific_catalog	information_schema.sql_identifier	f
information_schema	parameters	v	13443	2	specific_schema	information_schema.sql_identifier	f
information_schema	parameters	v	13443	3	specific_name	information_schema.sql_identifier	f
information_schema	parameters	v	13443	4	ordinal_position	information_schema.cardinal_number	f
information_schema	parameters	v	13443	5	parameter_mode	information_schema.character_data	f
information_schema	parameters	v	13443	6	is_result	information_schema.yes_or_no	f
information_schema	parameters	v	13443	7	as_locator	information_schema.yes_or_no	f
information_schema	parameters	v	13443	8	parameter_name	information_schema.sql_identifier	f
information_schema	parameters	v	13443	9	data_type	information_schema.character_data	f
information_schema	parameters	v	13443	10	character_maximum_length	information_schema.cardinal_number	f
information_schema	parameters	v	13443	11	character_octet_length	information_schema.cardinal_number	f
information_schema	parameters	v	13443	12	character_set_catalog	information_schema.sql_identifier	f
information_schema	parameters	v	13443	13	character_set_schema	information_schema.sql_identifier	f
information_schema	parameters	v	13443	14	character_set_name	information_schema.sql_identifier	f
information_schema	parameters	v	13443	15	collation_catalog	information_schema.sql_identifier	f
information_schema	parameters	v	13443	16	collation_schema	information_schema.sql_identifier	f
information_schema	parameters	v	13443	17	collation_name	information_schema.sql_identifier	f
information_schema	parameters	v	13443	18	numeric_precision	information_schema.cardinal_number	f
information_schema	parameters	v	13443	19	numeric_precision_radix	information_schema.cardinal_number	f
information_schema	parameters	v	13443	20	numeric_scale	information_schema.cardinal_number	f
information_schema	parameters	v	13443	21	datetime_precision	information_schema.cardinal_number	f
information_schema	parameters	v	13443	22	interval_type	information_schema.character_data	f
information_schema	parameters	v	13443	23	interval_precision	information_schema.cardinal_number	f
information_schema	parameters	v	13443	24	udt_catalog	information_schema.sql_identifier	f
information_schema	parameters	v	13443	25	udt_schema	information_schema.sql_identifier	f
information_schema	parameters	v	13443	26	udt_name	information_schema.sql_identifier	f
information_schema	parameters	v	13443	27	scope_catalog	information_schema.sql_identifier	f
information_schema	parameters	v	13443	28	scope_schema	information_schema.sql_identifier	f
information_schema	parameters	v	13443	29	scope_name	information_schema.sql_identifier	f
information_schema	parameters	v	13443	30	maximum_cardinality	information_schema.cardinal_number	f
information_schema	parameters	v	13443	31	dtd_identifier	information_schema.sql_identifier	f
information_schema	parameters	v	13443	32	parameter_default	information_schema.character_data	f
information_schema	referential_constraints	v	13448	1	constraint_catalog	information_schema.sql_identifier	f
information_schema	referential_constraints	v	13448	2	constraint_schema	information_schema.sql_identifier	f
information_schema	referential_constraints	v	13448	3	constraint_name	information_schema.sql_identifier	f
information_schema	referential_constraints	v	13448	4	unique_constraint_catalog	information_schema.sql_identifier	f
information_schema	referential_constraints	v	13448	5	unique_constraint_schema	information_schema.sql_identifier	f
information_schema	referential_constraints	v	13448	6	unique_constraint_name	information_schema.sql_identifier	f
information_schema	referential_constraints	v	13448	7	match_option	information_schema.character_data	f
information_schema	referential_constraints	v	13448	8	update_rule	information_schema.character_data	f
information_schema	referential_constraints	v	13448	9	delete_rule	information_schema.character_data	f
information_schema	role_column_grants	v	13453	1	grantor	information_schema.sql_identifier	f
information_schema	role_column_grants	v	13453	2	grantee	information_schema.sql_identifier	f
information_schema	role_column_grants	v	13453	3	table_catalog	information_schema.sql_identifier	f
information_schema	role_column_grants	v	13453	4	table_schema	information_schema.sql_identifier	f
information_schema	role_column_grants	v	13453	5	table_name	information_schema.sql_identifier	f
information_schema	role_column_grants	v	13453	6	column_name	information_schema.sql_identifier	f
information_schema	role_column_grants	v	13453	7	privilege_type	information_schema.character_data	f
information_schema	role_column_grants	v	13453	8	is_grantable	information_schema.yes_or_no	f
information_schema	role_routine_grants	v	13467	1	grantor	information_schema.sql_identifier	f
information_schema	role_routine_grants	v	13467	2	grantee	information_schema.sql_identifier	f
information_schema	role_routine_grants	v	13467	3	specific_catalog	information_schema.sql_identifier	f
information_schema	role_routine_grants	v	13467	4	specific_schema	information_schema.sql_identifier	f
information_schema	role_routine_grants	v	13467	5	specific_name	information_schema.sql_identifier	f
information_schema	role_routine_grants	v	13467	6	routine_catalog	information_schema.sql_identifier	f
information_schema	role_routine_grants	v	13467	7	routine_schema	information_schema.sql_identifier	f
information_schema	role_routine_grants	v	13467	8	routine_name	information_schema.sql_identifier	f
information_schema	role_routine_grants	v	13467	9	privilege_type	information_schema.character_data	f
information_schema	role_routine_grants	v	13467	10	is_grantable	information_schema.yes_or_no	f
information_schema	role_table_grants	v	13530	1	grantor	information_schema.sql_identifier	f
information_schema	role_table_grants	v	13530	2	grantee	information_schema.sql_identifier	f
information_schema	role_table_grants	v	13530	3	table_catalog	information_schema.sql_identifier	f
information_schema	role_table_grants	v	13530	4	table_schema	information_schema.sql_identifier	f
information_schema	role_table_grants	v	13530	5	table_name	information_schema.sql_identifier	f
information_schema	role_table_grants	v	13530	6	privilege_type	information_schema.character_data	f
information_schema	role_table_grants	v	13530	7	is_grantable	information_schema.yes_or_no	f
information_schema	role_table_grants	v	13530	8	with_hierarchy	information_schema.yes_or_no	f
information_schema	role_udt_grants	v	13559	1	grantor	information_schema.sql_identifier	f
information_schema	role_udt_grants	v	13559	2	grantee	information_schema.sql_identifier	f
information_schema	role_udt_grants	v	13559	3	udt_catalog	information_schema.sql_identifier	f
information_schema	role_udt_grants	v	13559	4	udt_schema	information_schema.sql_identifier	f
information_schema	role_udt_grants	v	13559	5	udt_name	information_schema.sql_identifier	f
information_schema	role_udt_grants	v	13559	6	privilege_type	information_schema.character_data	f
information_schema	role_udt_grants	v	13559	7	is_grantable	information_schema.yes_or_no	f
information_schema	role_usage_grants	v	13568	1	grantor	information_schema.sql_identifier	f
information_schema	role_usage_grants	v	13568	2	grantee	information_schema.sql_identifier	f
information_schema	role_usage_grants	v	13568	3	object_catalog	information_schema.sql_identifier	f
information_schema	role_usage_grants	v	13568	4	object_schema	information_schema.sql_identifier	f
information_schema	role_usage_grants	v	13568	5	object_name	information_schema.sql_identifier	f
information_schema	role_usage_grants	v	13568	6	object_type	information_schema.character_data	f
information_schema	role_usage_grants	v	13568	7	privilege_type	information_schema.character_data	f
information_schema	role_usage_grants	v	13568	8	is_grantable	information_schema.yes_or_no	f
information_schema	routine_column_usage	v	13457	1	specific_catalog	information_schema.sql_identifier	f
information_schema	routine_column_usage	v	13457	2	specific_schema	information_schema.sql_identifier	f
information_schema	routine_column_usage	v	13457	3	specific_name	information_schema.sql_identifier	f
information_schema	routine_column_usage	v	13457	4	routine_catalog	information_schema.sql_identifier	f
information_schema	routine_column_usage	v	13457	5	routine_schema	information_schema.sql_identifier	f
information_schema	routine_column_usage	v	13457	6	routine_name	information_schema.sql_identifier	f
information_schema	routine_column_usage	v	13457	7	table_catalog	information_schema.sql_identifier	f
information_schema	routine_column_usage	v	13457	8	table_schema	information_schema.sql_identifier	f
information_schema	routine_column_usage	v	13457	9	table_name	information_schema.sql_identifier	f
information_schema	routine_column_usage	v	13457	10	column_name	information_schema.sql_identifier	f
information_schema	routine_privileges	v	13462	1	grantor	information_schema.sql_identifier	f
information_schema	routine_privileges	v	13462	2	grantee	information_schema.sql_identifier	f
information_schema	routine_privileges	v	13462	3	specific_catalog	information_schema.sql_identifier	f
information_schema	routine_privileges	v	13462	4	specific_schema	information_schema.sql_identifier	f
information_schema	routine_privileges	v	13462	5	specific_name	information_schema.sql_identifier	f
information_schema	routine_privileges	v	13462	6	routine_catalog	information_schema.sql_identifier	f
information_schema	routine_privileges	v	13462	7	routine_schema	information_schema.sql_identifier	f
information_schema	routine_privileges	v	13462	8	routine_name	information_schema.sql_identifier	f
information_schema	routine_privileges	v	13462	9	privilege_type	information_schema.character_data	f
information_schema	routine_privileges	v	13462	10	is_grantable	information_schema.yes_or_no	f
information_schema	routine_routine_usage	v	13471	1	specific_catalog	information_schema.sql_identifier	f
information_schema	routine_routine_usage	v	13471	2	specific_schema	information_schema.sql_identifier	f
information_schema	routine_routine_usage	v	13471	3	specific_name	information_schema.sql_identifier	f
information_schema	routine_routine_usage	v	13471	4	routine_catalog	information_schema.sql_identifier	f
information_schema	routine_routine_usage	v	13471	5	routine_schema	information_schema.sql_identifier	f
information_schema	routine_routine_usage	v	13471	6	routine_name	information_schema.sql_identifier	f
information_schema	routine_sequence_usage	v	13476	1	specific_catalog	information_schema.sql_identifier	f
information_schema	routine_sequence_usage	v	13476	2	specific_schema	information_schema.sql_identifier	f
information_schema	routine_sequence_usage	v	13476	3	specific_name	information_schema.sql_identifier	f
information_schema	routine_sequence_usage	v	13476	4	routine_catalog	information_schema.sql_identifier	f
information_schema	routine_sequence_usage	v	13476	5	routine_schema	information_schema.sql_identifier	f
information_schema	routine_sequence_usage	v	13476	6	routine_name	information_schema.sql_identifier	f
information_schema	routine_sequence_usage	v	13476	7	sequence_catalog	information_schema.sql_identifier	f
information_schema	routine_sequence_usage	v	13476	8	sequence_schema	information_schema.sql_identifier	f
information_schema	routine_sequence_usage	v	13476	9	sequence_name	information_schema.sql_identifier	f
information_schema	routine_table_usage	v	13481	1	specific_catalog	information_schema.sql_identifier	f
information_schema	routine_table_usage	v	13481	2	specific_schema	information_schema.sql_identifier	f
information_schema	routine_table_usage	v	13481	3	specific_name	information_schema.sql_identifier	f
information_schema	routine_table_usage	v	13481	4	routine_catalog	information_schema.sql_identifier	f
information_schema	routine_table_usage	v	13481	5	routine_schema	information_schema.sql_identifier	f
information_schema	routine_table_usage	v	13481	6	routine_name	information_schema.sql_identifier	f
information_schema	routine_table_usage	v	13481	7	table_catalog	information_schema.sql_identifier	f
information_schema	routine_table_usage	v	13481	8	table_schema	information_schema.sql_identifier	f
information_schema	routine_table_usage	v	13481	9	table_name	information_schema.sql_identifier	f
information_schema	routines	v	13486	1	specific_catalog	information_schema.sql_identifier	f
information_schema	routines	v	13486	2	specific_schema	information_schema.sql_identifier	f
information_schema	routines	v	13486	3	specific_name	information_schema.sql_identifier	f
information_schema	routines	v	13486	4	routine_catalog	information_schema.sql_identifier	f
information_schema	routines	v	13486	5	routine_schema	information_schema.sql_identifier	f
information_schema	routines	v	13486	6	routine_name	information_schema.sql_identifier	f
information_schema	routines	v	13486	7	routine_type	information_schema.character_data	f
information_schema	routines	v	13486	8	module_catalog	information_schema.sql_identifier	f
information_schema	routines	v	13486	9	module_schema	information_schema.sql_identifier	f
information_schema	routines	v	13486	10	module_name	information_schema.sql_identifier	f
information_schema	routines	v	13486	11	udt_catalog	information_schema.sql_identifier	f
information_schema	routines	v	13486	12	udt_schema	information_schema.sql_identifier	f
information_schema	routines	v	13486	13	udt_name	information_schema.sql_identifier	f
information_schema	routines	v	13486	14	data_type	information_schema.character_data	f
information_schema	routines	v	13486	15	character_maximum_length	information_schema.cardinal_number	f
information_schema	routines	v	13486	16	character_octet_length	information_schema.cardinal_number	f
information_schema	routines	v	13486	17	character_set_catalog	information_schema.sql_identifier	f
information_schema	routines	v	13486	18	character_set_schema	information_schema.sql_identifier	f
information_schema	routines	v	13486	19	character_set_name	information_schema.sql_identifier	f
information_schema	routines	v	13486	20	collation_catalog	information_schema.sql_identifier	f
information_schema	routines	v	13486	21	collation_schema	information_schema.sql_identifier	f
information_schema	routines	v	13486	22	collation_name	information_schema.sql_identifier	f
information_schema	routines	v	13486	23	numeric_precision	information_schema.cardinal_number	f
information_schema	routines	v	13486	24	numeric_precision_radix	information_schema.cardinal_number	f
information_schema	routines	v	13486	25	numeric_scale	information_schema.cardinal_number	f
information_schema	routines	v	13486	26	datetime_precision	information_schema.cardinal_number	f
information_schema	routines	v	13486	27	interval_type	information_schema.character_data	f
information_schema	routines	v	13486	28	interval_precision	information_schema.cardinal_number	f
information_schema	routines	v	13486	29	type_udt_catalog	information_schema.sql_identifier	f
information_schema	routines	v	13486	30	type_udt_schema	information_schema.sql_identifier	f
information_schema	routines	v	13486	31	type_udt_name	information_schema.sql_identifier	f
information_schema	routines	v	13486	32	scope_catalog	information_schema.sql_identifier	f
information_schema	routines	v	13486	33	scope_schema	information_schema.sql_identifier	f
information_schema	routines	v	13486	34	scope_name	information_schema.sql_identifier	f
information_schema	routines	v	13486	35	maximum_cardinality	information_schema.cardinal_number	f
information_schema	routines	v	13486	36	dtd_identifier	information_schema.sql_identifier	f
information_schema	routines	v	13486	37	routine_body	information_schema.character_data	f
information_schema	routines	v	13486	38	routine_definition	information_schema.character_data	f
information_schema	routines	v	13486	39	external_name	information_schema.character_data	f
information_schema	routines	v	13486	40	external_language	information_schema.character_data	f
information_schema	routines	v	13486	41	parameter_style	information_schema.character_data	f
information_schema	routines	v	13486	42	is_deterministic	information_schema.yes_or_no	f
information_schema	routines	v	13486	43	sql_data_access	information_schema.character_data	f
information_schema	routines	v	13486	44	is_null_call	information_schema.yes_or_no	f
information_schema	routines	v	13486	45	sql_path	information_schema.character_data	f
information_schema	routines	v	13486	46	schema_level_routine	information_schema.yes_or_no	f
information_schema	routines	v	13486	47	max_dynamic_result_sets	information_schema.cardinal_number	f
information_schema	routines	v	13486	48	is_user_defined_cast	information_schema.yes_or_no	f
information_schema	routines	v	13486	49	is_implicitly_invocable	information_schema.yes_or_no	f
information_schema	routines	v	13486	50	security_type	information_schema.character_data	f
information_schema	routines	v	13486	51	to_sql_specific_catalog	information_schema.sql_identifier	f
information_schema	routines	v	13486	52	to_sql_specific_schema	information_schema.sql_identifier	f
information_schema	routines	v	13486	53	to_sql_specific_name	information_schema.sql_identifier	f
information_schema	routines	v	13486	54	as_locator	information_schema.yes_or_no	f
information_schema	routines	v	13486	55	created	information_schema.time_stamp	f
information_schema	routines	v	13486	56	last_altered	information_schema.time_stamp	f
information_schema	routines	v	13486	57	new_savepoint_level	information_schema.yes_or_no	f
information_schema	routines	v	13486	58	is_udt_dependent	information_schema.yes_or_no	f
information_schema	routines	v	13486	59	result_cast_from_data_type	information_schema.character_data	f
information_schema	routines	v	13486	60	result_cast_as_locator	information_schema.yes_or_no	f
information_schema	routines	v	13486	61	result_cast_char_max_length	information_schema.cardinal_number	f
information_schema	routines	v	13486	62	result_cast_char_octet_length	information_schema.cardinal_number	f
information_schema	routines	v	13486	63	result_cast_char_set_catalog	information_schema.sql_identifier	f
information_schema	routines	v	13486	64	result_cast_char_set_schema	information_schema.sql_identifier	f
information_schema	routines	v	13486	65	result_cast_char_set_name	information_schema.sql_identifier	f
information_schema	routines	v	13486	66	result_cast_collation_catalog	information_schema.sql_identifier	f
information_schema	routines	v	13486	67	result_cast_collation_schema	information_schema.sql_identifier	f
information_schema	routines	v	13486	68	result_cast_collation_name	information_schema.sql_identifier	f
information_schema	routines	v	13486	69	result_cast_numeric_precision	information_schema.cardinal_number	f
information_schema	routines	v	13486	70	result_cast_numeric_precision_radix	information_schema.cardinal_number	f
information_schema	routines	v	13486	71	result_cast_numeric_scale	information_schema.cardinal_number	f
information_schema	routines	v	13486	72	result_cast_datetime_precision	information_schema.cardinal_number	f
information_schema	routines	v	13486	73	result_cast_interval_type	information_schema.character_data	f
information_schema	routines	v	13486	74	result_cast_interval_precision	information_schema.cardinal_number	f
information_schema	routines	v	13486	75	result_cast_type_udt_catalog	information_schema.sql_identifier	f
information_schema	routines	v	13486	76	result_cast_type_udt_schema	information_schema.sql_identifier	f
information_schema	routines	v	13486	77	result_cast_type_udt_name	information_schema.sql_identifier	f
information_schema	routines	v	13486	78	result_cast_scope_catalog	information_schema.sql_identifier	f
information_schema	routines	v	13486	79	result_cast_scope_schema	information_schema.sql_identifier	f
information_schema	routines	v	13486	80	result_cast_scope_name	information_schema.sql_identifier	f
information_schema	routines	v	13486	81	result_cast_maximum_cardinality	information_schema.cardinal_number	f
information_schema	routines	v	13486	82	result_cast_dtd_identifier	information_schema.sql_identifier	f
information_schema	schemata	v	13491	1	catalog_name	information_schema.sql_identifier	f
information_schema	schemata	v	13491	2	schema_name	information_schema.sql_identifier	f
information_schema	schemata	v	13491	3	schema_owner	information_schema.sql_identifier	f
information_schema	schemata	v	13491	4	default_character_set_catalog	information_schema.sql_identifier	f
information_schema	schemata	v	13491	5	default_character_set_schema	information_schema.sql_identifier	f
information_schema	schemata	v	13491	6	default_character_set_name	information_schema.sql_identifier	f
information_schema	schemata	v	13491	7	sql_path	information_schema.character_data	f
information_schema	sequences	v	13495	1	sequence_catalog	information_schema.sql_identifier	f
information_schema	sequences	v	13495	2	sequence_schema	information_schema.sql_identifier	f
information_schema	sequences	v	13495	3	sequence_name	information_schema.sql_identifier	f
information_schema	sequences	v	13495	4	data_type	information_schema.character_data	f
information_schema	sequences	v	13495	5	numeric_precision	information_schema.cardinal_number	f
information_schema	sequences	v	13495	6	numeric_precision_radix	information_schema.cardinal_number	f
information_schema	sequences	v	13495	7	numeric_scale	information_schema.cardinal_number	f
information_schema	sequences	v	13495	8	start_value	information_schema.character_data	f
information_schema	sequences	v	13495	9	minimum_value	information_schema.character_data	f
information_schema	sequences	v	13495	10	maximum_value	information_schema.character_data	f
information_schema	sequences	v	13495	11	increment	information_schema.character_data	f
information_schema	sequences	v	13495	12	cycle_option	information_schema.yes_or_no	f
information_schema	sql_features	r	13500	1	feature_id	information_schema.character_data	f
information_schema	sql_features	r	13500	2	feature_name	information_schema.character_data	f
information_schema	sql_features	r	13500	3	sub_feature_id	information_schema.character_data	f
information_schema	sql_features	r	13500	4	sub_feature_name	information_schema.character_data	f
information_schema	sql_features	r	13500	5	is_supported	information_schema.yes_or_no	f
information_schema	sql_features	r	13500	6	is_verified_by	information_schema.character_data	f
information_schema	sql_features	r	13500	7	comments	information_schema.character_data	f
information_schema	sql_implementation_info	r	13505	1	implementation_info_id	information_schema.character_data	f
information_schema	sql_implementation_info	r	13505	2	implementation_info_name	information_schema.character_data	f
information_schema	sql_implementation_info	r	13505	3	integer_value	information_schema.cardinal_number	f
information_schema	sql_implementation_info	r	13505	4	character_value	information_schema.character_data	f
information_schema	sql_implementation_info	r	13505	5	comments	information_schema.character_data	f
information_schema	sql_parts	r	13510	1	feature_id	information_schema.character_data	f
information_schema	sql_parts	r	13510	2	feature_name	information_schema.character_data	f
information_schema	sql_parts	r	13510	3	is_supported	information_schema.yes_or_no	f
information_schema	sql_parts	r	13510	4	is_verified_by	information_schema.character_data	f
information_schema	sql_parts	r	13510	5	comments	information_schema.character_data	f
information_schema	sql_sizing	r	13515	1	sizing_id	information_schema.cardinal_number	f
information_schema	sql_sizing	r	13515	2	sizing_name	information_schema.character_data	f
information_schema	sql_sizing	r	13515	3	supported_value	information_schema.cardinal_number	f
information_schema	sql_sizing	r	13515	4	comments	information_schema.character_data	f
information_schema	table_constraints	v	13520	1	constraint_catalog	information_schema.sql_identifier	f
information_schema	table_constraints	v	13520	2	constraint_schema	information_schema.sql_identifier	f
information_schema	table_constraints	v	13520	3	constraint_name	information_schema.sql_identifier	f
information_schema	table_constraints	v	13520	4	table_catalog	information_schema.sql_identifier	f
information_schema	table_constraints	v	13520	5	table_schema	information_schema.sql_identifier	f
information_schema	table_constraints	v	13520	6	table_name	information_schema.sql_identifier	f
information_schema	table_constraints	v	13520	7	constraint_type	information_schema.character_data	f
information_schema	table_constraints	v	13520	8	is_deferrable	information_schema.yes_or_no	f
information_schema	table_constraints	v	13520	9	initially_deferred	information_schema.yes_or_no	f
information_schema	table_constraints	v	13520	10	enforced	information_schema.yes_or_no	f
information_schema	table_constraints	v	13520	11	nulls_distinct	information_schema.yes_or_no	f
information_schema	table_privileges	v	13525	1	grantor	information_schema.sql_identifier	f
information_schema	table_privileges	v	13525	2	grantee	information_schema.sql_identifier	f
information_schema	table_privileges	v	13525	3	table_catalog	information_schema.sql_identifier	f
information_schema	table_privileges	v	13525	4	table_schema	information_schema.sql_identifier	f
information_schema	table_privileges	v	13525	5	table_name	information_schema.sql_identifier	f
information_schema	table_privileges	v	13525	6	privilege_type	information_schema.character_data	f
information_schema	table_privileges	v	13525	7	is_grantable	information_schema.yes_or_no	f
information_schema	table_privileges	v	13525	8	with_hierarchy	information_schema.yes_or_no	f
information_schema	tables	v	13534	1	table_catalog	information_schema.sql_identifier	f
information_schema	tables	v	13534	2	table_schema	information_schema.sql_identifier	f
information_schema	tables	v	13534	3	table_name	information_schema.sql_identifier	f
information_schema	tables	v	13534	4	table_type	information_schema.character_data	f
information_schema	tables	v	13534	5	self_referencing_column_name	information_schema.sql_identifier	f
information_schema	tables	v	13534	6	reference_generation	information_schema.character_data	f
information_schema	tables	v	13534	7	user_defined_type_catalog	information_schema.sql_identifier	f
information_schema	tables	v	13534	8	user_defined_type_schema	information_schema.sql_identifier	f
information_schema	tables	v	13534	9	user_defined_type_name	information_schema.sql_identifier	f
information_schema	tables	v	13534	10	is_insertable_into	information_schema.yes_or_no	f
information_schema	tables	v	13534	11	is_typed	information_schema.yes_or_no	f
information_schema	tables	v	13534	12	commit_action	information_schema.character_data	f
information_schema	transforms	v	13539	1	udt_catalog	information_schema.sql_identifier	f
information_schema	transforms	v	13539	2	udt_schema	information_schema.sql_identifier	f
information_schema	transforms	v	13539	3	udt_name	information_schema.sql_identifier	f
information_schema	transforms	v	13539	4	specific_catalog	information_schema.sql_identifier	f
information_schema	transforms	v	13539	5	specific_schema	information_schema.sql_identifier	f
information_schema	transforms	v	13539	6	specific_name	information_schema.sql_identifier	f
information_schema	transforms	v	13539	7	group_name	information_schema.sql_identifier	f
information_schema	transforms	v	13539	8	transform_type	information_schema.character_data	f
information_schema	triggered_update_columns	v	13544	1	trigger_catalog	information_schema.sql_identifier	f
information_schema	triggered_update_columns	v	13544	2	trigger_schema	information_schema.sql_identifier	f
information_schema	triggered_update_columns	v	13544	3	trigger_name	information_schema.sql_identifier	f
information_schema	triggered_update_columns	v	13544	4	event_object_catalog	information_schema.sql_identifier	f
information_schema	triggered_update_columns	v	13544	5	event_object_schema	information_schema.sql_identifier	f
information_schema	triggered_update_columns	v	13544	6	event_object_table	information_schema.sql_identifier	f
information_schema	triggered_update_columns	v	13544	7	event_object_column	information_schema.sql_identifier	f
information_schema	triggers	v	13549	1	trigger_catalog	information_schema.sql_identifier	f
information_schema	triggers	v	13549	2	trigger_schema	information_schema.sql_identifier	f
information_schema	triggers	v	13549	3	trigger_name	information_schema.sql_identifier	f
information_schema	triggers	v	13549	4	event_manipulation	information_schema.character_data	f
information_schema	triggers	v	13549	5	event_object_catalog	information_schema.sql_identifier	f
information_schema	triggers	v	13549	6	event_object_schema	information_schema.sql_identifier	f
information_schema	triggers	v	13549	7	event_object_table	information_schema.sql_identifier	f
information_schema	triggers	v	13549	8	action_order	information_schema.cardinal_number	f
information_schema	triggers	v	13549	9	action_condition	information_schema.character_data	f
information_schema	triggers	v	13549	10	action_statement	information_schema.character_data	f
information_schema	triggers	v	13549	11	action_orientation	information_schema.character_data	f
information_schema	triggers	v	13549	12	action_timing	information_schema.character_data	f
information_schema	triggers	v	13549	13	action_reference_old_table	information_schema.sql_identifier	f
information_schema	triggers	v	13549	14	action_reference_new_table	information_schema.sql_identifier	f
information_schema	triggers	v	13549	15	action_reference_old_row	information_schema.sql_identifier	f
information_schema	triggers	v	13549	16	action_reference_new_row	information_schema.sql_identifier	f
information_schema	triggers	v	13549	17	created	information_schema.time_stamp	f
information_schema	udt_privileges	v	13554	1	grantor	information_schema.sql_identifier	f
information_schema	udt_privileges	v	13554	2	grantee	information_schema.sql_identifier	f
information_schema	udt_privileges	v	13554	3	udt_catalog	information_schema.sql_identifier	f
information_schema	udt_privileges	v	13554	4	udt_schema	information_schema.sql_identifier	f
information_schema	udt_privileges	v	13554	5	udt_name	information_schema.sql_identifier	f
information_schema	udt_privileges	v	13554	6	privilege_type	information_schema.character_data	f
information_schema	udt_privileges	v	13554	7	is_grantable	information_schema.yes_or_no	f
information_schema	usage_privileges	v	13563	1	grantor	information_schema.sql_identifier	f
information_schema	usage_privileges	v	13563	2	grantee	information_schema.sql_identifier	f
information_schema	usage_privileges	v	13563	3	object_catalog	information_schema.sql_identifier	f
information_schema	usage_privileges	v	13563	4	object_schema	information_schema.sql_identifier	f
information_schema	usage_privileges	v	13563	5	object_name	information_schema.sql_identifier	f
information_schema	usage_privileges	v	13563	6	object_type	information_schema.character_data	f
information_schema	usage_privileges	v	13563	7	privilege_type	information_schema.character_data	f
information_schema	usage_privileges	v	13563	8	is_grantable	information_schema.yes_or_no	f
information_schema	user_defined_types	v	13572	1	user_defined_type_catalog	information_schema.sql_identifier	f
information_schema	user_defined_types	v	13572	2	user_defined_type_schema	information_schema.sql_identifier	f
information_schema	user_defined_types	v	13572	3	user_defined_type_name	information_schema.sql_identifier	f
information_schema	user_defined_types	v	13572	4	user_defined_type_category	information_schema.character_data	f
information_schema	user_defined_types	v	13572	5	is_instantiable	information_schema.yes_or_no	f
information_schema	user_defined_types	v	13572	6	is_final	information_schema.yes_or_no	f
information_schema	user_defined_types	v	13572	7	ordering_form	information_schema.character_data	f
information_schema	user_defined_types	v	13572	8	ordering_category	information_schema.character_data	f
information_schema	user_defined_types	v	13572	9	ordering_routine_catalog	information_schema.sql_identifier	f
information_schema	user_defined_types	v	13572	10	ordering_routine_schema	information_schema.sql_identifier	f
information_schema	user_defined_types	v	13572	11	ordering_routine_name	information_schema.sql_identifier	f
information_schema	user_defined_types	v	13572	12	reference_type	information_schema.character_data	f
information_schema	user_defined_types	v	13572	13	data_type	information_schema.character_data	f
information_schema	user_defined_types	v	13572	14	character_maximum_length	information_schema.cardinal_number	f
information_schema	user_defined_types	v	13572	15	character_octet_length	information_schema.cardinal_number	f
information_schema	user_defined_types	v	13572	16	character_set_catalog	information_schema.sql_identifier	f
information_schema	user_defined_types	v	13572	17	character_set_schema	information_schema.sql_identifier	f
information_schema	user_defined_types	v	13572	18	character_set_name	information_schema.sql_identifier	f
information_schema	user_defined_types	v	13572	19	collation_catalog	information_schema.sql_identifier	f
information_schema	user_defined_types	v	13572	20	collation_schema	information_schema.sql_identifier	f
information_schema	user_defined_types	v	13572	21	collation_name	information_schema.sql_identifier	f
information_schema	user_defined_types	v	13572	22	numeric_precision	information_schema.cardinal_number	f
information_schema	user_defined_types	v	13572	23	numeric_precision_radix	information_schema.cardinal_number	f
information_schema	user_defined_types	v	13572	24	numeric_scale	information_schema.cardinal_number	f
information_schema	user_defined_types	v	13572	25	datetime_precision	information_schema.cardinal_number	f
information_schema	user_defined_types	v	13572	26	interval_type	information_schema.character_data	f
information_schema	user_defined_types	v	13572	27	interval_precision	information_schema.cardinal_number	f
information_schema	user_defined_types	v	13572	28	source_dtd_identifier	information_schema.sql_identifier	f
information_schema	user_defined_types	v	13572	29	ref_dtd_identifier	information_schema.sql_identifier	f
information_schema	user_mapping_options	v	13658	1	authorization_identifier	information_schema.sql_identifier	f
information_schema	user_mapping_options	v	13658	2	foreign_server_catalog	information_schema.sql_identifier	f
information_schema	user_mapping_options	v	13658	3	foreign_server_name	information_schema.sql_identifier	f
information_schema	user_mapping_options	v	13658	4	option_name	information_schema.sql_identifier	f
information_schema	user_mapping_options	v	13658	5	option_value	information_schema.character_data	f
information_schema	user_mappings	v	13663	1	authorization_identifier	information_schema.sql_identifier	f
information_schema	user_mappings	v	13663	2	foreign_server_catalog	information_schema.sql_identifier	f
information_schema	user_mappings	v	13663	3	foreign_server_name	information_schema.sql_identifier	f
information_schema	view_column_usage	v	13577	1	view_catalog	information_schema.sql_identifier	f
information_schema	view_column_usage	v	13577	2	view_schema	information_schema.sql_identifier	f
information_schema	view_column_usage	v	13577	3	view_name	information_schema.sql_identifier	f
information_schema	view_column_usage	v	13577	4	table_catalog	information_schema.sql_identifier	f
information_schema	view_column_usage	v	13577	5	table_schema	information_schema.sql_identifier	f
information_schema	view_column_usage	v	13577	6	table_name	information_schema.sql_identifier	f
information_schema	view_column_usage	v	13577	7	column_name	information_schema.sql_identifier	f
information_schema	view_routine_usage	v	13582	1	table_catalog	information_schema.sql_identifier	f
information_schema	view_routine_usage	v	13582	2	table_schema	information_schema.sql_identifier	f
information_schema	view_routine_usage	v	13582	3	table_name	information_schema.sql_identifier	f
information_schema	view_routine_usage	v	13582	4	specific_catalog	information_schema.sql_identifier	f
information_schema	view_routine_usage	v	13582	5	specific_schema	information_schema.sql_identifier	f
information_schema	view_routine_usage	v	13582	6	specific_name	information_schema.sql_identifier	f
information_schema	view_table_usage	v	13587	1	view_catalog	information_schema.sql_identifier	f
information_schema	view_table_usage	v	13587	2	view_schema	information_schema.sql_identifier	f
information_schema	view_table_usage	v	13587	3	view_name	information_schema.sql_identifier	f
information_schema	view_table_usage	v	13587	4	table_catalog	information_schema.sql_identifier	f
information_schema	view_table_usage	v	13587	5	table_schema	information_schema.sql_identifier	f
information_schema	view_table_usage	v	13587	6	table_name	information_schema.sql_identifier	f
information_schema	views	v	13592	1	table_catalog	information_schema.sql_identifier	f
information_schema	views	v	13592	2	table_schema	information_schema.sql_identifier	f
information_schema	views	v	13592	3	table_name	information_schema.sql_identifier	f
information_schema	views	v	13592	4	view_definition	information_schema.character_data	f
information_schema	views	v	13592	5	check_option	information_schema.character_data	f
information_schema	views	v	13592	6	is_updatable	information_schema.yes_or_no	f
information_schema	views	v	13592	7	is_insertable_into	information_schema.yes_or_no	f
information_schema	views	v	13592	8	is_trigger_updatable	information_schema.yes_or_no	f
information_schema	views	v	13592	9	is_trigger_deletable	information_schema.yes_or_no	f
information_schema	views	v	13592	10	is_trigger_insertable_into	information_schema.yes_or_no	f
pg_catalog	pg_aggregate	r	2600	1	aggfnoid	regproc	t
pg_catalog	pg_aggregate	r	2600	2	aggkind	"char"	t
pg_catalog	pg_aggregate	r	2600	3	aggnumdirectargs	smallint	t
pg_catalog	pg_aggregate	r	2600	4	aggtransfn	regproc	t
pg_catalog	pg_aggregate	r	2600	5	aggfinalfn	regproc	t
pg_catalog	pg_aggregate	r	2600	6	aggcombinefn	regproc	t
pg_catalog	pg_aggregate	r	2600	7	aggserialfn	regproc	t
pg_catalog	pg_aggregate	r	2600	8	aggdeserialfn	regproc	t
pg_catalog	pg_aggregate	r	2600	9	aggmtransfn	regproc	t
pg_catalog	pg_aggregate	r	2600	10	aggminvtransfn	regproc	t
pg_catalog	pg_aggregate	r	2600	11	aggmfinalfn	regproc	t
pg_catalog	pg_aggregate	r	2600	12	aggfinalextra	boolean	t
pg_catalog	pg_aggregate	r	2600	13	aggmfinalextra	boolean	t
pg_catalog	pg_aggregate	r	2600	14	aggfinalmodify	"char"	t
pg_catalog	pg_aggregate	r	2600	15	aggmfinalmodify	"char"	t
pg_catalog	pg_aggregate	r	2600	16	aggsortop	oid	t
pg_catalog	pg_aggregate	r	2600	17	aggtranstype	oid	t
pg_catalog	pg_aggregate	r	2600	18	aggtransspace	integer	t
pg_catalog	pg_aggregate	r	2600	19	aggmtranstype	oid	t
pg_catalog	pg_aggregate	r	2600	20	aggmtransspace	integer	t
pg_catalog	pg_aggregate	r	2600	21	agginitval	text	f
pg_catalog	pg_aggregate	r	2600	22	aggminitval	text	f
pg_catalog	pg_am	r	2601	1	oid	oid	t
pg_catalog	pg_am	r	2601	2	amname	name	t
pg_catalog	pg_am	r	2601	3	amhandler	regproc	t
pg_catalog	pg_am	r	2601	4	amtype	"char"	t
pg_catalog	pg_amop	r	2602	1	oid	oid	t
pg_catalog	pg_amop	r	2602	2	amopfamily	oid	t
pg_catalog	pg_amop	r	2602	3	amoplefttype	oid	t
pg_catalog	pg_amop	r	2602	4	amoprighttype	oid	t
pg_catalog	pg_amop	r	2602	5	amopstrategy	smallint	t
pg_catalog	pg_amop	r	2602	6	amoppurpose	"char"	t
pg_catalog	pg_amop	r	2602	7	amopopr	oid	t
pg_catalog	pg_amop	r	2602	8	amopmethod	oid	t
pg_catalog	pg_amop	r	2602	9	amopsortfamily	oid	t
pg_catalog	pg_amproc	r	2603	1	oid	oid	t
pg_catalog	pg_amproc	r	2603	2	amprocfamily	oid	t
pg_catalog	pg_amproc	r	2603	3	amproclefttype	oid	t
pg_catalog	pg_amproc	r	2603	4	amprocrighttype	oid	t
pg_catalog	pg_amproc	r	2603	5	amprocnum	smallint	t
pg_catalog	pg_amproc	r	2603	6	amproc	regproc	t
pg_catalog	pg_attrdef	r	2604	1	oid	oid	t
pg_catalog	pg_attrdef	r	2604	2	adrelid	oid	t
pg_catalog	pg_attrdef	r	2604	3	adnum	smallint	t
pg_catalog	pg_attrdef	r	2604	4	adbin	pg_node_tree	t
pg_catalog	pg_attribute	r	1249	1	attrelid	oid	t
pg_catalog	pg_attribute	r	1249	2	attname	name	t
pg_catalog	pg_attribute	r	1249	3	atttypid	oid	t
pg_catalog	pg_attribute	r	1249	4	attlen	smallint	t
pg_catalog	pg_attribute	r	1249	5	attnum	smallint	t
pg_catalog	pg_attribute	r	1249	6	attcacheoff	integer	t
pg_catalog	pg_attribute	r	1249	7	atttypmod	integer	t
pg_catalog	pg_attribute	r	1249	8	attndims	smallint	t
pg_catalog	pg_attribute	r	1249	9	attbyval	boolean	t
pg_catalog	pg_attribute	r	1249	10	attalign	"char"	t
pg_catalog	pg_attribute	r	1249	11	attstorage	"char"	t
pg_catalog	pg_attribute	r	1249	12	attcompression	"char"	t
pg_catalog	pg_attribute	r	1249	13	attnotnull	boolean	t
pg_catalog	pg_attribute	r	1249	14	atthasdef	boolean	t
pg_catalog	pg_attribute	r	1249	15	atthasmissing	boolean	t
pg_catalog	pg_attribute	r	1249	16	attidentity	"char"	t
pg_catalog	pg_attribute	r	1249	17	attgenerated	"char"	t
pg_catalog	pg_attribute	r	1249	18	attisdropped	boolean	t
pg_catalog	pg_attribute	r	1249	19	attislocal	boolean	t
pg_catalog	pg_attribute	r	1249	20	attinhcount	smallint	t
pg_catalog	pg_attribute	r	1249	21	attcollation	oid	t
pg_catalog	pg_attribute	r	1249	22	attstattarget	smallint	f
pg_catalog	pg_attribute	r	1249	23	attacl	aclitem[]	f
pg_catalog	pg_attribute	r	1249	24	attoptions	text[]	f
pg_catalog	pg_attribute	r	1249	25	attfdwoptions	text[]	f
pg_catalog	pg_attribute	r	1249	26	attmissingval	anyarray	f
pg_catalog	pg_auth_members	r	1261	1	oid	oid	t
pg_catalog	pg_auth_members	r	1261	2	roleid	oid	t
pg_catalog	pg_auth_members	r	1261	3	member	oid	t
pg_catalog	pg_auth_members	r	1261	4	grantor	oid	t
pg_catalog	pg_auth_members	r	1261	5	admin_option	boolean	t
pg_catalog	pg_auth_members	r	1261	6	inherit_option	boolean	t
pg_catalog	pg_auth_members	r	1261	7	set_option	boolean	t
pg_catalog	pg_authid	r	1260	1	oid	oid	t
pg_catalog	pg_authid	r	1260	2	rolname	name	t
pg_catalog	pg_authid	r	1260	3	rolsuper	boolean	t
pg_catalog	pg_authid	r	1260	4	rolinherit	boolean	t
pg_catalog	pg_authid	r	1260	5	rolcreaterole	boolean	t
pg_catalog	pg_authid	r	1260	6	rolcreatedb	boolean	t
pg_catalog	pg_authid	r	1260	7	rolcanlogin	boolean	t
pg_catalog	pg_authid	r	1260	8	rolreplication	boolean	t
pg_catalog	pg_authid	r	1260	9	rolbypassrls	boolean	t
pg_catalog	pg_authid	r	1260	10	rolconnlimit	integer	t
pg_catalog	pg_authid	r	1260	11	rolpassword	text	f
pg_catalog	pg_authid	r	1260	12	rolvaliduntil	timestamp with time zone	f
pg_catalog	pg_available_extension_versions	v	12085	1	name	name	f
pg_catalog	pg_available_extension_versions	v	12085	2	version	text	f
pg_catalog	pg_available_extension_versions	v	12085	3	installed	boolean	f
pg_catalog	pg_available_extension_versions	v	12085	4	superuser	boolean	f
pg_catalog	pg_available_extension_versions	v	12085	5	trusted	boolean	f
pg_catalog	pg_available_extension_versions	v	12085	6	relocatable	boolean	f
pg_catalog	pg_available_extension_versions	v	12085	7	schema	name	f
pg_catalog	pg_available_extension_versions	v	12085	8	requires	name[]	f
pg_catalog	pg_available_extension_versions	v	12085	9	comment	text	f
pg_catalog	pg_available_extensions	v	12081	1	name	name	f
pg_catalog	pg_available_extensions	v	12081	2	default_version	text	f
pg_catalog	pg_available_extensions	v	12081	3	installed_version	text	f
pg_catalog	pg_available_extensions	v	12081	4	comment	text	f
pg_catalog	pg_backend_memory_contexts	v	12138	1	name	text	f
pg_catalog	pg_backend_memory_contexts	v	12138	2	ident	text	f
pg_catalog	pg_backend_memory_contexts	v	12138	3	parent	text	f
pg_catalog	pg_backend_memory_contexts	v	12138	4	level	integer	f
pg_catalog	pg_backend_memory_contexts	v	12138	5	total_bytes	bigint	f
pg_catalog	pg_backend_memory_contexts	v	12138	6	total_nblocks	bigint	f
pg_catalog	pg_backend_memory_contexts	v	12138	7	free_bytes	bigint	f
pg_catalog	pg_backend_memory_contexts	v	12138	8	free_chunks	bigint	f
pg_catalog	pg_backend_memory_contexts	v	12138	9	used_bytes	bigint	f
pg_catalog	pg_cast	r	2605	1	oid	oid	t
pg_catalog	pg_cast	r	2605	2	castsource	oid	t
pg_catalog	pg_cast	r	2605	3	casttarget	oid	t
pg_catalog	pg_cast	r	2605	4	castfunc	oid	t
pg_catalog	pg_cast	r	2605	5	castcontext	"char"	t
pg_catalog	pg_cast	r	2605	6	castmethod	"char"	t
pg_catalog	pg_class	r	1259	1	oid	oid	t
pg_catalog	pg_class	r	1259	2	relname	name	t
pg_catalog	pg_class	r	1259	3	relnamespace	oid	t
pg_catalog	pg_class	r	1259	4	reltype	oid	t
pg_catalog	pg_class	r	1259	5	reloftype	oid	t
pg_catalog	pg_class	r	1259	6	relowner	oid	t
pg_catalog	pg_class	r	1259	7	relam	oid	t
pg_catalog	pg_class	r	1259	8	relfilenode	oid	t
pg_catalog	pg_class	r	1259	9	reltablespace	oid	t
pg_catalog	pg_class	r	1259	10	relpages	integer	t
pg_catalog	pg_class	r	1259	11	reltuples	real	t
pg_catalog	pg_class	r	1259	12	relallvisible	integer	t
pg_catalog	pg_class	r	1259	13	reltoastrelid	oid	t
pg_catalog	pg_class	r	1259	14	relhasindex	boolean	t
pg_catalog	pg_class	r	1259	15	relisshared	boolean	t
pg_catalog	pg_class	r	1259	16	relpersistence	"char"	t
pg_catalog	pg_class	r	1259	17	relkind	"char"	t
pg_catalog	pg_class	r	1259	18	relnatts	smallint	t
pg_catalog	pg_class	r	1259	19	relchecks	smallint	t
pg_catalog	pg_class	r	1259	20	relhasrules	boolean	t
pg_catalog	pg_class	r	1259	21	relhastriggers	boolean	t
pg_catalog	pg_class	r	1259	22	relhassubclass	boolean	t
pg_catalog	pg_class	r	1259	23	relrowsecurity	boolean	t
pg_catalog	pg_class	r	1259	24	relforcerowsecurity	boolean	t
pg_catalog	pg_class	r	1259	25	relispopulated	boolean	t
pg_catalog	pg_class	r	1259	26	relreplident	"char"	t
pg_catalog	pg_class	r	1259	27	relispartition	boolean	t
pg_catalog	pg_class	r	1259	28	relrewrite	oid	t
pg_catalog	pg_class	r	1259	29	relfrozenxid	xid	t
pg_catalog	pg_class	r	1259	30	relminmxid	xid	t
pg_catalog	pg_class	r	1259	31	relacl	aclitem[]	f
pg_catalog	pg_class	r	1259	32	reloptions	text[]	f
pg_catalog	pg_class	r	1259	33	relpartbound	pg_node_tree	f
pg_catalog	pg_collation	r	3456	1	oid	oid	t
pg_catalog	pg_collation	r	3456	2	collname	name	t
pg_catalog	pg_collation	r	3456	3	collnamespace	oid	t
pg_catalog	pg_collation	r	3456	4	collowner	oid	t
pg_catalog	pg_collation	r	3456	5	collprovider	"char"	t
pg_catalog	pg_collation	r	3456	6	collisdeterministic	boolean	t
pg_catalog	pg_collation	r	3456	7	collencoding	integer	t
pg_catalog	pg_collation	r	3456	8	collcollate	text	f
pg_catalog	pg_collation	r	3456	9	collctype	text	f
pg_catalog	pg_collation	r	3456	10	colllocale	text	f
pg_catalog	pg_collation	r	3456	11	collicurules	text	f
pg_catalog	pg_collation	r	3456	12	collversion	text	f
pg_catalog	pg_config	v	12130	1	name	text	f
pg_catalog	pg_config	v	12130	2	setting	text	f
pg_catalog	pg_constraint	r	2606	1	oid	oid	t
pg_catalog	pg_constraint	r	2606	2	conname	name	t
pg_catalog	pg_constraint	r	2606	3	connamespace	oid	t
pg_catalog	pg_constraint	r	2606	4	contype	"char"	t
pg_catalog	pg_constraint	r	2606	5	condeferrable	boolean	t
pg_catalog	pg_constraint	r	2606	6	condeferred	boolean	t
pg_catalog	pg_constraint	r	2606	7	convalidated	boolean	t
pg_catalog	pg_constraint	r	2606	8	conrelid	oid	t
pg_catalog	pg_constraint	r	2606	9	contypid	oid	t
pg_catalog	pg_constraint	r	2606	10	conindid	oid	t
pg_catalog	pg_constraint	r	2606	11	conparentid	oid	t
pg_catalog	pg_constraint	r	2606	12	confrelid	oid	t
pg_catalog	pg_constraint	r	2606	13	confupdtype	"char"	t
pg_catalog	pg_constraint	r	2606	14	confdeltype	"char"	t
pg_catalog	pg_constraint	r	2606	15	confmatchtype	"char"	t
pg_catalog	pg_constraint	r	2606	16	conislocal	boolean	t
pg_catalog	pg_constraint	r	2606	17	coninhcount	smallint	t
pg_catalog	pg_constraint	r	2606	18	connoinherit	boolean	t
pg_catalog	pg_constraint	r	2606	19	conkey	smallint[]	f
pg_catalog	pg_constraint	r	2606	20	confkey	smallint[]	f
pg_catalog	pg_constraint	r	2606	21	conpfeqop	oid[]	f
pg_catalog	pg_constraint	r	2606	22	conppeqop	oid[]	f
pg_catalog	pg_constraint	r	2606	23	conffeqop	oid[]	f
pg_catalog	pg_constraint	r	2606	24	confdelsetcols	smallint[]	f
pg_catalog	pg_constraint	r	2606	25	conexclop	oid[]	f
pg_catalog	pg_constraint	r	2606	26	conbin	pg_node_tree	f
pg_catalog	pg_conversion	r	2607	1	oid	oid	t
pg_catalog	pg_conversion	r	2607	2	conname	name	t
pg_catalog	pg_conversion	r	2607	3	connamespace	oid	t
pg_catalog	pg_conversion	r	2607	4	conowner	oid	t
pg_catalog	pg_conversion	r	2607	5	conforencoding	integer	t
pg_catalog	pg_conversion	r	2607	6	contoencoding	integer	t
pg_catalog	pg_conversion	r	2607	7	conproc	regproc	t
pg_catalog	pg_conversion	r	2607	8	condefault	boolean	t
pg_catalog	pg_cursors	v	12077	1	name	text	f
pg_catalog	pg_cursors	v	12077	2	statement	text	f
pg_catalog	pg_cursors	v	12077	3	is_holdable	boolean	f
pg_catalog	pg_cursors	v	12077	4	is_binary	boolean	f
pg_catalog	pg_cursors	v	12077	5	is_scrollable	boolean	f
pg_catalog	pg_cursors	v	12077	6	creation_time	timestamp with time zone	f
pg_catalog	pg_database	r	1262	1	oid	oid	t
pg_catalog	pg_database	r	1262	2	datname	name	t
pg_catalog	pg_database	r	1262	3	datdba	oid	t
pg_catalog	pg_database	r	1262	4	encoding	integer	t
pg_catalog	pg_database	r	1262	5	datlocprovider	"char"	t
pg_catalog	pg_database	r	1262	6	datistemplate	boolean	t
pg_catalog	pg_database	r	1262	7	datallowconn	boolean	t
pg_catalog	pg_database	r	1262	8	dathasloginevt	boolean	t
pg_catalog	pg_database	r	1262	9	datconnlimit	integer	t
pg_catalog	pg_database	r	1262	10	datfrozenxid	xid	t
pg_catalog	pg_database	r	1262	11	datminmxid	xid	t
pg_catalog	pg_database	r	1262	12	dattablespace	oid	t
pg_catalog	pg_database	r	1262	13	datcollate	text	t
pg_catalog	pg_database	r	1262	14	datctype	text	t
pg_catalog	pg_database	r	1262	15	datlocale	text	f
pg_catalog	pg_database	r	1262	16	daticurules	text	f
pg_catalog	pg_database	r	1262	17	datcollversion	text	f
pg_catalog	pg_database	r	1262	18	datacl	aclitem[]	f
pg_catalog	pg_db_role_setting	r	2964	1	setdatabase	oid	t
pg_catalog	pg_db_role_setting	r	2964	2	setrole	oid	t
pg_catalog	pg_db_role_setting	r	2964	3	setconfig	text[]	f
pg_catalog	pg_default_acl	r	826	1	oid	oid	t
pg_catalog	pg_default_acl	r	826	2	defaclrole	oid	t
pg_catalog	pg_default_acl	r	826	3	defaclnamespace	oid	t
pg_catalog	pg_default_acl	r	826	4	defaclobjtype	"char"	t
pg_catalog	pg_default_acl	r	826	5	defaclacl	aclitem[]	t
pg_catalog	pg_depend	r	2608	1	classid	oid	t
pg_catalog	pg_depend	r	2608	2	objid	oid	t
pg_catalog	pg_depend	r	2608	3	objsubid	integer	t
pg_catalog	pg_depend	r	2608	4	refclassid	oid	t
pg_catalog	pg_depend	r	2608	5	refobjid	oid	t
pg_catalog	pg_depend	r	2608	6	refobjsubid	integer	t
pg_catalog	pg_depend	r	2608	7	deptype	"char"	t
pg_catalog	pg_description	r	2609	1	objoid	oid	t
pg_catalog	pg_description	r	2609	2	classoid	oid	t
pg_catalog	pg_description	r	2609	3	objsubid	integer	t
pg_catalog	pg_description	r	2609	4	description	text	t
pg_catalog	pg_enum	r	3501	1	oid	oid	t
pg_catalog	pg_enum	r	3501	2	enumtypid	oid	t
pg_catalog	pg_enum	r	3501	3	enumsortorder	real	t
pg_catalog	pg_enum	r	3501	4	enumlabel	name	t
pg_catalog	pg_event_trigger	r	3466	1	oid	oid	t
pg_catalog	pg_event_trigger	r	3466	2	evtname	name	t
pg_catalog	pg_event_trigger	r	3466	3	evtevent	name	t
pg_catalog	pg_event_trigger	r	3466	4	evtowner	oid	t
pg_catalog	pg_event_trigger	r	3466	5	evtfoid	oid	t
pg_catalog	pg_event_trigger	r	3466	6	evtenabled	"char"	t
pg_catalog	pg_event_trigger	r	3466	7	evttags	text[]	f
pg_catalog	pg_extension	r	3079	1	oid	oid	t
pg_catalog	pg_extension	r	3079	2	extname	name	t
pg_catalog	pg_extension	r	3079	3	extowner	oid	t
pg_catalog	pg_extension	r	3079	4	extnamespace	oid	t
pg_catalog	pg_extension	r	3079	5	extrelocatable	boolean	t
pg_catalog	pg_extension	r	3079	6	extversion	text	t
pg_catalog	pg_extension	r	3079	7	extconfig	oid[]	f
pg_catalog	pg_extension	r	3079	8	extcondition	text[]	f
pg_catalog	pg_file_settings	v	12110	1	sourcefile	text	f
pg_catalog	pg_file_settings	v	12110	2	sourceline	integer	f
pg_catalog	pg_file_settings	v	12110	3	seqno	integer	f
pg_catalog	pg_file_settings	v	12110	4	name	text	f
pg_catalog	pg_file_settings	v	12110	5	setting	text	f
pg_catalog	pg_file_settings	v	12110	6	applied	boolean	f
pg_catalog	pg_file_settings	v	12110	7	error	text	f
pg_catalog	pg_foreign_data_wrapper	r	2328	1	oid	oid	t
pg_catalog	pg_foreign_data_wrapper	r	2328	2	fdwname	name	t
pg_catalog	pg_foreign_data_wrapper	r	2328	3	fdwowner	oid	t
pg_catalog	pg_foreign_data_wrapper	r	2328	4	fdwhandler	oid	t
pg_catalog	pg_foreign_data_wrapper	r	2328	5	fdwvalidator	oid	t
pg_catalog	pg_foreign_data_wrapper	r	2328	6	fdwacl	aclitem[]	f
pg_catalog	pg_foreign_data_wrapper	r	2328	7	fdwoptions	text[]	f
pg_catalog	pg_foreign_server	r	1417	1	oid	oid	t
pg_catalog	pg_foreign_server	r	1417	2	srvname	name	t
pg_catalog	pg_foreign_server	r	1417	3	srvowner	oid	t
pg_catalog	pg_foreign_server	r	1417	4	srvfdw	oid	t
pg_catalog	pg_foreign_server	r	1417	5	srvtype	text	f
pg_catalog	pg_foreign_server	r	1417	6	srvversion	text	f
pg_catalog	pg_foreign_server	r	1417	7	srvacl	aclitem[]	f
pg_catalog	pg_foreign_server	r	1417	8	srvoptions	text[]	f
pg_catalog	pg_foreign_table	r	3118	1	ftrelid	oid	t
pg_catalog	pg_foreign_table	r	3118	2	ftserver	oid	t
pg_catalog	pg_foreign_table	r	3118	3	ftoptions	text[]	f
pg_catalog	pg_group	v	12010	1	groname	name	f
pg_catalog	pg_group	v	12010	2	grosysid	oid	f
pg_catalog	pg_group	v	12010	3	grolist	oid[]	f
pg_catalog	pg_hba_file_rules	v	12114	1	rule_number	integer	f
pg_catalog	pg_hba_file_rules	v	12114	2	file_name	text	f
pg_catalog	pg_hba_file_rules	v	12114	3	line_number	integer	f
pg_catalog	pg_hba_file_rules	v	12114	4	type	text	f
pg_catalog	pg_hba_file_rules	v	12114	5	database	text[]	f
pg_catalog	pg_hba_file_rules	v	12114	6	user_name	text[]	f
pg_catalog	pg_hba_file_rules	v	12114	7	address	text	f
pg_catalog	pg_hba_file_rules	v	12114	8	netmask	text	f
pg_catalog	pg_hba_file_rules	v	12114	9	auth_method	text	f
pg_catalog	pg_hba_file_rules	v	12114	10	options	text[]	f
pg_catalog	pg_hba_file_rules	v	12114	11	error	text	f
pg_catalog	pg_ident_file_mappings	v	12118	1	map_number	integer	f
pg_catalog	pg_ident_file_mappings	v	12118	2	file_name	text	f
pg_catalog	pg_ident_file_mappings	v	12118	3	line_number	integer	f
pg_catalog	pg_ident_file_mappings	v	12118	4	map_name	text	f
pg_catalog	pg_ident_file_mappings	v	12118	5	sys_name	text	f
pg_catalog	pg_ident_file_mappings	v	12118	6	pg_username	text	f
pg_catalog	pg_ident_file_mappings	v	12118	7	error	text	f
pg_catalog	pg_index	r	2610	1	indexrelid	oid	t
pg_catalog	pg_index	r	2610	2	indrelid	oid	t
pg_catalog	pg_index	r	2610	3	indnatts	smallint	t
pg_catalog	pg_index	r	2610	4	indnkeyatts	smallint	t
pg_catalog	pg_index	r	2610	5	indisunique	boolean	t
pg_catalog	pg_index	r	2610	6	indnullsnotdistinct	boolean	t
pg_catalog	pg_index	r	2610	7	indisprimary	boolean	t
pg_catalog	pg_index	r	2610	8	indisexclusion	boolean	t
pg_catalog	pg_index	r	2610	9	indimmediate	boolean	t
pg_catalog	pg_index	r	2610	10	indisclustered	boolean	t
pg_catalog	pg_index	r	2610	11	indisvalid	boolean	t
pg_catalog	pg_index	r	2610	12	indcheckxmin	boolean	t
pg_catalog	pg_index	r	2610	13	indisready	boolean	t
pg_catalog	pg_index	r	2610	14	indislive	boolean	t
pg_catalog	pg_index	r	2610	15	indisreplident	boolean	t
pg_catalog	pg_index	r	2610	16	indkey	int2vector	t
pg_catalog	pg_index	r	2610	17	indcollation	oidvector	t
pg_catalog	pg_index	r	2610	18	indclass	oidvector	t
pg_catalog	pg_index	r	2610	19	indoption	int2vector	t
pg_catalog	pg_index	r	2610	20	indexprs	pg_node_tree	f
pg_catalog	pg_index	r	2610	21	indpred	pg_node_tree	f
pg_catalog	pg_indexes	v	12043	1	schemaname	name	f
pg_catalog	pg_indexes	v	12043	2	tablename	name	f
pg_catalog	pg_indexes	v	12043	3	indexname	name	f
pg_catalog	pg_indexes	v	12043	4	tablespace	name	f
pg_catalog	pg_indexes	v	12043	5	indexdef	text	f
pg_catalog	pg_inherits	r	2611	1	inhrelid	oid	t
pg_catalog	pg_inherits	r	2611	2	inhparent	oid	t
pg_catalog	pg_inherits	r	2611	3	inhseqno	integer	t
pg_catalog	pg_inherits	r	2611	4	inhdetachpending	boolean	t
pg_catalog	pg_init_privs	r	3394	1	objoid	oid	t
pg_catalog	pg_init_privs	r	3394	2	classoid	oid	t
pg_catalog	pg_init_privs	r	3394	3	objsubid	integer	t
pg_catalog	pg_init_privs	r	3394	4	privtype	"char"	t
pg_catalog	pg_init_privs	r	3394	5	initprivs	aclitem[]	t
pg_catalog	pg_language	r	2612	1	oid	oid	t
pg_catalog	pg_language	r	2612	2	lanname	name	t
pg_catalog	pg_language	r	2612	3	lanowner	oid	t
pg_catalog	pg_language	r	2612	4	lanispl	boolean	t
pg_catalog	pg_language	r	2612	5	lanpltrusted	boolean	t
pg_catalog	pg_language	r	2612	6	lanplcallfoid	oid	t
pg_catalog	pg_language	r	2612	7	laninline	oid	t
pg_catalog	pg_language	r	2612	8	lanvalidator	oid	t
pg_catalog	pg_language	r	2612	9	lanacl	aclitem[]	f
pg_catalog	pg_largeobject	r	2613	1	loid	oid	t
pg_catalog	pg_largeobject	r	2613	2	pageno	integer	t
pg_catalog	pg_largeobject	r	2613	3	data	bytea	t
pg_catalog	pg_largeobject_metadata	r	2995	1	oid	oid	t
pg_catalog	pg_largeobject_metadata	r	2995	2	lomowner	oid	t
pg_catalog	pg_largeobject_metadata	r	2995	3	lomacl	aclitem[]	f
pg_catalog	pg_locks	v	12073	1	locktype	text	f
pg_catalog	pg_locks	v	12073	2	database	oid	f
pg_catalog	pg_locks	v	12073	3	relation	oid	f
pg_catalog	pg_locks	v	12073	4	page	integer	f
pg_catalog	pg_locks	v	12073	5	tuple	smallint	f
pg_catalog	pg_locks	v	12073	6	virtualxid	text	f
pg_catalog	pg_locks	v	12073	7	transactionid	xid	f
pg_catalog	pg_locks	v	12073	8	classid	oid	f
pg_catalog	pg_locks	v	12073	9	objid	oid	f
pg_catalog	pg_locks	v	12073	10	objsubid	smallint	f
pg_catalog	pg_locks	v	12073	11	virtualtransaction	text	f
pg_catalog	pg_locks	v	12073	12	pid	integer	f
pg_catalog	pg_locks	v	12073	13	mode	text	f
pg_catalog	pg_locks	v	12073	14	granted	boolean	f
pg_catalog	pg_locks	v	12073	15	fastpath	boolean	f
pg_catalog	pg_locks	v	12073	16	waitstart	timestamp with time zone	f
pg_catalog	pg_matviews	v	12038	1	schemaname	name	f
pg_catalog	pg_matviews	v	12038	2	matviewname	name	f
pg_catalog	pg_matviews	v	12038	3	matviewowner	name	f
pg_catalog	pg_matviews	v	12038	4	tablespace	name	f
pg_catalog	pg_matviews	v	12038	5	hasindexes	boolean	f
pg_catalog	pg_matviews	v	12038	6	ispopulated	boolean	f
pg_catalog	pg_matviews	v	12038	7	definition	text	f
pg_catalog	pg_namespace	r	2615	1	oid	oid	t
pg_catalog	pg_namespace	r	2615	2	nspname	name	t
pg_catalog	pg_namespace	r	2615	3	nspowner	oid	t
pg_catalog	pg_namespace	r	2615	4	nspacl	aclitem[]	f
pg_catalog	pg_opclass	r	2616	1	oid	oid	t
pg_catalog	pg_opclass	r	2616	2	opcmethod	oid	t
pg_catalog	pg_opclass	r	2616	3	opcname	name	t
pg_catalog	pg_opclass	r	2616	4	opcnamespace	oid	t
pg_catalog	pg_opclass	r	2616	5	opcowner	oid	t
pg_catalog	pg_opclass	r	2616	6	opcfamily	oid	t
pg_catalog	pg_opclass	r	2616	7	opcintype	oid	t
pg_catalog	pg_opclass	r	2616	8	opcdefault	boolean	t
pg_catalog	pg_opclass	r	2616	9	opckeytype	oid	t
pg_catalog	pg_operator	r	2617	1	oid	oid	t
pg_catalog	pg_operator	r	2617	2	oprname	name	t
pg_catalog	pg_operator	r	2617	3	oprnamespace	oid	t
pg_catalog	pg_operator	r	2617	4	oprowner	oid	t
pg_catalog	pg_operator	r	2617	5	oprkind	"char"	t
pg_catalog	pg_operator	r	2617	6	oprcanmerge	boolean	t
pg_catalog	pg_operator	r	2617	7	oprcanhash	boolean	t
pg_catalog	pg_operator	r	2617	8	oprleft	oid	t
pg_catalog	pg_operator	r	2617	9	oprright	oid	t
pg_catalog	pg_operator	r	2617	10	oprresult	oid	t
pg_catalog	pg_operator	r	2617	11	oprcom	oid	t
pg_catalog	pg_operator	r	2617	12	oprnegate	oid	t
pg_catalog	pg_operator	r	2617	13	oprcode	regproc	t
pg_catalog	pg_operator	r	2617	14	oprrest	regproc	t
pg_catalog	pg_operator	r	2617	15	oprjoin	regproc	t
pg_catalog	pg_opfamily	r	2753	1	oid	oid	t
pg_catalog	pg_opfamily	r	2753	2	opfmethod	oid	t
pg_catalog	pg_opfamily	r	2753	3	opfname	name	t
pg_catalog	pg_opfamily	r	2753	4	opfnamespace	oid	t
pg_catalog	pg_opfamily	r	2753	5	opfowner	oid	t
pg_catalog	pg_parameter_acl	r	6243	1	oid	oid	t
pg_catalog	pg_parameter_acl	r	6243	2	parname	text	t
pg_catalog	pg_parameter_acl	r	6243	3	paracl	aclitem[]	f
pg_catalog	pg_partitioned_table	r	3350	1	partrelid	oid	t
pg_catalog	pg_partitioned_table	r	3350	2	partstrat	"char"	t
pg_catalog	pg_partitioned_table	r	3350	3	partnatts	smallint	t
pg_catalog	pg_partitioned_table	r	3350	4	partdefid	oid	t
pg_catalog	pg_partitioned_table	r	3350	5	partattrs	int2vector	t
pg_catalog	pg_partitioned_table	r	3350	6	partclass	oidvector	t
pg_catalog	pg_partitioned_table	r	3350	7	partcollation	oidvector	t
pg_catalog	pg_partitioned_table	r	3350	8	partexprs	pg_node_tree	f
pg_catalog	pg_policies	v	12018	1	schemaname	name	f
pg_catalog	pg_policies	v	12018	2	tablename	name	f
pg_catalog	pg_policies	v	12018	3	policyname	name	f
pg_catalog	pg_policies	v	12018	4	permissive	text	f
pg_catalog	pg_policies	v	12018	5	roles	name[]	f
pg_catalog	pg_policies	v	12018	6	cmd	text	f
pg_catalog	pg_policies	v	12018	7	qual	text	f
pg_catalog	pg_policies	v	12018	8	with_check	text	f
pg_catalog	pg_policy	r	3256	1	oid	oid	t
pg_catalog	pg_policy	r	3256	2	polname	name	t
pg_catalog	pg_policy	r	3256	3	polrelid	oid	t
pg_catalog	pg_policy	r	3256	4	polcmd	"char"	t
pg_catalog	pg_policy	r	3256	5	polpermissive	boolean	t
pg_catalog	pg_policy	r	3256	6	polroles	oid[]	t
pg_catalog	pg_policy	r	3256	7	polqual	pg_node_tree	f
pg_catalog	pg_policy	r	3256	8	polwithcheck	pg_node_tree	f
pg_catalog	pg_prepared_statements	v	12095	1	name	text	f
pg_catalog	pg_prepared_statements	v	12095	2	statement	text	f
pg_catalog	pg_prepared_statements	v	12095	3	prepare_time	timestamp with time zone	f
pg_catalog	pg_prepared_statements	v	12095	4	parameter_types	regtype[]	f
pg_catalog	pg_prepared_statements	v	12095	5	result_types	regtype[]	f
pg_catalog	pg_prepared_statements	v	12095	6	from_sql	boolean	f
pg_catalog	pg_prepared_statements	v	12095	7	generic_plans	bigint	f
pg_catalog	pg_prepared_statements	v	12095	8	custom_plans	bigint	f
pg_catalog	pg_prepared_xacts	v	12090	1	transaction	xid	f
pg_catalog	pg_prepared_xacts	v	12090	2	gid	text	f
pg_catalog	pg_prepared_xacts	v	12090	3	prepared	timestamp with time zone	f
pg_catalog	pg_prepared_xacts	v	12090	4	owner	name	f
pg_catalog	pg_prepared_xacts	v	12090	5	database	name	f
pg_catalog	pg_proc	r	1255	1	oid	oid	t
pg_catalog	pg_proc	r	1255	2	proname	name	t
pg_catalog	pg_proc	r	1255	3	pronamespace	oid	t
pg_catalog	pg_proc	r	1255	4	proowner	oid	t
pg_catalog	pg_proc	r	1255	5	prolang	oid	t
pg_catalog	pg_proc	r	1255	6	procost	real	t
pg_catalog	pg_proc	r	1255	7	prorows	real	t
pg_catalog	pg_proc	r	1255	8	provariadic	oid	t
pg_catalog	pg_proc	r	1255	9	prosupport	regproc	t
pg_catalog	pg_proc	r	1255	10	prokind	"char"	t
pg_catalog	pg_proc	r	1255	11	prosecdef	boolean	t
pg_catalog	pg_proc	r	1255	12	proleakproof	boolean	t
pg_catalog	pg_proc	r	1255	13	proisstrict	boolean	t
pg_catalog	pg_proc	r	1255	14	proretset	boolean	t
pg_catalog	pg_proc	r	1255	15	provolatile	"char"	t
pg_catalog	pg_proc	r	1255	16	proparallel	"char"	t
pg_catalog	pg_proc	r	1255	17	pronargs	smallint	t
pg_catalog	pg_proc	r	1255	18	pronargdefaults	smallint	t
pg_catalog	pg_proc	r	1255	19	prorettype	oid	t
pg_catalog	pg_proc	r	1255	20	proargtypes	oidvector	t
pg_catalog	pg_proc	r	1255	21	proallargtypes	oid[]	f
pg_catalog	pg_proc	r	1255	22	proargmodes	"char"[]	f
pg_catalog	pg_proc	r	1255	23	proargnames	text[]	f
pg_catalog	pg_proc	r	1255	24	proargdefaults	pg_node_tree	f
pg_catalog	pg_proc	r	1255	25	protrftypes	oid[]	f
pg_catalog	pg_proc	r	1255	26	prosrc	text	t
pg_catalog	pg_proc	r	1255	27	probin	text	f
pg_catalog	pg_proc	r	1255	28	prosqlbody	pg_node_tree	f
pg_catalog	pg_proc	r	1255	29	proconfig	text[]	f
pg_catalog	pg_proc	r	1255	30	proacl	aclitem[]	f
pg_catalog	pg_publication	r	6104	1	oid	oid	t
pg_catalog	pg_publication	r	6104	2	pubname	name	t
pg_catalog	pg_publication	r	6104	3	pubowner	oid	t
pg_catalog	pg_publication	r	6104	4	puballtables	boolean	t
pg_catalog	pg_publication	r	6104	5	pubinsert	boolean	t
pg_catalog	pg_publication	r	6104	6	pubupdate	boolean	t
pg_catalog	pg_publication	r	6104	7	pubdelete	boolean	t
pg_catalog	pg_publication	r	6104	8	pubtruncate	boolean	t
pg_catalog	pg_publication	r	6104	9	pubviaroot	boolean	t
pg_catalog	pg_publication_namespace	r	6237	1	oid	oid	t
pg_catalog	pg_publication_namespace	r	6237	2	pnpubid	oid	t
pg_catalog	pg_publication_namespace	r	6237	3	pnnspid	oid	t
pg_catalog	pg_publication_rel	r	6106	1	oid	oid	t
pg_catalog	pg_publication_rel	r	6106	2	prpubid	oid	t
pg_catalog	pg_publication_rel	r	6106	3	prrelid	oid	t
pg_catalog	pg_publication_rel	r	6106	4	prqual	pg_node_tree	f
pg_catalog	pg_publication_rel	r	6106	5	prattrs	int2vector	f
pg_catalog	pg_publication_tables	v	12068	1	pubname	name	f
pg_catalog	pg_publication_tables	v	12068	2	schemaname	name	f
pg_catalog	pg_publication_tables	v	12068	3	tablename	name	f
pg_catalog	pg_publication_tables	v	12068	4	attnames	name[]	f
pg_catalog	pg_publication_tables	v	12068	5	rowfilter	text	f
pg_catalog	pg_range	r	3541	1	rngtypid	oid	t
pg_catalog	pg_range	r	3541	2	rngsubtype	oid	t
pg_catalog	pg_range	r	3541	3	rngmultitypid	oid	t
pg_catalog	pg_range	r	3541	4	rngcollation	oid	t
pg_catalog	pg_range	r	3541	5	rngsubopc	oid	t
pg_catalog	pg_range	r	3541	6	rngcanonical	regproc	t
pg_catalog	pg_range	r	3541	7	rngsubdiff	regproc	t
pg_catalog	pg_replication_origin	r	6000	1	roident	oid	t
pg_catalog	pg_replication_origin	r	6000	2	roname	text	t
pg_catalog	pg_replication_origin_status	v	12339	1	local_id	oid	f
pg_catalog	pg_replication_origin_status	v	12339	2	external_id	text	f
pg_catalog	pg_replication_origin_status	v	12339	3	remote_lsn	pg_lsn	f
pg_catalog	pg_replication_origin_status	v	12339	4	local_lsn	pg_lsn	f
pg_catalog	pg_replication_slots	v	12257	1	slot_name	name	f
pg_catalog	pg_replication_slots	v	12257	2	plugin	name	f
pg_catalog	pg_replication_slots	v	12257	3	slot_type	text	f
pg_catalog	pg_replication_slots	v	12257	4	datoid	oid	f
pg_catalog	pg_replication_slots	v	12257	5	database	name	f
pg_catalog	pg_replication_slots	v	12257	6	temporary	boolean	f
pg_catalog	pg_replication_slots	v	12257	7	active	boolean	f
pg_catalog	pg_replication_slots	v	12257	8	active_pid	integer	f
pg_catalog	pg_replication_slots	v	12257	9	xmin	xid	f
pg_catalog	pg_replication_slots	v	12257	10	catalog_xmin	xid	f
pg_catalog	pg_replication_slots	v	12257	11	restart_lsn	pg_lsn	f
pg_catalog	pg_replication_slots	v	12257	12	confirmed_flush_lsn	pg_lsn	f
pg_catalog	pg_replication_slots	v	12257	13	wal_status	text	f
pg_catalog	pg_replication_slots	v	12257	14	safe_wal_size	bigint	f
pg_catalog	pg_replication_slots	v	12257	15	two_phase	boolean	f
pg_catalog	pg_replication_slots	v	12257	16	inactive_since	timestamp with time zone	f
pg_catalog	pg_replication_slots	v	12257	17	conflicting	boolean	f
pg_catalog	pg_replication_slots	v	12257	18	invalidation_reason	text	f
pg_catalog	pg_replication_slots	v	12257	19	failover	boolean	f
pg_catalog	pg_replication_slots	v	12257	20	synced	boolean	f
pg_catalog	pg_rewrite	r	2618	1	oid	oid	t
pg_catalog	pg_rewrite	r	2618	2	rulename	name	t
pg_catalog	pg_rewrite	r	2618	3	ev_class	oid	t
pg_catalog	pg_rewrite	r	2618	4	ev_type	"char"	t
pg_catalog	pg_rewrite	r	2618	5	ev_enabled	"char"	t
pg_catalog	pg_rewrite	r	2618	6	is_instead	boolean	t
pg_catalog	pg_rewrite	r	2618	7	ev_qual	pg_node_tree	t
pg_catalog	pg_rewrite	r	2618	8	ev_action	pg_node_tree	t
pg_catalog	pg_roles	v	12000	1	rolname	name	f
pg_catalog	pg_roles	v	12000	2	rolsuper	boolean	f
pg_catalog	pg_roles	v	12000	3	rolinherit	boolean	f
pg_catalog	pg_roles	v	12000	4	rolcreaterole	boolean	f
pg_catalog	pg_roles	v	12000	5	rolcreatedb	boolean	f
pg_catalog	pg_roles	v	12000	6	rolcanlogin	boolean	f
pg_catalog	pg_roles	v	12000	7	rolreplication	boolean	f
pg_catalog	pg_roles	v	12000	8	rolconnlimit	integer	f
pg_catalog	pg_roles	v	12000	9	rolpassword	text	f
pg_catalog	pg_roles	v	12000	10	rolvaliduntil	timestamp with time zone	f
pg_catalog	pg_roles	v	12000	11	rolbypassrls	boolean	f
pg_catalog	pg_roles	v	12000	12	rolconfig	text[]	f
pg_catalog	pg_roles	v	12000	13	oid	oid	f
pg_catalog	pg_rules	v	12023	1	schemaname	name	f
pg_catalog	pg_rules	v	12023	2	tablename	name	f
pg_catalog	pg_rules	v	12023	3	rulename	name	f
pg_catalog	pg_rules	v	12023	4	definition	text	f
pg_catalog	pg_seclabel	r	3596	1	objoid	oid	t
pg_catalog	pg_seclabel	r	3596	2	classoid	oid	t
pg_catalog	pg_seclabel	r	3596	3	objsubid	integer	t
pg_catalog	pg_seclabel	r	3596	4	provider	text	t
pg_catalog	pg_seclabel	r	3596	5	label	text	t
pg_catalog	pg_seclabels	v	12099	1	objoid	oid	f
pg_catalog	pg_seclabels	v	12099	2	classoid	oid	f
pg_catalog	pg_seclabels	v	12099	3	objsubid	integer	f
pg_catalog	pg_seclabels	v	12099	4	objtype	text	f
pg_catalog	pg_seclabels	v	12099	5	objnamespace	oid	f
pg_catalog	pg_seclabels	v	12099	6	objname	text	f
pg_catalog	pg_seclabels	v	12099	7	provider	text	f
pg_catalog	pg_seclabels	v	12099	8	label	text	f
pg_catalog	pg_sequence	r	2224	1	seqrelid	oid	t
pg_catalog	pg_sequence	r	2224	2	seqtypid	oid	t
pg_catalog	pg_sequence	r	2224	3	seqstart	bigint	t
pg_catalog	pg_sequence	r	2224	4	seqincrement	bigint	t
pg_catalog	pg_sequence	r	2224	5	seqmax	bigint	t
pg_catalog	pg_sequence	r	2224	6	seqmin	bigint	t
pg_catalog	pg_sequence	r	2224	7	seqcache	bigint	t
pg_catalog	pg_sequence	r	2224	8	seqcycle	boolean	t
pg_catalog	pg_sequences	v	12048	1	schemaname	name	f
pg_catalog	pg_sequences	v	12048	2	sequencename	name	f
pg_catalog	pg_sequences	v	12048	3	sequenceowner	name	f
pg_catalog	pg_sequences	v	12048	4	data_type	regtype	f
pg_catalog	pg_sequences	v	12048	5	start_value	bigint	f
pg_catalog	pg_sequences	v	12048	6	min_value	bigint	f
pg_catalog	pg_sequences	v	12048	7	max_value	bigint	f
pg_catalog	pg_sequences	v	12048	8	increment_by	bigint	f
pg_catalog	pg_sequences	v	12048	9	cycle	boolean	f
pg_catalog	pg_sequences	v	12048	10	cache_size	bigint	f
pg_catalog	pg_sequences	v	12048	11	last_value	bigint	f
pg_catalog	pg_settings	v	12104	1	name	text	f
pg_catalog	pg_settings	v	12104	2	setting	text	f
pg_catalog	pg_settings	v	12104	3	unit	text	f
pg_catalog	pg_settings	v	12104	4	category	text	f
pg_catalog	pg_settings	v	12104	5	short_desc	text	f
pg_catalog	pg_settings	v	12104	6	extra_desc	text	f
pg_catalog	pg_settings	v	12104	7	context	text	f
pg_catalog	pg_settings	v	12104	8	vartype	text	f
pg_catalog	pg_settings	v	12104	9	source	text	f
pg_catalog	pg_settings	v	12104	10	min_val	text	f
pg_catalog	pg_settings	v	12104	11	max_val	text	f
pg_catalog	pg_settings	v	12104	12	enumvals	text[]	f
pg_catalog	pg_settings	v	12104	13	boot_val	text	f
pg_catalog	pg_settings	v	12104	14	reset_val	text	f
pg_catalog	pg_settings	v	12104	15	sourcefile	text	f
pg_catalog	pg_settings	v	12104	16	sourceline	integer	f
pg_catalog	pg_settings	v	12104	17	pending_restart	boolean	f
pg_catalog	pg_shadow	v	12005	1	usename	name	f
pg_catalog	pg_shadow	v	12005	2	usesysid	oid	f
pg_catalog	pg_shadow	v	12005	3	usecreatedb	boolean	f
pg_catalog	pg_shadow	v	12005	4	usesuper	boolean	f
pg_catalog	pg_shadow	v	12005	5	userepl	boolean	f
pg_catalog	pg_shadow	v	12005	6	usebypassrls	boolean	f
pg_catalog	pg_shadow	v	12005	7	passwd	text	f
pg_catalog	pg_shadow	v	12005	8	valuntil	timestamp with time zone	f
pg_catalog	pg_shadow	v	12005	9	useconfig	text[]	f
pg_catalog	pg_shdepend	r	1214	1	dbid	oid	t
pg_catalog	pg_shdepend	r	1214	2	classid	oid	t
pg_catalog	pg_shdepend	r	1214	3	objid	oid	t
pg_catalog	pg_shdepend	r	1214	4	objsubid	integer	t
pg_catalog	pg_shdepend	r	1214	5	refclassid	oid	t
pg_catalog	pg_shdepend	r	1214	6	refobjid	oid	t
pg_catalog	pg_shdepend	r	1214	7	deptype	"char"	t
pg_catalog	pg_shdescription	r	2396	1	objoid	oid	t
pg_catalog	pg_shdescription	r	2396	2	classoid	oid	t
pg_catalog	pg_shdescription	r	2396	3	description	text	t
pg_catalog	pg_shmem_allocations	v	12134	1	name	text	f
pg_catalog	pg_shmem_allocations	v	12134	2	off	bigint	f
pg_catalog	pg_shmem_allocations	v	12134	3	size	bigint	f
pg_catalog	pg_shmem_allocations	v	12134	4	allocated_size	bigint	f
pg_catalog	pg_shseclabel	r	3592	1	objoid	oid	t
pg_catalog	pg_shseclabel	r	3592	2	classoid	oid	t
pg_catalog	pg_shseclabel	r	3592	3	provider	text	t
pg_catalog	pg_shseclabel	r	3592	4	label	text	t
pg_catalog	pg_stat_activity	v	12222	1	datid	oid	f
pg_catalog	pg_stat_activity	v	12222	2	datname	name	f
pg_catalog	pg_stat_activity	v	12222	3	pid	integer	f
pg_catalog	pg_stat_activity	v	12222	4	leader_pid	integer	f
pg_catalog	pg_stat_activity	v	12222	5	usesysid	oid	f
pg_catalog	pg_stat_activity	v	12222	6	usename	name	f
pg_catalog	pg_stat_activity	v	12222	7	application_name	text	f
pg_catalog	pg_stat_activity	v	12222	8	client_addr	inet	f
pg_catalog	pg_stat_activity	v	12222	9	client_hostname	text	f
pg_catalog	pg_stat_activity	v	12222	10	client_port	integer	f
pg_catalog	pg_stat_activity	v	12222	11	backend_start	timestamp with time zone	f
pg_catalog	pg_stat_activity	v	12222	12	xact_start	timestamp with time zone	f
pg_catalog	pg_stat_activity	v	12222	13	query_start	timestamp with time zone	f
pg_catalog	pg_stat_activity	v	12222	14	state_change	timestamp with time zone	f
pg_catalog	pg_stat_activity	v	12222	15	wait_event_type	text	f
pg_catalog	pg_stat_activity	v	12222	16	wait_event	text	f
pg_catalog	pg_stat_activity	v	12222	17	state	text	f
pg_catalog	pg_stat_activity	v	12222	18	backend_xid	xid	f
pg_catalog	pg_stat_activity	v	12222	19	backend_xmin	xid	f
pg_catalog	pg_stat_activity	v	12222	20	query_id	bigint	f
pg_catalog	pg_stat_activity	v	12222	21	query	text	f
pg_catalog	pg_stat_activity	v	12222	22	backend_type	text	f
pg_catalog	pg_stat_all_indexes	v	12183	1	relid	oid	f
pg_catalog	pg_stat_all_indexes	v	12183	2	indexrelid	oid	f
pg_catalog	pg_stat_all_indexes	v	12183	3	schemaname	name	f
pg_catalog	pg_stat_all_indexes	v	12183	4	relname	name	f
pg_catalog	pg_stat_all_indexes	v	12183	5	indexrelname	name	f
pg_catalog	pg_stat_all_indexes	v	12183	6	idx_scan	bigint	f
pg_catalog	pg_stat_all_indexes	v	12183	7	last_idx_scan	timestamp with time zone	f
pg_catalog	pg_stat_all_indexes	v	12183	8	idx_tup_read	bigint	f
pg_catalog	pg_stat_all_indexes	v	12183	9	idx_tup_fetch	bigint	f
pg_catalog	pg_stat_all_tables	v	12142	1	relid	oid	f
pg_catalog	pg_stat_all_tables	v	12142	2	schemaname	name	f
pg_catalog	pg_stat_all_tables	v	12142	3	relname	name	f
pg_catalog	pg_stat_all_tables	v	12142	4	seq_scan	bigint	f
pg_catalog	pg_stat_all_tables	v	12142	5	last_seq_scan	timestamp with time zone	f
pg_catalog	pg_stat_all_tables	v	12142	6	seq_tup_read	bigint	f
pg_catalog	pg_stat_all_tables	v	12142	7	idx_scan	bigint	f
pg_catalog	pg_stat_all_tables	v	12142	8	last_idx_scan	timestamp with time zone	f
pg_catalog	pg_stat_all_tables	v	12142	9	idx_tup_fetch	bigint	f
pg_catalog	pg_stat_all_tables	v	12142	10	n_tup_ins	bigint	f
pg_catalog	pg_stat_all_tables	v	12142	11	n_tup_upd	bigint	f
pg_catalog	pg_stat_all_tables	v	12142	12	n_tup_del	bigint	f
pg_catalog	pg_stat_all_tables	v	12142	13	n_tup_hot_upd	bigint	f
pg_catalog	pg_stat_all_tables	v	12142	14	n_tup_newpage_upd	bigint	f
pg_catalog	pg_stat_all_tables	v	12142	15	n_live_tup	bigint	f
pg_catalog	pg_stat_all_tables	v	12142	16	n_dead_tup	bigint	f
pg_catalog	pg_stat_all_tables	v	12142	17	n_mod_since_analyze	bigint	f
pg_catalog	pg_stat_all_tables	v	12142	18	n_ins_since_vacuum	bigint	f
pg_catalog	pg_stat_all_tables	v	12142	19	last_vacuum	timestamp with time zone	f
pg_catalog	pg_stat_all_tables	v	12142	20	last_autovacuum	timestamp with time zone	f
pg_catalog	pg_stat_all_tables	v	12142	21	last_analyze	timestamp with time zone	f
pg_catalog	pg_stat_all_tables	v	12142	22	last_autoanalyze	timestamp with time zone	f
pg_catalog	pg_stat_all_tables	v	12142	23	vacuum_count	bigint	f
pg_catalog	pg_stat_all_tables	v	12142	24	autovacuum_count	bigint	f
pg_catalog	pg_stat_all_tables	v	12142	25	analyze_count	bigint	f
pg_catalog	pg_stat_all_tables	v	12142	26	autoanalyze_count	bigint	f
pg_catalog	pg_stat_archiver	v	12285	1	archived_count	bigint	f
pg_catalog	pg_stat_archiver	v	12285	2	last_archived_wal	text	f
pg_catalog	pg_stat_archiver	v	12285	3	last_archived_time	timestamp with time zone	f
pg_catalog	pg_stat_archiver	v	12285	4	failed_count	bigint	f
pg_catalog	pg_stat_archiver	v	12285	5	last_failed_wal	text	f
pg_catalog	pg_stat_archiver	v	12285	6	last_failed_time	timestamp with time zone	f
pg_catalog	pg_stat_archiver	v	12285	7	stats_reset	timestamp with time zone	f
pg_catalog	pg_stat_bgwriter	v	12289	1	buffers_clean	bigint	f
pg_catalog	pg_stat_bgwriter	v	12289	2	maxwritten_clean	bigint	f
pg_catalog	pg_stat_bgwriter	v	12289	3	buffers_alloc	bigint	f
pg_catalog	pg_stat_bgwriter	v	12289	4	stats_reset	timestamp with time zone	f
pg_catalog	pg_stat_checkpointer	v	12293	1	num_timed	bigint	f
pg_catalog	pg_stat_checkpointer	v	12293	2	num_requested	bigint	f
pg_catalog	pg_stat_checkpointer	v	12293	3	restartpoints_timed	bigint	f
pg_catalog	pg_stat_checkpointer	v	12293	4	restartpoints_req	bigint	f
pg_catalog	pg_stat_checkpointer	v	12293	5	restartpoints_done	bigint	f
pg_catalog	pg_stat_checkpointer	v	12293	6	write_time	double precision	f
pg_catalog	pg_stat_checkpointer	v	12293	7	sync_time	double precision	f
pg_catalog	pg_stat_checkpointer	v	12293	8	buffers_written	bigint	f
pg_catalog	pg_stat_checkpointer	v	12293	9	stats_reset	timestamp with time zone	f
pg_catalog	pg_stat_database	v	12266	1	datid	oid	f
pg_catalog	pg_stat_database	v	12266	2	datname	name	f
pg_catalog	pg_stat_database	v	12266	3	numbackends	integer	f
pg_catalog	pg_stat_database	v	12266	4	xact_commit	bigint	f
pg_catalog	pg_stat_database	v	12266	5	xact_rollback	bigint	f
pg_catalog	pg_stat_database	v	12266	6	blks_read	bigint	f
pg_catalog	pg_stat_database	v	12266	7	blks_hit	bigint	f
pg_catalog	pg_stat_database	v	12266	8	tup_returned	bigint	f
pg_catalog	pg_stat_database	v	12266	9	tup_fetched	bigint	f
pg_catalog	pg_stat_database	v	12266	10	tup_inserted	bigint	f
pg_catalog	pg_stat_database	v	12266	11	tup_updated	bigint	f
pg_catalog	pg_stat_database	v	12266	12	tup_deleted	bigint	f
pg_catalog	pg_stat_database	v	12266	13	conflicts	bigint	f
pg_catalog	pg_stat_database	v	12266	14	temp_files	bigint	f
pg_catalog	pg_stat_database	v	12266	15	temp_bytes	bigint	f
pg_catalog	pg_stat_database	v	12266	16	deadlocks	bigint	f
pg_catalog	pg_stat_database	v	12266	17	checksum_failures	bigint	f
pg_catalog	pg_stat_database	v	12266	18	checksum_last_failure	timestamp with time zone	f
pg_catalog	pg_stat_database	v	12266	19	blk_read_time	double precision	f
pg_catalog	pg_stat_database	v	12266	20	blk_write_time	double precision	f
pg_catalog	pg_stat_database	v	12266	21	session_time	double precision	f
pg_catalog	pg_stat_database	v	12266	22	active_time	double precision	f
pg_catalog	pg_stat_database	v	12266	23	idle_in_transaction_time	double precision	f
pg_catalog	pg_stat_database	v	12266	24	sessions	bigint	f
pg_catalog	pg_stat_database	v	12266	25	sessions_abandoned	bigint	f
pg_catalog	pg_stat_database	v	12266	26	sessions_fatal	bigint	f
pg_catalog	pg_stat_database	v	12266	27	sessions_killed	bigint	f
pg_catalog	pg_stat_database	v	12266	28	stats_reset	timestamp with time zone	f
pg_catalog	pg_stat_database_conflicts	v	12271	1	datid	oid	f
pg_catalog	pg_stat_database_conflicts	v	12271	2	datname	name	f
pg_catalog	pg_stat_database_conflicts	v	12271	3	confl_tablespace	bigint	f
pg_catalog	pg_stat_database_conflicts	v	12271	4	confl_lock	bigint	f
pg_catalog	pg_stat_database_conflicts	v	12271	5	confl_snapshot	bigint	f
pg_catalog	pg_stat_database_conflicts	v	12271	6	confl_bufferpin	bigint	f
pg_catalog	pg_stat_database_conflicts	v	12271	7	confl_deadlock	bigint	f
pg_catalog	pg_stat_database_conflicts	v	12271	8	confl_active_logicalslot	bigint	f
pg_catalog	pg_stat_gssapi	v	12253	1	pid	integer	f
pg_catalog	pg_stat_gssapi	v	12253	2	gss_authenticated	boolean	f
pg_catalog	pg_stat_gssapi	v	12253	3	principal	text	f
pg_catalog	pg_stat_gssapi	v	12253	4	encrypted	boolean	f
pg_catalog	pg_stat_gssapi	v	12253	5	credentials_delegated	boolean	f
pg_catalog	pg_stat_io	v	12297	1	backend_type	text	f
pg_catalog	pg_stat_io	v	12297	2	object	text	f
pg_catalog	pg_stat_io	v	12297	3	context	text	f
pg_catalog	pg_stat_io	v	12297	4	reads	bigint	f
pg_catalog	pg_stat_io	v	12297	5	read_time	double precision	f
pg_catalog	pg_stat_io	v	12297	6	writes	bigint	f
pg_catalog	pg_stat_io	v	12297	7	write_time	double precision	f
pg_catalog	pg_stat_io	v	12297	8	writebacks	bigint	f
pg_catalog	pg_stat_io	v	12297	9	writeback_time	double precision	f
pg_catalog	pg_stat_io	v	12297	10	extends	bigint	f
pg_catalog	pg_stat_io	v	12297	11	extend_time	double precision	f
pg_catalog	pg_stat_io	v	12297	12	op_bytes	bigint	f
pg_catalog	pg_stat_io	v	12297	13	hits	bigint	f
pg_catalog	pg_stat_io	v	12297	14	evictions	bigint	f
pg_catalog	pg_stat_io	v	12297	15	reuses	bigint	f
pg_catalog	pg_stat_io	v	12297	16	fsyncs	bigint	f
pg_catalog	pg_stat_io	v	12297	17	fsync_time	double precision	f
pg_catalog	pg_stat_io	v	12297	18	stats_reset	timestamp with time zone	f
pg_catalog	pg_stat_progress_analyze	v	12305	1	pid	integer	f
pg_catalog	pg_stat_progress_analyze	v	12305	2	datid	oid	f
pg_catalog	pg_stat_progress_analyze	v	12305	3	datname	name	f
pg_catalog	pg_stat_progress_analyze	v	12305	4	relid	oid	f
pg_catalog	pg_stat_progress_analyze	v	12305	5	phase	text	f
pg_catalog	pg_stat_progress_analyze	v	12305	6	sample_blks_total	bigint	f
pg_catalog	pg_stat_progress_analyze	v	12305	7	sample_blks_scanned	bigint	f
pg_catalog	pg_stat_progress_analyze	v	12305	8	ext_stats_total	bigint	f
pg_catalog	pg_stat_progress_analyze	v	12305	9	ext_stats_computed	bigint	f
pg_catalog	pg_stat_progress_analyze	v	12305	10	child_tables_total	bigint	f
pg_catalog	pg_stat_progress_analyze	v	12305	11	child_tables_done	bigint	f
pg_catalog	pg_stat_progress_analyze	v	12305	12	current_child_table_relid	oid	f
pg_catalog	pg_stat_progress_basebackup	v	12325	1	pid	integer	f
pg_catalog	pg_stat_progress_basebackup	v	12325	2	phase	text	f
pg_catalog	pg_stat_progress_basebackup	v	12325	3	backup_total	bigint	f
pg_catalog	pg_stat_progress_basebackup	v	12325	4	backup_streamed	bigint	f
pg_catalog	pg_stat_progress_basebackup	v	12325	5	tablespaces_total	bigint	f
pg_catalog	pg_stat_progress_basebackup	v	12325	6	tablespaces_streamed	bigint	f
pg_catalog	pg_stat_progress_cluster	v	12315	1	pid	integer	f
pg_catalog	pg_stat_progress_cluster	v	12315	2	datid	oid	f
pg_catalog	pg_stat_progress_cluster	v	12315	3	datname	name	f
pg_catalog	pg_stat_progress_cluster	v	12315	4	relid	oid	f
pg_catalog	pg_stat_progress_cluster	v	12315	5	command	text	f
pg_catalog	pg_stat_progress_cluster	v	12315	6	phase	text	f
pg_catalog	pg_stat_progress_cluster	v	12315	7	cluster_index_relid	oid	f
pg_catalog	pg_stat_progress_cluster	v	12315	8	heap_tuples_scanned	bigint	f
pg_catalog	pg_stat_progress_cluster	v	12315	9	heap_tuples_written	bigint	f
pg_catalog	pg_stat_progress_cluster	v	12315	10	heap_blks_total	bigint	f
pg_catalog	pg_stat_progress_cluster	v	12315	11	heap_blks_scanned	bigint	f
pg_catalog	pg_stat_progress_cluster	v	12315	12	index_rebuild_count	bigint	f
pg_catalog	pg_stat_progress_copy	v	12329	1	pid	integer	f
pg_catalog	pg_stat_progress_copy	v	12329	2	datid	oid	f
pg_catalog	pg_stat_progress_copy	v	12329	3	datname	name	f
pg_catalog	pg_stat_progress_copy	v	12329	4	relid	oid	f
pg_catalog	pg_stat_progress_copy	v	12329	5	command	text	f
pg_catalog	pg_stat_progress_copy	v	12329	6	type	text	f
pg_catalog	pg_stat_progress_copy	v	12329	7	bytes_processed	bigint	f
pg_catalog	pg_stat_progress_copy	v	12329	8	bytes_total	bigint	f
pg_catalog	pg_stat_progress_copy	v	12329	9	tuples_processed	bigint	f
pg_catalog	pg_stat_progress_copy	v	12329	10	tuples_excluded	bigint	f
pg_catalog	pg_stat_progress_copy	v	12329	11	tuples_skipped	bigint	f
pg_catalog	pg_stat_progress_create_index	v	12320	1	pid	integer	f
pg_catalog	pg_stat_progress_create_index	v	12320	2	datid	oid	f
pg_catalog	pg_stat_progress_create_index	v	12320	3	datname	name	f
pg_catalog	pg_stat_progress_create_index	v	12320	4	relid	oid	f
pg_catalog	pg_stat_progress_create_index	v	12320	5	index_relid	oid	f
pg_catalog	pg_stat_progress_create_index	v	12320	6	command	text	f
pg_catalog	pg_stat_progress_create_index	v	12320	7	phase	text	f
pg_catalog	pg_stat_progress_create_index	v	12320	8	lockers_total	bigint	f
pg_catalog	pg_stat_progress_create_index	v	12320	9	lockers_done	bigint	f
pg_catalog	pg_stat_progress_create_index	v	12320	10	current_locker_pid	bigint	f
pg_catalog	pg_stat_progress_create_index	v	12320	11	blocks_total	bigint	f
pg_catalog	pg_stat_progress_create_index	v	12320	12	blocks_done	bigint	f
pg_catalog	pg_stat_progress_create_index	v	12320	13	tuples_total	bigint	f
pg_catalog	pg_stat_progress_create_index	v	12320	14	tuples_done	bigint	f
pg_catalog	pg_stat_progress_create_index	v	12320	15	partitions_total	bigint	f
pg_catalog	pg_stat_progress_create_index	v	12320	16	partitions_done	bigint	f
pg_catalog	pg_stat_progress_vacuum	v	12310	1	pid	integer	f
pg_catalog	pg_stat_progress_vacuum	v	12310	2	datid	oid	f
pg_catalog	pg_stat_progress_vacuum	v	12310	3	datname	name	f
pg_catalog	pg_stat_progress_vacuum	v	12310	4	relid	oid	f
pg_catalog	pg_stat_progress_vacuum	v	12310	5	phase	text	f
pg_catalog	pg_stat_progress_vacuum	v	12310	6	heap_blks_total	bigint	f
pg_catalog	pg_stat_progress_vacuum	v	12310	7	heap_blks_scanned	bigint	f
pg_catalog	pg_stat_progress_vacuum	v	12310	8	heap_blks_vacuumed	bigint	f
pg_catalog	pg_stat_progress_vacuum	v	12310	9	index_vacuum_count	bigint	f
pg_catalog	pg_stat_progress_vacuum	v	12310	10	max_dead_tuple_bytes	bigint	f
pg_catalog	pg_stat_progress_vacuum	v	12310	11	dead_tuple_bytes	bigint	f
pg_catalog	pg_stat_progress_vacuum	v	12310	12	num_dead_item_ids	bigint	f
pg_catalog	pg_stat_progress_vacuum	v	12310	13	indexes_total	bigint	f
pg_catalog	pg_stat_progress_vacuum	v	12310	14	indexes_processed	bigint	f
pg_catalog	pg_stat_recovery_prefetch	v	12240	1	stats_reset	timestamp with time zone	f
pg_catalog	pg_stat_recovery_prefetch	v	12240	2	prefetch	bigint	f
pg_catalog	pg_stat_recovery_prefetch	v	12240	3	hit	bigint	f
pg_catalog	pg_stat_recovery_prefetch	v	12240	4	skip_init	bigint	f
pg_catalog	pg_stat_recovery_prefetch	v	12240	5	skip_new	bigint	f
pg_catalog	pg_stat_recovery_prefetch	v	12240	6	skip_fpw	bigint	f
pg_catalog	pg_stat_recovery_prefetch	v	12240	7	skip_rep	bigint	f
pg_catalog	pg_stat_recovery_prefetch	v	12240	8	wal_distance	integer	f
pg_catalog	pg_stat_recovery_prefetch	v	12240	9	block_distance	integer	f
pg_catalog	pg_stat_recovery_prefetch	v	12240	10	io_depth	integer	f
pg_catalog	pg_stat_replication	v	12227	1	pid	integer	f
pg_catalog	pg_stat_replication	v	12227	2	usesysid	oid	f
pg_catalog	pg_stat_replication	v	12227	3	usename	name	f
pg_catalog	pg_stat_replication	v	12227	4	application_name	text	f
pg_catalog	pg_stat_replication	v	12227	5	client_addr	inet	f
pg_catalog	pg_stat_replication	v	12227	6	client_hostname	text	f
pg_catalog	pg_stat_replication	v	12227	7	client_port	integer	f
pg_catalog	pg_stat_replication	v	12227	8	backend_start	timestamp with time zone	f
pg_catalog	pg_stat_replication	v	12227	9	backend_xmin	xid	f
pg_catalog	pg_stat_replication	v	12227	10	state	text	f
pg_catalog	pg_stat_replication	v	12227	11	sent_lsn	pg_lsn	f
pg_catalog	pg_stat_replication	v	12227	12	write_lsn	pg_lsn	f
pg_catalog	pg_stat_replication	v	12227	13	flush_lsn	pg_lsn	f
pg_catalog	pg_stat_replication	v	12227	14	replay_lsn	pg_lsn	f
pg_catalog	pg_stat_replication	v	12227	15	write_lag	interval	f
pg_catalog	pg_stat_replication	v	12227	16	flush_lag	interval	f
pg_catalog	pg_stat_replication	v	12227	17	replay_lag	interval	f
pg_catalog	pg_stat_replication	v	12227	18	sync_priority	integer	f
pg_catalog	pg_stat_replication	v	12227	19	sync_state	text	f
pg_catalog	pg_stat_replication	v	12227	20	reply_time	timestamp with time zone	f
pg_catalog	pg_stat_replication_slots	v	12262	1	slot_name	text	f
pg_catalog	pg_stat_replication_slots	v	12262	2	spill_txns	bigint	f
pg_catalog	pg_stat_replication_slots	v	12262	3	spill_count	bigint	f
pg_catalog	pg_stat_replication_slots	v	12262	4	spill_bytes	bigint	f
pg_catalog	pg_stat_replication_slots	v	12262	5	stream_txns	bigint	f
pg_catalog	pg_stat_replication_slots	v	12262	6	stream_count	bigint	f
pg_catalog	pg_stat_replication_slots	v	12262	7	stream_bytes	bigint	f
pg_catalog	pg_stat_replication_slots	v	12262	8	total_txns	bigint	f
pg_catalog	pg_stat_replication_slots	v	12262	9	total_bytes	bigint	f
pg_catalog	pg_stat_replication_slots	v	12262	10	stats_reset	timestamp with time zone	f
pg_catalog	pg_stat_slru	v	12232	1	name	text	f
pg_catalog	pg_stat_slru	v	12232	2	blks_zeroed	bigint	f
pg_catalog	pg_stat_slru	v	12232	3	blks_hit	bigint	f
pg_catalog	pg_stat_slru	v	12232	4	blks_read	bigint	f
pg_catalog	pg_stat_slru	v	12232	5	blks_written	bigint	f
pg_catalog	pg_stat_slru	v	12232	6	blks_exists	bigint	f
pg_catalog	pg_stat_slru	v	12232	7	flushes	bigint	f
pg_catalog	pg_stat_slru	v	12232	8	truncates	bigint	f
pg_catalog	pg_stat_slru	v	12232	9	stats_reset	timestamp with time zone	f
pg_catalog	pg_stat_ssl	v	12249	1	pid	integer	f
pg_catalog	pg_stat_ssl	v	12249	2	ssl	boolean	f
pg_catalog	pg_stat_ssl	v	12249	3	version	text	f
pg_catalog	pg_stat_ssl	v	12249	4	cipher	text	f
pg_catalog	pg_stat_ssl	v	12249	5	bits	integer	f
pg_catalog	pg_stat_ssl	v	12249	6	client_dn	text	f
pg_catalog	pg_stat_ssl	v	12249	7	client_serial	numeric	f
pg_catalog	pg_stat_ssl	v	12249	8	issuer_dn	text	f
pg_catalog	pg_stat_subscription	v	12244	1	subid	oid	f
pg_catalog	pg_stat_subscription	v	12244	2	subname	name	f
pg_catalog	pg_stat_subscription	v	12244	3	worker_type	text	f
pg_catalog	pg_stat_subscription	v	12244	4	pid	integer	f
pg_catalog	pg_stat_subscription	v	12244	5	leader_pid	integer	f
pg_catalog	pg_stat_subscription	v	12244	6	relid	oid	f
pg_catalog	pg_stat_subscription	v	12244	7	received_lsn	pg_lsn	f
pg_catalog	pg_stat_subscription	v	12244	8	last_msg_send_time	timestamp with time zone	f
pg_catalog	pg_stat_subscription	v	12244	9	last_msg_receipt_time	timestamp with time zone	f
pg_catalog	pg_stat_subscription	v	12244	10	latest_end_lsn	pg_lsn	f
pg_catalog	pg_stat_subscription	v	12244	11	latest_end_time	timestamp with time zone	f
pg_catalog	pg_stat_subscription_stats	v	12343	1	subid	oid	f
pg_catalog	pg_stat_subscription_stats	v	12343	2	subname	name	f
pg_catalog	pg_stat_subscription_stats	v	12343	3	apply_error_count	bigint	f
pg_catalog	pg_stat_subscription_stats	v	12343	4	sync_error_count	bigint	f
pg_catalog	pg_stat_subscription_stats	v	12343	5	stats_reset	timestamp with time zone	f
pg_catalog	pg_stat_sys_indexes	v	12188	1	relid	oid	f
pg_catalog	pg_stat_sys_indexes	v	12188	2	indexrelid	oid	f
pg_catalog	pg_stat_sys_indexes	v	12188	3	schemaname	name	f
pg_catalog	pg_stat_sys_indexes	v	12188	4	relname	name	f
pg_catalog	pg_stat_sys_indexes	v	12188	5	indexrelname	name	f
pg_catalog	pg_stat_sys_indexes	v	12188	6	idx_scan	bigint	f
pg_catalog	pg_stat_sys_indexes	v	12188	7	last_idx_scan	timestamp with time zone	f
pg_catalog	pg_stat_sys_indexes	v	12188	8	idx_tup_read	bigint	f
pg_catalog	pg_stat_sys_indexes	v	12188	9	idx_tup_fetch	bigint	f
pg_catalog	pg_stat_sys_tables	v	12152	1	relid	oid	f
pg_catalog	pg_stat_sys_tables	v	12152	2	schemaname	name	f
pg_catalog	pg_stat_sys_tables	v	12152	3	relname	name	f
pg_catalog	pg_stat_sys_tables	v	12152	4	seq_scan	bigint	f
pg_catalog	pg_stat_sys_tables	v	12152	5	last_seq_scan	timestamp with time zone	f
pg_catalog	pg_stat_sys_tables	v	12152	6	seq_tup_read	bigint	f
pg_catalog	pg_stat_sys_tables	v	12152	7	idx_scan	bigint	f
pg_catalog	pg_stat_sys_tables	v	12152	8	last_idx_scan	timestamp with time zone	f
pg_catalog	pg_stat_sys_tables	v	12152	9	idx_tup_fetch	bigint	f
pg_catalog	pg_stat_sys_tables	v	12152	10	n_tup_ins	bigint	f
pg_catalog	pg_stat_sys_tables	v	12152	11	n_tup_upd	bigint	f
pg_catalog	pg_stat_sys_tables	v	12152	12	n_tup_del	bigint	f
pg_catalog	pg_stat_sys_tables	v	12152	13	n_tup_hot_upd	bigint	f
pg_catalog	pg_stat_sys_tables	v	12152	14	n_tup_newpage_upd	bigint	f
pg_catalog	pg_stat_sys_tables	v	12152	15	n_live_tup	bigint	f
pg_catalog	pg_stat_sys_tables	v	12152	16	n_dead_tup	bigint	f
pg_catalog	pg_stat_sys_tables	v	12152	17	n_mod_since_analyze	bigint	f
pg_catalog	pg_stat_sys_tables	v	12152	18	n_ins_since_vacuum	bigint	f
pg_catalog	pg_stat_sys_tables	v	12152	19	last_vacuum	timestamp with time zone	f
pg_catalog	pg_stat_sys_tables	v	12152	20	last_autovacuum	timestamp with time zone	f
pg_catalog	pg_stat_sys_tables	v	12152	21	last_analyze	timestamp with time zone	f
pg_catalog	pg_stat_sys_tables	v	12152	22	last_autoanalyze	timestamp with time zone	f
pg_catalog	pg_stat_sys_tables	v	12152	23	vacuum_count	bigint	f
pg_catalog	pg_stat_sys_tables	v	12152	24	autovacuum_count	bigint	f
pg_catalog	pg_stat_sys_tables	v	12152	25	analyze_count	bigint	f
pg_catalog	pg_stat_sys_tables	v	12152	26	autoanalyze_count	bigint	f
pg_catalog	pg_stat_user_functions	v	12275	1	funcid	oid	f
pg_catalog	pg_stat_user_functions	v	12275	2	schemaname	name	f
pg_catalog	pg_stat_user_functions	v	12275	3	funcname	name	f
pg_catalog	pg_stat_user_functions	v	12275	4	calls	bigint	f
pg_catalog	pg_stat_user_functions	v	12275	5	total_time	double precision	f
pg_catalog	pg_stat_user_functions	v	12275	6	self_time	double precision	f
pg_catalog	pg_stat_user_indexes	v	12192	1	relid	oid	f
pg_catalog	pg_stat_user_indexes	v	12192	2	indexrelid	oid	f
pg_catalog	pg_stat_user_indexes	v	12192	3	schemaname	name	f
pg_catalog	pg_stat_user_indexes	v	12192	4	relname	name	f
pg_catalog	pg_stat_user_indexes	v	12192	5	indexrelname	name	f
pg_catalog	pg_stat_user_indexes	v	12192	6	idx_scan	bigint	f
pg_catalog	pg_stat_user_indexes	v	12192	7	last_idx_scan	timestamp with time zone	f
pg_catalog	pg_stat_user_indexes	v	12192	8	idx_tup_read	bigint	f
pg_catalog	pg_stat_user_indexes	v	12192	9	idx_tup_fetch	bigint	f
pg_catalog	pg_stat_user_tables	v	12161	1	relid	oid	f
pg_catalog	pg_stat_user_tables	v	12161	2	schemaname	name	f
pg_catalog	pg_stat_user_tables	v	12161	3	relname	name	f
pg_catalog	pg_stat_user_tables	v	12161	4	seq_scan	bigint	f
pg_catalog	pg_stat_user_tables	v	12161	5	last_seq_scan	timestamp with time zone	f
pg_catalog	pg_stat_user_tables	v	12161	6	seq_tup_read	bigint	f
pg_catalog	pg_stat_user_tables	v	12161	7	idx_scan	bigint	f
pg_catalog	pg_stat_user_tables	v	12161	8	last_idx_scan	timestamp with time zone	f
pg_catalog	pg_stat_user_tables	v	12161	9	idx_tup_fetch	bigint	f
pg_catalog	pg_stat_user_tables	v	12161	10	n_tup_ins	bigint	f
pg_catalog	pg_stat_user_tables	v	12161	11	n_tup_upd	bigint	f
pg_catalog	pg_stat_user_tables	v	12161	12	n_tup_del	bigint	f
pg_catalog	pg_stat_user_tables	v	12161	13	n_tup_hot_upd	bigint	f
pg_catalog	pg_stat_user_tables	v	12161	14	n_tup_newpage_upd	bigint	f
pg_catalog	pg_stat_user_tables	v	12161	15	n_live_tup	bigint	f
pg_catalog	pg_stat_user_tables	v	12161	16	n_dead_tup	bigint	f
pg_catalog	pg_stat_user_tables	v	12161	17	n_mod_since_analyze	bigint	f
pg_catalog	pg_stat_user_tables	v	12161	18	n_ins_since_vacuum	bigint	f
pg_catalog	pg_stat_user_tables	v	12161	19	last_vacuum	timestamp with time zone	f
pg_catalog	pg_stat_user_tables	v	12161	20	last_autovacuum	timestamp with time zone	f
pg_catalog	pg_stat_user_tables	v	12161	21	last_analyze	timestamp with time zone	f
pg_catalog	pg_stat_user_tables	v	12161	22	last_autoanalyze	timestamp with time zone	f
pg_catalog	pg_stat_user_tables	v	12161	23	vacuum_count	bigint	f
pg_catalog	pg_stat_user_tables	v	12161	24	autovacuum_count	bigint	f
pg_catalog	pg_stat_user_tables	v	12161	25	analyze_count	bigint	f
pg_catalog	pg_stat_user_tables	v	12161	26	autoanalyze_count	bigint	f
pg_catalog	pg_stat_wal	v	12301	1	wal_records	bigint	f
pg_catalog	pg_stat_wal	v	12301	2	wal_fpi	bigint	f
pg_catalog	pg_stat_wal	v	12301	3	wal_bytes	numeric	f
pg_catalog	pg_stat_wal	v	12301	4	wal_buffers_full	bigint	f
pg_catalog	pg_stat_wal	v	12301	5	wal_write	bigint	f
pg_catalog	pg_stat_wal	v	12301	6	wal_sync	bigint	f
pg_catalog	pg_stat_wal	v	12301	7	wal_write_time	double precision	f
pg_catalog	pg_stat_wal	v	12301	8	wal_sync_time	double precision	f
pg_catalog	pg_stat_wal	v	12301	9	stats_reset	timestamp with time zone	f
pg_catalog	pg_stat_wal_receiver	v	12236	1	pid	integer	f
pg_catalog	pg_stat_wal_receiver	v	12236	2	status	text	f
pg_catalog	pg_stat_wal_receiver	v	12236	3	receive_start_lsn	pg_lsn	f
pg_catalog	pg_stat_wal_receiver	v	12236	4	receive_start_tli	integer	f
pg_catalog	pg_stat_wal_receiver	v	12236	5	written_lsn	pg_lsn	f
pg_catalog	pg_stat_wal_receiver	v	12236	6	flushed_lsn	pg_lsn	f
pg_catalog	pg_stat_wal_receiver	v	12236	7	received_tli	integer	f
pg_catalog	pg_stat_wal_receiver	v	12236	8	last_msg_send_time	timestamp with time zone	f
pg_catalog	pg_stat_wal_receiver	v	12236	9	last_msg_receipt_time	timestamp with time zone	f
pg_catalog	pg_stat_wal_receiver	v	12236	10	latest_end_lsn	pg_lsn	f
pg_catalog	pg_stat_wal_receiver	v	12236	11	latest_end_time	timestamp with time zone	f
pg_catalog	pg_stat_wal_receiver	v	12236	12	slot_name	text	f
pg_catalog	pg_stat_wal_receiver	v	12236	13	sender_host	text	f
pg_catalog	pg_stat_wal_receiver	v	12236	14	sender_port	integer	f
pg_catalog	pg_stat_wal_receiver	v	12236	15	conninfo	text	f
pg_catalog	pg_stat_xact_all_tables	v	12147	1	relid	oid	f
pg_catalog	pg_stat_xact_all_tables	v	12147	2	schemaname	name	f
pg_catalog	pg_stat_xact_all_tables	v	12147	3	relname	name	f
pg_catalog	pg_stat_xact_all_tables	v	12147	4	seq_scan	bigint	f
pg_catalog	pg_stat_xact_all_tables	v	12147	5	seq_tup_read	bigint	f
pg_catalog	pg_stat_xact_all_tables	v	12147	6	idx_scan	bigint	f
pg_catalog	pg_stat_xact_all_tables	v	12147	7	idx_tup_fetch	bigint	f
pg_catalog	pg_stat_xact_all_tables	v	12147	8	n_tup_ins	bigint	f
pg_catalog	pg_stat_xact_all_tables	v	12147	9	n_tup_upd	bigint	f
pg_catalog	pg_stat_xact_all_tables	v	12147	10	n_tup_del	bigint	f
pg_catalog	pg_stat_xact_all_tables	v	12147	11	n_tup_hot_upd	bigint	f
pg_catalog	pg_stat_xact_all_tables	v	12147	12	n_tup_newpage_upd	bigint	f
pg_catalog	pg_stat_xact_sys_tables	v	12157	1	relid	oid	f
pg_catalog	pg_stat_xact_sys_tables	v	12157	2	schemaname	name	f
pg_catalog	pg_stat_xact_sys_tables	v	12157	3	relname	name	f
pg_catalog	pg_stat_xact_sys_tables	v	12157	4	seq_scan	bigint	f
pg_catalog	pg_stat_xact_sys_tables	v	12157	5	seq_tup_read	bigint	f
pg_catalog	pg_stat_xact_sys_tables	v	12157	6	idx_scan	bigint	f
pg_catalog	pg_stat_xact_sys_tables	v	12157	7	idx_tup_fetch	bigint	f
pg_catalog	pg_stat_xact_sys_tables	v	12157	8	n_tup_ins	bigint	f
pg_catalog	pg_stat_xact_sys_tables	v	12157	9	n_tup_upd	bigint	f
pg_catalog	pg_stat_xact_sys_tables	v	12157	10	n_tup_del	bigint	f
pg_catalog	pg_stat_xact_sys_tables	v	12157	11	n_tup_hot_upd	bigint	f
pg_catalog	pg_stat_xact_sys_tables	v	12157	12	n_tup_newpage_upd	bigint	f
pg_catalog	pg_stat_xact_user_functions	v	12280	1	funcid	oid	f
pg_catalog	pg_stat_xact_user_functions	v	12280	2	schemaname	name	f
pg_catalog	pg_stat_xact_user_functions	v	12280	3	funcname	name	f
pg_catalog	pg_stat_xact_user_functions	v	12280	4	calls	bigint	f
pg_catalog	pg_stat_xact_user_functions	v	12280	5	total_time	double precision	f
pg_catalog	pg_stat_xact_user_functions	v	12280	6	self_time	double precision	f
pg_catalog	pg_stat_xact_user_tables	v	12166	1	relid	oid	f
pg_catalog	pg_stat_xact_user_tables	v	12166	2	schemaname	name	f
pg_catalog	pg_stat_xact_user_tables	v	12166	3	relname	name	f
pg_catalog	pg_stat_xact_user_tables	v	12166	4	seq_scan	bigint	f
pg_catalog	pg_stat_xact_user_tables	v	12166	5	seq_tup_read	bigint	f
pg_catalog	pg_stat_xact_user_tables	v	12166	6	idx_scan	bigint	f
pg_catalog	pg_stat_xact_user_tables	v	12166	7	idx_tup_fetch	bigint	f
pg_catalog	pg_stat_xact_user_tables	v	12166	8	n_tup_ins	bigint	f
pg_catalog	pg_stat_xact_user_tables	v	12166	9	n_tup_upd	bigint	f
pg_catalog	pg_stat_xact_user_tables	v	12166	10	n_tup_del	bigint	f
pg_catalog	pg_stat_xact_user_tables	v	12166	11	n_tup_hot_upd	bigint	f
pg_catalog	pg_stat_xact_user_tables	v	12166	12	n_tup_newpage_upd	bigint	f
pg_catalog	pg_statio_all_indexes	v	12196	1	relid	oid	f
pg_catalog	pg_statio_all_indexes	v	12196	2	indexrelid	oid	f
pg_catalog	pg_statio_all_indexes	v	12196	3	schemaname	name	f
pg_catalog	pg_statio_all_indexes	v	12196	4	relname	name	f
pg_catalog	pg_statio_all_indexes	v	12196	5	indexrelname	name	f
pg_catalog	pg_statio_all_indexes	v	12196	6	idx_blks_read	bigint	f
pg_catalog	pg_statio_all_indexes	v	12196	7	idx_blks_hit	bigint	f
pg_catalog	pg_statio_all_sequences	v	12209	1	relid	oid	f
pg_catalog	pg_statio_all_sequences	v	12209	2	schemaname	name	f
pg_catalog	pg_statio_all_sequences	v	12209	3	relname	name	f
pg_catalog	pg_statio_all_sequences	v	12209	4	blks_read	bigint	f
pg_catalog	pg_statio_all_sequences	v	12209	5	blks_hit	bigint	f
pg_catalog	pg_statio_all_tables	v	12170	1	relid	oid	f
pg_catalog	pg_statio_all_tables	v	12170	2	schemaname	name	f
pg_catalog	pg_statio_all_tables	v	12170	3	relname	name	f
pg_catalog	pg_statio_all_tables	v	12170	4	heap_blks_read	bigint	f
pg_catalog	pg_statio_all_tables	v	12170	5	heap_blks_hit	bigint	f
pg_catalog	pg_statio_all_tables	v	12170	6	idx_blks_read	bigint	f
pg_catalog	pg_statio_all_tables	v	12170	7	idx_blks_hit	bigint	f
pg_catalog	pg_statio_all_tables	v	12170	8	toast_blks_read	bigint	f
pg_catalog	pg_statio_all_tables	v	12170	9	toast_blks_hit	bigint	f
pg_catalog	pg_statio_all_tables	v	12170	10	tidx_blks_read	bigint	f
pg_catalog	pg_statio_all_tables	v	12170	11	tidx_blks_hit	bigint	f
pg_catalog	pg_statio_sys_indexes	v	12201	1	relid	oid	f
pg_catalog	pg_statio_sys_indexes	v	12201	2	indexrelid	oid	f
pg_catalog	pg_statio_sys_indexes	v	12201	3	schemaname	name	f
pg_catalog	pg_statio_sys_indexes	v	12201	4	relname	name	f
pg_catalog	pg_statio_sys_indexes	v	12201	5	indexrelname	name	f
pg_catalog	pg_statio_sys_indexes	v	12201	6	idx_blks_read	bigint	f
pg_catalog	pg_statio_sys_indexes	v	12201	7	idx_blks_hit	bigint	f
pg_catalog	pg_statio_sys_sequences	v	12214	1	relid	oid	f
pg_catalog	pg_statio_sys_sequences	v	12214	2	schemaname	name	f
pg_catalog	pg_statio_sys_sequences	v	12214	3	relname	name	f
pg_catalog	pg_statio_sys_sequences	v	12214	4	blks_read	bigint	f
pg_catalog	pg_statio_sys_sequences	v	12214	5	blks_hit	bigint	f
pg_catalog	pg_statio_sys_tables	v	12175	1	relid	oid	f
pg_catalog	pg_statio_sys_tables	v	12175	2	schemaname	name	f
pg_catalog	pg_statio_sys_tables	v	12175	3	relname	name	f
pg_catalog	pg_statio_sys_tables	v	12175	4	heap_blks_read	bigint	f
pg_catalog	pg_statio_sys_tables	v	12175	5	heap_blks_hit	bigint	f
pg_catalog	pg_statio_sys_tables	v	12175	6	idx_blks_read	bigint	f
pg_catalog	pg_statio_sys_tables	v	12175	7	idx_blks_hit	bigint	f
pg_catalog	pg_statio_sys_tables	v	12175	8	toast_blks_read	bigint	f
pg_catalog	pg_statio_sys_tables	v	12175	9	toast_blks_hit	bigint	f
pg_catalog	pg_statio_sys_tables	v	12175	10	tidx_blks_read	bigint	f
pg_catalog	pg_statio_sys_tables	v	12175	11	tidx_blks_hit	bigint	f
pg_catalog	pg_statio_user_indexes	v	12205	1	relid	oid	f
pg_catalog	pg_statio_user_indexes	v	12205	2	indexrelid	oid	f
pg_catalog	pg_statio_user_indexes	v	12205	3	schemaname	name	f
pg_catalog	pg_statio_user_indexes	v	12205	4	relname	name	f
pg_catalog	pg_statio_user_indexes	v	12205	5	indexrelname	name	f
pg_catalog	pg_statio_user_indexes	v	12205	6	idx_blks_read	bigint	f
pg_catalog	pg_statio_user_indexes	v	12205	7	idx_blks_hit	bigint	f
pg_catalog	pg_statio_user_sequences	v	12218	1	relid	oid	f
pg_catalog	pg_statio_user_sequences	v	12218	2	schemaname	name	f
pg_catalog	pg_statio_user_sequences	v	12218	3	relname	name	f
pg_catalog	pg_statio_user_sequences	v	12218	4	blks_read	bigint	f
pg_catalog	pg_statio_user_sequences	v	12218	5	blks_hit	bigint	f
pg_catalog	pg_statio_user_tables	v	12179	1	relid	oid	f
pg_catalog	pg_statio_user_tables	v	12179	2	schemaname	name	f
pg_catalog	pg_statio_user_tables	v	12179	3	relname	name	f
pg_catalog	pg_statio_user_tables	v	12179	4	heap_blks_read	bigint	f
pg_catalog	pg_statio_user_tables	v	12179	5	heap_blks_hit	bigint	f
pg_catalog	pg_statio_user_tables	v	12179	6	idx_blks_read	bigint	f
pg_catalog	pg_statio_user_tables	v	12179	7	idx_blks_hit	bigint	f
pg_catalog	pg_statio_user_tables	v	12179	8	toast_blks_read	bigint	f
pg_catalog	pg_statio_user_tables	v	12179	9	toast_blks_hit	bigint	f
pg_catalog	pg_statio_user_tables	v	12179	10	tidx_blks_read	bigint	f
pg_catalog	pg_statio_user_tables	v	12179	11	tidx_blks_hit	bigint	f
pg_catalog	pg_statistic	r	2619	1	starelid	oid	t
pg_catalog	pg_statistic	r	2619	2	staattnum	smallint	t
pg_catalog	pg_statistic	r	2619	3	stainherit	boolean	t
pg_catalog	pg_statistic	r	2619	4	stanullfrac	real	t
pg_catalog	pg_statistic	r	2619	5	stawidth	integer	t
pg_catalog	pg_statistic	r	2619	6	stadistinct	real	t
pg_catalog	pg_statistic	r	2619	7	stakind1	smallint	t
pg_catalog	pg_statistic	r	2619	8	stakind2	smallint	t
pg_catalog	pg_statistic	r	2619	9	stakind3	smallint	t
pg_catalog	pg_statistic	r	2619	10	stakind4	smallint	t
pg_catalog	pg_statistic	r	2619	11	stakind5	smallint	t
pg_catalog	pg_statistic	r	2619	12	staop1	oid	t
pg_catalog	pg_statistic	r	2619	13	staop2	oid	t
pg_catalog	pg_statistic	r	2619	14	staop3	oid	t
pg_catalog	pg_statistic	r	2619	15	staop4	oid	t
pg_catalog	pg_statistic	r	2619	16	staop5	oid	t
pg_catalog	pg_statistic	r	2619	17	stacoll1	oid	t
pg_catalog	pg_statistic	r	2619	18	stacoll2	oid	t
pg_catalog	pg_statistic	r	2619	19	stacoll3	oid	t
pg_catalog	pg_statistic	r	2619	20	stacoll4	oid	t
pg_catalog	pg_statistic	r	2619	21	stacoll5	oid	t
pg_catalog	pg_statistic	r	2619	22	stanumbers1	real[]	f
pg_catalog	pg_statistic	r	2619	23	stanumbers2	real[]	f
pg_catalog	pg_statistic	r	2619	24	stanumbers3	real[]	f
pg_catalog	pg_statistic	r	2619	25	stanumbers4	real[]	f
pg_catalog	pg_statistic	r	2619	26	stanumbers5	real[]	f
pg_catalog	pg_statistic	r	2619	27	stavalues1	anyarray	f
pg_catalog	pg_statistic	r	2619	28	stavalues2	anyarray	f
pg_catalog	pg_statistic	r	2619	29	stavalues3	anyarray	f
pg_catalog	pg_statistic	r	2619	30	stavalues4	anyarray	f
pg_catalog	pg_statistic	r	2619	31	stavalues5	anyarray	f
pg_catalog	pg_statistic_ext	r	3381	1	oid	oid	t
pg_catalog	pg_statistic_ext	r	3381	2	stxrelid	oid	t
pg_catalog	pg_statistic_ext	r	3381	3	stxname	name	t
pg_catalog	pg_statistic_ext	r	3381	4	stxnamespace	oid	t
pg_catalog	pg_statistic_ext	r	3381	5	stxowner	oid	t
pg_catalog	pg_statistic_ext	r	3381	6	stxkeys	int2vector	t
pg_catalog	pg_statistic_ext	r	3381	7	stxstattarget	smallint	f
pg_catalog	pg_statistic_ext	r	3381	8	stxkind	"char"[]	t
pg_catalog	pg_statistic_ext	r	3381	9	stxexprs	pg_node_tree	f
pg_catalog	pg_statistic_ext_data	r	3429	1	stxoid	oid	t
pg_catalog	pg_statistic_ext_data	r	3429	2	stxdinherit	boolean	t
pg_catalog	pg_statistic_ext_data	r	3429	3	stxdndistinct	pg_ndistinct	f
pg_catalog	pg_statistic_ext_data	r	3429	4	stxddependencies	pg_dependencies	f
pg_catalog	pg_statistic_ext_data	r	3429	5	stxdmcv	pg_mcv_list	f
pg_catalog	pg_statistic_ext_data	r	3429	6	stxdexpr	pg_statistic[]	f
pg_catalog	pg_stats	v	12053	1	schemaname	name	f
pg_catalog	pg_stats	v	12053	2	tablename	name	f
pg_catalog	pg_stats	v	12053	3	attname	name	f
pg_catalog	pg_stats	v	12053	4	inherited	boolean	f
pg_catalog	pg_stats	v	12053	5	null_frac	real	f
pg_catalog	pg_stats	v	12053	6	avg_width	integer	f
pg_catalog	pg_stats	v	12053	7	n_distinct	real	f
pg_catalog	pg_stats	v	12053	8	most_common_vals	anyarray	f
pg_catalog	pg_stats	v	12053	9	most_common_freqs	real[]	f
pg_catalog	pg_stats	v	12053	10	histogram_bounds	anyarray	f
pg_catalog	pg_stats	v	12053	11	correlation	real	f
pg_catalog	pg_stats	v	12053	12	most_common_elems	anyarray	f
pg_catalog	pg_stats	v	12053	13	most_common_elem_freqs	real[]	f
pg_catalog	pg_stats	v	12053	14	elem_count_histogram	real[]	f
pg_catalog	pg_stats	v	12053	15	range_length_histogram	anyarray	f
pg_catalog	pg_stats	v	12053	16	range_empty_frac	real	f
pg_catalog	pg_stats	v	12053	17	range_bounds_histogram	anyarray	f
pg_catalog	pg_stats_ext	v	12058	1	schemaname	name	f
pg_catalog	pg_stats_ext	v	12058	2	tablename	name	f
pg_catalog	pg_stats_ext	v	12058	3	statistics_schemaname	name	f
pg_catalog	pg_stats_ext	v	12058	4	statistics_name	name	f
pg_catalog	pg_stats_ext	v	12058	5	statistics_owner	name	f
pg_catalog	pg_stats_ext	v	12058	6	attnames	name[]	f
pg_catalog	pg_stats_ext	v	12058	7	exprs	text[]	f
pg_catalog	pg_stats_ext	v	12058	8	kinds	"char"[]	f
pg_catalog	pg_stats_ext	v	12058	9	inherited	boolean	f
pg_catalog	pg_stats_ext	v	12058	10	n_distinct	pg_ndistinct	f
pg_catalog	pg_stats_ext	v	12058	11	dependencies	pg_dependencies	f
pg_catalog	pg_stats_ext	v	12058	12	most_common_vals	text[]	f
pg_catalog	pg_stats_ext	v	12058	13	most_common_val_nulls	boolean[]	f
pg_catalog	pg_stats_ext	v	12058	14	most_common_freqs	double precision[]	f
pg_catalog	pg_stats_ext	v	12058	15	most_common_base_freqs	double precision[]	f
pg_catalog	pg_stats_ext_exprs	v	12063	1	schemaname	name	f
pg_catalog	pg_stats_ext_exprs	v	12063	2	tablename	name	f
pg_catalog	pg_stats_ext_exprs	v	12063	3	statistics_schemaname	name	f
pg_catalog	pg_stats_ext_exprs	v	12063	4	statistics_name	name	f
pg_catalog	pg_stats_ext_exprs	v	12063	5	statistics_owner	name	f
pg_catalog	pg_stats_ext_exprs	v	12063	6	expr	text	f
pg_catalog	pg_stats_ext_exprs	v	12063	7	inherited	boolean	f
pg_catalog	pg_stats_ext_exprs	v	12063	8	null_frac	real	f
pg_catalog	pg_stats_ext_exprs	v	12063	9	avg_width	integer	f
pg_catalog	pg_stats_ext_exprs	v	12063	10	n_distinct	real	f
pg_catalog	pg_stats_ext_exprs	v	12063	11	most_common_vals	anyarray	f
pg_catalog	pg_stats_ext_exprs	v	12063	12	most_common_freqs	real[]	f
pg_catalog	pg_stats_ext_exprs	v	12063	13	histogram_bounds	anyarray	f
pg_catalog	pg_stats_ext_exprs	v	12063	14	correlation	real	f
pg_catalog	pg_stats_ext_exprs	v	12063	15	most_common_elems	anyarray	f
pg_catalog	pg_stats_ext_exprs	v	12063	16	most_common_elem_freqs	real[]	f
pg_catalog	pg_stats_ext_exprs	v	12063	17	elem_count_histogram	real[]	f
pg_catalog	pg_subscription	r	6100	1	oid	oid	t
pg_catalog	pg_subscription	r	6100	2	subdbid	oid	t
pg_catalog	pg_subscription	r	6100	3	subskiplsn	pg_lsn	t
pg_catalog	pg_subscription	r	6100	4	subname	name	t
pg_catalog	pg_subscription	r	6100	5	subowner	oid	t
pg_catalog	pg_subscription	r	6100	6	subenabled	boolean	t
pg_catalog	pg_subscription	r	6100	7	subbinary	boolean	t
pg_catalog	pg_subscription	r	6100	8	substream	"char"	t
pg_catalog	pg_subscription	r	6100	9	subtwophasestate	"char"	t
pg_catalog	pg_subscription	r	6100	10	subdisableonerr	boolean	t
pg_catalog	pg_subscription	r	6100	11	subpasswordrequired	boolean	t
pg_catalog	pg_subscription	r	6100	12	subrunasowner	boolean	t
pg_catalog	pg_subscription	r	6100	13	subfailover	boolean	t
pg_catalog	pg_subscription	r	6100	14	subconninfo	text	t
pg_catalog	pg_subscription	r	6100	15	subslotname	name	f
pg_catalog	pg_subscription	r	6100	16	subsynccommit	text	t
pg_catalog	pg_subscription	r	6100	17	subpublications	text[]	t
pg_catalog	pg_subscription	r	6100	18	suborigin	text	f
pg_catalog	pg_subscription_rel	r	6102	1	srsubid	oid	t
pg_catalog	pg_subscription_rel	r	6102	2	srrelid	oid	t
pg_catalog	pg_subscription_rel	r	6102	3	srsubstate	"char"	t
pg_catalog	pg_subscription_rel	r	6102	4	srsublsn	pg_lsn	f
pg_catalog	pg_tables	v	12033	1	schemaname	name	f
pg_catalog	pg_tables	v	12033	2	tablename	name	f
pg_catalog	pg_tables	v	12033	3	tableowner	name	f
pg_catalog	pg_tables	v	12033	4	tablespace	name	f
pg_catalog	pg_tables	v	12033	5	hasindexes	boolean	f
pg_catalog	pg_tables	v	12033	6	hasrules	boolean	f
pg_catalog	pg_tables	v	12033	7	hastriggers	boolean	f
pg_catalog	pg_tables	v	12033	8	rowsecurity	boolean	f
pg_catalog	pg_tablespace	r	1213	1	oid	oid	t
pg_catalog	pg_tablespace	r	1213	2	spcname	name	t
pg_catalog	pg_tablespace	r	1213	3	spcowner	oid	t
pg_catalog	pg_tablespace	r	1213	4	spcacl	aclitem[]	f
pg_catalog	pg_tablespace	r	1213	5	spcoptions	text[]	f
pg_catalog	pg_timezone_abbrevs	v	12122	1	abbrev	text	f
pg_catalog	pg_timezone_abbrevs	v	12122	2	utc_offset	interval	f
pg_catalog	pg_timezone_abbrevs	v	12122	3	is_dst	boolean	f
pg_catalog	pg_timezone_names	v	12126	1	name	text	f
pg_catalog	pg_timezone_names	v	12126	2	abbrev	text	f
pg_catalog	pg_timezone_names	v	12126	3	utc_offset	interval	f
pg_catalog	pg_timezone_names	v	12126	4	is_dst	boolean	f
pg_catalog	pg_transform	r	3576	1	oid	oid	t
pg_catalog	pg_transform	r	3576	2	trftype	oid	t
pg_catalog	pg_transform	r	3576	3	trflang	oid	t
pg_catalog	pg_transform	r	3576	4	trffromsql	regproc	t
pg_catalog	pg_transform	r	3576	5	trftosql	regproc	t
pg_catalog	pg_trigger	r	2620	1	oid	oid	t
pg_catalog	pg_trigger	r	2620	2	tgrelid	oid	t
pg_catalog	pg_trigger	r	2620	3	tgparentid	oid	t
pg_catalog	pg_trigger	r	2620	4	tgname	name	t
pg_catalog	pg_trigger	r	2620	5	tgfoid	oid	t
pg_catalog	pg_trigger	r	2620	6	tgtype	smallint	t
pg_catalog	pg_trigger	r	2620	7	tgenabled	"char"	t
pg_catalog	pg_trigger	r	2620	8	tgisinternal	boolean	t
pg_catalog	pg_trigger	r	2620	9	tgconstrrelid	oid	t
pg_catalog	pg_trigger	r	2620	10	tgconstrindid	oid	t
pg_catalog	pg_trigger	r	2620	11	tgconstraint	oid	t
pg_catalog	pg_trigger	r	2620	12	tgdeferrable	boolean	t
pg_catalog	pg_trigger	r	2620	13	tginitdeferred	boolean	t
pg_catalog	pg_trigger	r	2620	14	tgnargs	smallint	t
pg_catalog	pg_trigger	r	2620	15	tgattr	int2vector	t
pg_catalog	pg_trigger	r	2620	16	tgargs	bytea	t
pg_catalog	pg_trigger	r	2620	17	tgqual	pg_node_tree	f
pg_catalog	pg_trigger	r	2620	18	tgoldtable	name	f
pg_catalog	pg_trigger	r	2620	19	tgnewtable	name	f
pg_catalog	pg_ts_config	r	3602	1	oid	oid	t
pg_catalog	pg_ts_config	r	3602	2	cfgname	name	t
pg_catalog	pg_ts_config	r	3602	3	cfgnamespace	oid	t
pg_catalog	pg_ts_config	r	3602	4	cfgowner	oid	t
pg_catalog	pg_ts_config	r	3602	5	cfgparser	oid	t
pg_catalog	pg_ts_config_map	r	3603	1	mapcfg	oid	t
pg_catalog	pg_ts_config_map	r	3603	2	maptokentype	integer	t
pg_catalog	pg_ts_config_map	r	3603	3	mapseqno	integer	t
pg_catalog	pg_ts_config_map	r	3603	4	mapdict	oid	t
pg_catalog	pg_ts_dict	r	3600	1	oid	oid	t
pg_catalog	pg_ts_dict	r	3600	2	dictname	name	t
pg_catalog	pg_ts_dict	r	3600	3	dictnamespace	oid	t
pg_catalog	pg_ts_dict	r	3600	4	dictowner	oid	t
pg_catalog	pg_ts_dict	r	3600	5	dicttemplate	oid	t
pg_catalog	pg_ts_dict	r	3600	6	dictinitoption	text	f
pg_catalog	pg_ts_parser	r	3601	1	oid	oid	t
pg_catalog	pg_ts_parser	r	3601	2	prsname	name	t
pg_catalog	pg_ts_parser	r	3601	3	prsnamespace	oid	t
pg_catalog	pg_ts_parser	r	3601	4	prsstart	regproc	t
pg_catalog	pg_ts_parser	r	3601	5	prstoken	regproc	t
pg_catalog	pg_ts_parser	r	3601	6	prsend	regproc	t
pg_catalog	pg_ts_parser	r	3601	7	prsheadline	regproc	t
pg_catalog	pg_ts_parser	r	3601	8	prslextype	regproc	t
pg_catalog	pg_ts_template	r	3764	1	oid	oid	t
pg_catalog	pg_ts_template	r	3764	2	tmplname	name	t
pg_catalog	pg_ts_template	r	3764	3	tmplnamespace	oid	t
pg_catalog	pg_ts_template	r	3764	4	tmplinit	regproc	t
pg_catalog	pg_ts_template	r	3764	5	tmpllexize	regproc	t
pg_catalog	pg_type	r	1247	1	oid	oid	t
pg_catalog	pg_type	r	1247	2	typname	name	t
pg_catalog	pg_type	r	1247	3	typnamespace	oid	t
pg_catalog	pg_type	r	1247	4	typowner	oid	t
pg_catalog	pg_type	r	1247	5	typlen	smallint	t
pg_catalog	pg_type	r	1247	6	typbyval	boolean	t
pg_catalog	pg_type	r	1247	7	typtype	"char"	t
pg_catalog	pg_type	r	1247	8	typcategory	"char"	t
pg_catalog	pg_type	r	1247	9	typispreferred	boolean	t
pg_catalog	pg_type	r	1247	10	typisdefined	boolean	t
pg_catalog	pg_type	r	1247	11	typdelim	"char"	t
pg_catalog	pg_type	r	1247	12	typrelid	oid	t
pg_catalog	pg_type	r	1247	13	typsubscript	regproc	t
pg_catalog	pg_type	r	1247	14	typelem	oid	t
pg_catalog	pg_type	r	1247	15	typarray	oid	t
pg_catalog	pg_type	r	1247	16	typinput	regproc	t
pg_catalog	pg_type	r	1247	17	typoutput	regproc	t
pg_catalog	pg_type	r	1247	18	typreceive	regproc	t
pg_catalog	pg_type	r	1247	19	typsend	regproc	t
pg_catalog	pg_type	r	1247	20	typmodin	regproc	t
pg_catalog	pg_type	r	1247	21	typmodout	regproc	t
pg_catalog	pg_type	r	1247	22	typanalyze	regproc	t
pg_catalog	pg_type	r	1247	23	typalign	"char"	t
pg_catalog	pg_type	r	1247	24	typstorage	"char"	t
pg_catalog	pg_type	r	1247	25	typnotnull	boolean	t
pg_catalog	pg_type	r	1247	26	typbasetype	oid	t
pg_catalog	pg_type	r	1247	27	typtypmod	integer	t
pg_catalog	pg_type	r	1247	28	typndims	integer	t
pg_catalog	pg_type	r	1247	29	typcollation	oid	t
pg_catalog	pg_type	r	1247	30	typdefaultbin	pg_node_tree	f
pg_catalog	pg_type	r	1247	31	typdefault	text	f
pg_catalog	pg_type	r	1247	32	typacl	aclitem[]	f
pg_catalog	pg_user	v	12014	1	usename	name	f
pg_catalog	pg_user	v	12014	2	usesysid	oid	f
pg_catalog	pg_user	v	12014	3	usecreatedb	boolean	f
pg_catalog	pg_user	v	12014	4	usesuper	boolean	f
pg_catalog	pg_user	v	12014	5	userepl	boolean	f
pg_catalog	pg_user	v	12014	6	usebypassrls	boolean	f
pg_catalog	pg_user	v	12014	7	passwd	text	f
pg_catalog	pg_user	v	12014	8	valuntil	timestamp with time zone	f
pg_catalog	pg_user	v	12014	9	useconfig	text[]	f
pg_catalog	pg_user_mapping	r	1418	1	oid	oid	t
pg_catalog	pg_user_mapping	r	1418	2	umuser	oid	t
pg_catalog	pg_user_mapping	r	1418	3	umserver	oid	t
pg_catalog	pg_user_mapping	r	1418	4	umoptions	text[]	f
pg_catalog	pg_user_mappings	v	12334	1	umid	oid	f
pg_catalog	pg_user_mappings	v	12334	2	srvid	oid	f
pg_catalog	pg_user_mappings	v	12334	3	srvname	name	f
pg_catalog	pg_user_mappings	v	12334	4	umuser	oid	f
pg_catalog	pg_user_mappings	v	12334	5	usename	name	f
pg_catalog	pg_user_mappings	v	12334	6	umoptions	text[]	f
pg_catalog	pg_views	v	12028	1	schemaname	name	f
pg_catalog	pg_views	v	12028	2	viewname	name	f
pg_catalog	pg_views	v	12028	3	viewowner	name	f
pg_catalog	pg_views	v	12028	4	definition	text	f
pg_catalog	pg_wait_events	v	12347	1	type	text	f
pg_catalog	pg_wait_events	v	12347	2	name	text	f
pg_catalog	pg_wait_events	v	12347	3	description	text	f
