file	line	reference	status	context	catalog row
docs/adr/0012-amendments.md	834	aggregates-windows r12	explicit retirement history	- aggregates-windows r12 (sources E16, P023): grouped and window MIN/MAX over REAL and INTEGER declare real and integer on the tip, as PostgreSQL does; the page entry P023 is removed.	
docs/adr/0012-amendments.md	835	lateral-subqueries r6	explicit retirement history	- lateral-subqueries r6 (sources E75): SUM(decimal) + (SELECT 1) in a correlated body declares numeric with PostgreSQL values on the tip; E75 recorded FLOAT64.	
docs/adr/0012-amendments.md	865	numeric-decimal#r1	exists	| temporal | [r17](0012-divergences/temporal.md#catalog) | Amended: an integer beside a day count (`date - date`, `date - DATE '…'`) is integer arithmetic, declared bigint as int4 arithmetic is (numeric-decimal#r1): `(d - DATE '2024-01-01') + 1`, `/ 7`, `(d - d) * 2` declared double precision at v0.25.3 with the same values (shared/plainDiffPlus, plainDiffDiv7; wire census c7b/dmlit_div7); inside a scalar subquery a day count is integer, as on PostgreSQL: `(SELECT (o.d - DATE '2024-01-01') + x.v …)` is declared integer, as at v0.25.3 (shared/dDiffPlusV, wire dDiffPlusV, CTAS ctasDayCount); beside a NUMERIC a day count is an integer operand of numeric arithmetic — `(d - DATE '2024-01-01') * n` is numeric (69030.50 for 1970-01-01 × -3.50), double precision (69030.5) at v0.25.3 (intop/plainTimesN, wire plainDayCountN), and `(SELECT (t.d - DATE '2024-01-01') * t.n …)` numeric as at v0.25.3 (intop/subTimesN, wire subDayCountN, CTAS ctasDayCountN); a day count divided by zero answers NULL where PostgreSQL raises 22012, NULL at v0.25.3 too (intop/dayCountDivZero, dayCountDivLitZero: a recorded filing candidate) | `coordinator.TestArcSSOperandClassAndWidthEveryArm`, `pgwire.TestArcSSDeclaredByTheSelectListWalk` |	| **r1** `SELECT CAST(SUM(a) OVER () AS INTEGER) FROM ni` | integer (OID 23) | bigint (OID 20) (measured; MAX(c_i32) + 0 and c_i32 + 1 also bigint, with rows or none: `SELECT t.i - t.i FROM t WHERE t.id = 99` (no row) declares 20; inside a scalar subquery int4 arithmetic declares integer and raises 22003 past its range, as on PostgreSQL); an integer CAST of a float-carried numeric declares 20 with PostgreSQL's value, `CAST(5 / 2.0 AS INTEGER)` 3 (measured 2026-10-02, wire w/rcSix; 2 at v0.25.3); an alias does not change the width, `SELECT 7 * t.i AS x` declares 20 as `7 * t.i` does (c39858f3's and 6184761c's single-process arms declared 23 there, from the column `i` the text named after its first dot), and `ABS(-1)` declares 20 where 6184761c declared double precision (701; `MOD(7, 3)` declares 23 as on PostgreSQL) (measured 2026-10-03, al/litMulI/alias, ac/abs, ac/mod); `t.i % 3` declares integer (OID 23) as `MOD(t.i, 3)` does, `%` being MOD's spelling (8ccfa832: bigint, OID 20, g/proj/i_l3; measured 2026-10-04) | — | value divergence | 2026-09-15 · [E78](#e78), P025 | #1070 | `pgwire.TestArcNXNumericCarrierOnTheWire` (kept w/rcSix, w/rcBig); `pgwire.TestArcMOPercentIsModOnTheWire` g/proj/i_l3 |
docs/adr/0012-amendments.md	869	numeric-decimal#r19	exists	| — | — | Closed without a row (PostgreSQL's answer, inside a scalar subquery only): an integer CAST or an integral EXTRACT field beside a NUMERIC in a subquery's body is an integer operand of numeric arithmetic under `*`, `+`, `-` and `%`, computed exactly, and so are unary minus, `abs`, `round`, `trunc`, `mod` and a `CASE` / `COALESCE` / `GREATEST` / `NULLIF` arm over the exact value past 2^53 (`-((SELECT x.b * 10000000 …) * t.n - 3) % 1000` -997.00 where 0.00 was answered before this fix, r8/s_negSub, r8/d_deepModNeg, r8/au_*; v0.25.3 declared these double, -0) — `(SELECT CAST(o.b AS INTEGER) * x.m …)` and `(SELECT extract(year FROM o.d) * x.m …)` are numeric 37.50 and 2530.00, as at v0.25.3 (intop/subCastM, subExtractM, wire subCastM, subExtractM, CTAS ctasCastN); `(SELECT x.m / CAST(o.i AS INTEGER) …)` is numeric 0.4166666666666666666667 (numeric-decimal#r19's digits) where v0.25.3 declared double precision 0.4166666666666667 (answer/subMDivCast). The same expressions in a query's own SELECT list keep double precision (filing candidate N-10; ADR-0024 §2c), as at v0.25.3 (answer/plainExtractN, derivedCastM, cteCastM, derivedExtractN); a quotient over a marked EXTRACT is the double it is divided in, on every row: `(SELECT x.m * (extract(year FROM o.d) / 7) …)` is double 361.42857142857144, as v0.25.3 answered it (r6/y_mTimesDiv7, wire mTimesYearDiv7; PostgreSQL numeric 361.428571428571428625). v0.25.3 declared `(SELECT extract(year FROM t.d) / 7 * t.n …)` numeric by the last column name and wrote the double into it, so it answered where the double fit two places and raised 22003 elsewhere: numeric -985.00 over id 2 (y/uncDiv7N2), -3447.50 over `/ 2` (w/uncDiv2N2), 0.00 over id 4 (w/uncDiv7N4), and 22003 over id 1 (w/uncDiv7N1) and on every per-row form (y/div7M); these are double now (-985, -3447.5, 0, 650.5714285714287). A nested scalar subquery answering an integer, or a bare integral EXTRACT field, is an integer operand of the outer body's numeric arithmetic: `(SELECT (SELECT z.v …) * y.m …)` is numeric 6.25 and `(SELECT (SELECT extract(year FROM o.d) …) * y.m …)` 2530.00, as at v0.25.3 (r6/n_subVtimesM, n_subYearTimesM, wire subVtimesM, subYearTimesM, CTAS ctasSubV); in a query's own SELECT list `(SELECT z.v …) * t.n` is numeric too where v0.25.3 declared double precision (r6/n_topVtimesN) | `coordinator.TestArcSSOperandClassAndWidthEveryArm`, `pgwire.TestArcSSScopeAndIntegerOperandsOnTheWire` |	| **r19** `SELECT m / i FROM t -- m numeric(10,2) = 1.25, i integer = 3` | 0.41666666666666666667 | 0.4166666666667 (measured, the same at v0.25.3): a DECIMAL quotient keeps max(6, s1 + p2 + 1) fraction digits, the divisor's precision its column type's (an integer column DECIMAL(10,0), a bigint DECIMAL(19,0), a numeric(10,2) its 10); an integer LITERAL divisor is its digit count, so `m / 3` keeps 6 (0.416667). A correlated subquery's outer value is typed as its column, so `(SELECT x.m / o.i …)` and `(SELECT x.v / o.n …)` answer the column forms' digits exactly; inside a scalar subquery an integral EXTRACT divisor takes the int64 range at scale 0, so `(SELECT x.m / extract(year FROM o.d) …)` keeps 22 fraction digits, the value correctly rounded (0.0006175889328063241107; PostgreSQL 0.00061758893280632411; v0.25.3 double precision 0.0006175889328063241 — coordinator r9/a_mDivYear). A quotient over an operand a cast made exact keeps the float8 rung, OID 701 — an integer CAST the query wrote, bare or under NULLIF, COALESCE, CASE, GREATEST, LEAST, abs, unary minus, integer arithmetic or numeric arithmetic (`(CAST(t.i AS INTEGER) * 1.0) / t.n`); a bare `CAST(… AS NUMERIC)` (`CAST(t.i AS NUMERIC) / t.n`, `t.n / CAST(t.b AS NUMERIC)`, `CAST(t.n AS NUMERIC) / 3`); either of those under a function whose result is its argument's exact type — abs, mod, round, ceil, ceiling, floor, trunc, sign, one list the plan and the kernel read (`ceil(CAST(t.i AS NUMERIC)) / t.n`, `round(CAST(t.i AS INTEGER) * 1.0) / t.n`; qf/*): `CAST(t.i AS INTEGER) / t.n` is the double 1.3333333333333333, 2, 0.5, 100 where PostgreSQL answers numeric 1.3333333333333333, 2.0000000000000000, 0.50000000000000000000, 100.0000000000000000 (measured 2026-10-02, issue/1450/div; the same at c39858f3), because this rule's 11 fraction digits would drop the double's 16 significant digits, and `CAST(t.n AS NUMERIC) / 3` is 0.75, 0.0033333333333333335 (the double, as at c39858f3; this rule's 6 digits would print 0.003333, bareCast/numOperand). Every other operator over such an operand is exact (#1450), so `t.n / NULLIF(CAST(t.b AS BIGINT), 0)` = 0.0000000011111111111111111111 selects PostgreSQL's row 3 and a `PARTITION BY` over it partitions as PostgreSQL's (nx/icBigDiv/cmp, nx/icBigDiv/winKey, nx/wq*/cmp, nx/wn*/cmp, nx/wq*/winKey, nx/wn*/winKey, qn/*/cmp: the same at c39858f3), and the projection of the wrapped cast is the double 0.075 … 1.111111111111111e-09 where c39858f3 raised 22003 numeric field overflow (declared at this rule, computed as the double; nx/icBigDiv/proj), and `ceil(CAST(t.i AS NUMERIC)) / t.n = 1.3333333333333333` selects PostgreSQL's row 1 as at c39858f3 (qf/ceil/bareNum/cmp and the other qf/*/cmp, qf/*/win, qf/*/group, qf/*/inList). A quotient of two constants keeps the double too — an integer literal past int64 among them, `9223372036854775808 / 2` 4.611686018427388e+18 where PostgreSQL answers numeric 4611686018427387904 (negLit/pastInt64Quot, as at c39858f3) — while the same literal over a column is this rule's one-scale numeric: `t.n / 9223372036854775808` 0.0000000000000000002439 where PostgreSQL answers 0.000000000000000000243945488809238498 (negLit/colOverPastInt64, as at c39858f3), and `9223372036854775808 / t.n` 4099276460824344803.55555555556 where PostgreSQL answers 4099276460824344803.56 (alias/pastInt64QuotNoAlias). An aliased item is the same quotient: `7 / t.n AS x` prints 3.11111111111 and `9223372036854775808 / t.n AS x` 4099276460824344803.55555555556 on every arm (alias/smallQuot, alias/pastInt64Quot); c39858f3's single-process arms typed such an item by the column its text named after the first dot and printed 3.11 and 4099276460824344803.56 | — | value divergence | 2026-09-30 · ADR-0024 §3 | #1422, #1450 | `coordinator.TestArcSSOperandClassAndWidthEveryArm`, `coordinator.TestArcNXNumericCarrierEveryArm` |
docs/adr/0012-amendments.md	902	temporal r25	exists	| parameters-pgwire | [r9](0012-divergences/parameters-pgwire.md#catalog) | Narrowed: the offset forms a timestamptz parameter applies are named (`Z`, `±hh`, `±hh:mm`, `±hhmm`, `±hh:mm:ss`); a zone name is refused 22007 (temporal r25) | `pgwire.TestArcPWRound2MatchesPostgres` |	"| **r25** `SELECT CAST('2024-03-04 12:00:00 UTC' AS TIMESTAMP)` (likewise `… America/New_York`, `… EST`, `…12:00:00Z+05`, `…12:00:00z+05`, `12:00 PM`, `2024-03-04 BC`, `March 4 2024`, `Mar 4, 2024 12:00`, `J2460374`, `20240304T120000`, `2024-03-04 012:00`; as DATE, TIMESTAMP, a TIMESTAMP literal or a timestamp / timestamptz parameter; the special words `now`, `today`, `tomorrow`, `yesterday`; the infinite value beside an era, a meridiem or punctuation, which PostgreSQL's lexer drops — `infinity BC`, `infinity AM`, `infinity,`, `""infinity""` (since 2026-10-04, arc TI; the bare word with its sign is read, r2's mechanism); and, since 2026-10-04, a quoted text compared with a DATE or TIMESTAMP operand in any position, as CAST refuses it — `ts < 'now'`, `d = 'today'`, `d = 'Jan 15 2024'`, `ts = 'J2460325'`, `ts = '2024-01-15 BC'`, `ts = '…Z+05'`, `ORDER BY ts < 'now'`, an UPDATE / DELETE WHERE; write `CURRENT_TIMESTAMP` / `CURRENT_DATE` for `'now'` / `'today'`. `epoch` is not in this list: the grammar reads it as 1970-01-01 00:00:00 everywhere (#1512)) | 2024-03-04 12:00:00 (each read: a zone name or abbreviation — `Z+05` is the POSIX zone five hours WEST of UTC, `TIMESTAMPTZ '2024-03-04 12:00:00Z+05'` is 17:00 UTC, not `Z` and then an offset — a meridiem, the special values `now` / `today` (the transaction's clock), BC, month names, a Julian day, an ISO-basic clock, a three-digit hour) | ERROR 22007 invalid input syntax (measured): outside the one date/time grammar (E41) — refused, never guessed; `DATE '2024-03-04 12:00:00Z+05'` and `…z+05` read 2024-03-04 at 978cd0e5, which discarded what followed the clock | 22007 | refusal | 2026-10-02 · [PW](../0012-amendments.md#2026-10-02-a-bound-parameters-type-arc-pw-1426-1410) | #1426 | `pgwire.TestArcPWRound2MatchesPostgres` (b3/\*), `coordinator.TestArcPWZoneSpellingsEveryArm` (`…Z+05`, `…z+05`, kept), `coordinator.TestArcTCTimestampTextComparisonEveryArm` and `coordinator.TestArcTCBoundParameterEveryDoor` (kept, row temporal r25: sp/\*, pos/\*, spclock/\*), `wadjet.TestArcTCDMLSpecialWordsRefuseAsCastDoes` |"
docs/adr/0012-amendments.md	931	dml-assignment r2	exists	Three operand kinds PostgreSQL types `numeric` rode this engine's float8 rung. An integer CAST beside a numeric was not an integer operand of exact arithmetic outside a scalar subquery's body: at v0.25.3 (and at c39858f3), `CAST(t.i AS INTEGER) % t.n` over 1 and 0.01 answered 0.00999999999999998, `CAST(t.i AS INTEGER) * 0.1` over 3 answered 0.30000000000000004 and `CAST(t.b AS BIGINT) * 10000000 * t.n - 3` over 9000000000 and 10.00 answered 900000000000000000 (`wadjet.TestArcNXEmbeddedNumericCarrier` 1450/modMulPast2^53). A numeric constant a double cannot carry was boxed as a float64, so `COALESCE(14.0000000000000000001, 0)`, `CASE WHEN true THEN 14.0000000000000000001 END`, `LEAST(14.0000000000000000001, 20)` and `-(-14.0000000000000000001)` compared equal to 14 and `(SELECT COALESCE(14.0000000000000000001, 0))` answered 14 (1386/choiceUnarySubquery, 1386/where: 4 rows for PostgreSQL's 0). The explicit integer CAST of `5 / 2.0`, `SQRT(6.25)` and `POWER(2.5, 1)` answered 2 (negated -2) for PostgreSQL's 3 (1392/six, 1392/negSmallBig). Each is now PostgreSQL's answer on all five arms (`coordinator.TestArcNXNumericCarrierEveryArm`, 2008 cells) and on the wire (`pgwire.TestArcNXNumericCarrierOnTheWire`); a quotient over an operand a cast made exact keeps the double (r19) and a column a previous operator materialized keeps half-to-even rounding under an explicit CAST (dml-assignment r2).	| **r2** `SELECT CAST(s.x AS INTEGER) FROM (SELECT DISTINCT 5 / 2.0 + t.id * 0 AS x FROM ss_t t) s` | 3 | 2 (measured 2026-10-02 on every arm, roundOrigin/distinct; the same at c39858f3): a column a previous operator materialized is a float64 with no PostgreSQL category in the batch, so the cast rounds it half to even; the integer ASSIGNMENT of the same column rounds 3 (roundOrigin/insertDistinct). NARROWED 2026-10-02 (#1392): a cast whose operand computes the float-carried numeric itself rounds half away — `CAST(5 / 2.0 AS INTEGER)`, `CAST(SQRT(6.25) AS INTEGER)`, `CAST(POWER(2.5, 1) AS INTEGER)` are 3, negated -3, SMALLINT and BIGINT alike (2 and -2 at v0.25.3, issue/1392/*) | — | value divergence | 2026-09-28 · [E93](#e93), P015 | #1353, #1392 | `coordinator.TestArcNXNumericCarrierEveryArm` (kept roundOrigin/*) |
docs/adr/0012-amendments.md	986	other r21	exists	| — | — | Closed without a row (PostgreSQL's answer now): 0 % samples nothing, a percentage outside 0–100, NaN or NULL is 2202H, a value real cannot hold is 22003, every argument expression PostgreSQL takes is read, a sampled scan PostgreSQL never begins (`… TABLESAMPLE BERNOULLI (101) WHERE false`, `… LIMIT 0`, which answered no rows at 9420d256) answers no rows, a sampled subquery a constant short-circuits (`WHERE false AND EXISTS (…)`, `WHERE true OR …`, either operand order, a NULL conjunct) is never run, an EXISTS subquery's failure in an arm no row reaches (a CASE arm, an `x OR (NULL AND …)` arm) is never raised (a scalar subquery under a WHERE CASE is not planned on the cluster arms at all — an uncoded failure, as at 9420d256, #1364), a sample is drawn from the rows a DELETE left, and a statement draws each sample once on the async door — on the six arms and in the positions the gate's rows measure (a FROM item, a derived table, a CTE body, a WHERE / HAVING / ON / SELECT-list scalar subquery, IN, EXISTS); other r21 names the two cells that follow this engine's evaluation order (#1411) | `coordinator.TestArcTBTablesampleArgumentOnEveryArm`, `coordinator.TestArcTBDeferredSubqueryFailureOnEveryArm`, `expr.TestDeferredErrorRaisesOnlyWhereARowEvaluatesIt`, `test.TestTablesampleArgumentIsPostgresReal`, `sql.TestTablesampleArgumentIsAnExpression`, `server.TestArcTBASampledPolicedRelationPublishesOnlyThePolicysRows`, `exec.TestSampledSourceHonoursTheScansSelection`, `logical.TestDropUnbegunSamples`, `expr.TestCastTextToFloatTakesPostgresGrammar`, `coordinator.TestArcTBAsyncProbeSplitDrawsEachSampleOnce`, `sql.TestHasTablesampleReadsTokens` |	| **r21** `SELECT count(*) FROM e JOIN t TABLESAMPLE BERNOULLI (101) ON e.id = t.id` (e empty) and `SELECT count(*) FROM t WHERE id < 0 AND EXISTS (SELECT 1 FROM big TABLESAMPLE BERNOULLI (101))` | the join 0 (its Nested Loop reads e first and never begins the sample; `FROM t TABLESAMPLE BERNOULLI (101) JOIN e …` is 2202H — the answer follows PostgreSQL's join order); the EXISTS 2202H (an InitPlan in a one-time filter) | the join ERROR 2202H in either order on the embedded engine (a coordinator arm raises 2202H or #1190's refusal of the empty relation); the EXISTS 0 on the embedded engine (the conjunction is evaluated per row and no row reaches the subquery), 2202H on a cluster (a conjunct that reads no row is evaluated once at plan time, as PostgreSQL's one-time filter is); the same over an empty table for every conjunct PostgreSQL evaluates that way — `WHERE EXISTS (…)`, `NOT EXISTS`, `NOT (…)`, `CASE WHEN EXISTS (…) THEN …`, `(EXISTS (…)) = true`, `HAVING EXISTS (…)`, `JOIN … ON … AND EXISTS (…)`: 0 on the embedded engine, the subquery's error on a cluster (measured). The semi-join spelling is the same class: `SELECT count(*) FROM e WHERE id IN (SELECT id FROM big TABLESAMPLE BERNOULLI (101))` and its `= ANY` form over the empty `e` answer 0 on PostgreSQL, which builds the set on the first probe, and raise 2202H on the embedded engine, which builds the set before it reads an outer row (measured) | 2202H | value divergence | 2026-10-03 · [TB](../0012-amendments.md#2026-10-03-the-tablesample-argument-arc-tb-1411) | #1411 | `coordinator.TestArcTBTablesampleArgumentOnEveryArm` empty\_join/\*, exists\_coded/id\_negative\_and\_exists; `coordinator.TestArcTBDeferredSubqueryFailureOnEveryArm` (the r21 pins) |
docs/adr/0012-amendments.md	1028	temporal r2	exists	"The temporal carriers reserve their extremes for PostgreSQL's two infinite values, as PostgreSQL stores them: TIMESTAMP int64 epoch milliseconds MaxInt64 / MinInt64, DATE int32 epoch days MaxInt32 / MinInt32 — PostgreSQL's binary encoding of them too. The one grammar reads `infinity`, any case, with an optional sign that whitespace may separate from it; the printers write `infinity` / `-infinity`; the integer order is the temporal order, so comparison, sort, group, join key, MIN / MAX and pruning statistics need no case of their own. Each temporal operation — `± INTERVAL`, `date ± integer`, `date - date`, a timestamp difference, EXTRACT, `date_trunc`, `time_bucket`, a CAST between DATE and TIMESTAMP or to `bigint` / `double precision`, and this engine's own temporal functions — answers an infinite value in its own body as PostgreSQL does or refuses it 22008 (temporal r2), and no computation produces one. A function or operator that takes a number also takes a DATE or TIMESTAMP here (PostgreSQL 42883) and reads the stored count, an infinite value's included: `-d` is -2147483647 and `round(ts)` 9.22e18, as `-ts` over a finite value answered a number at 8e681724. At 8e681724 and at 89cea148 `SELECT CAST('infinity' AS TIMESTAMP)` and `SELECT CAST('-infinity' AS DATE)` raised 22007 on five doors (in/cast/TIMESTAMP/""infinity"", in/cast/DATE/""-infinity""), and so did the INSERT of either word (`wadjet.TestArcTIInfinityStoresReopensAndAnswersDML`'s first statement); at 8e681724 a binary timestamp parameter carrying the int64 extreme was 22023 at Bind (`pgwire.TestArcTSABinaryTimestampParameterIsTheInstantItNames`). Over a relation of finite values, `SELECT id FROM ti_f WHERE ts < 'infinity'` (ord/finite\_ctrl/ts) answered row 7 alone on the embedded doors and PostgreSQL's four rows on the DAG doors at 89cea148, raised 22007 on five doors at 8e681724, and answers PostgreSQL's four rows on five doors at 65907c97. Of the 33 `'infinity'` cells of arc TC that 89cea148 answered as PostgreSQL does on all five doors and 8e681724 refused 22007 (the 2026-10-04 entry above), 31 answer PostgreSQL's rows on five doors again at 65907c97; `ts < ALL ('{infinity}')` and `d < ALL ('{infinity}')` (pos/lt\_all\_one/\*/""infinity"") stay 22007, because `ANY` / `ALL` of a quoted array literal reads the literal as one scalar (filing candidate TC-F1, every type alike)."	| **r2** `SELECT ts - TIMESTAMP '2024-01-01 00:00:00' FROM t` over a row holding `infinity` (likewise `TIMESTAMP '2024-01-01 00:00:00' - ts`, `ts - '2024-01-01'`, `ts - ts`; `CAST(ts AS BIGINT)` / `CAST(d AS INTEGER)` / `CAST(ts AS DOUBLE PRECISION)` over an infinite value; this engine's own temporal functions over one — `date_add`, `date_sub`, `date_diff`, `to_date`, `last_day_of_month`, `to_unixtime`, `date_format`, `at_timezone`; `time_bucket` with an infinite origin) | infinity, an interval (an infinite interval, PostgreSQL 17); `infinity - infinity` is ERROR 22008 interval out of range; the CASTs are ERROR 42846 for every value; the functions do not exist (42883); `date_bin` with an infinite origin is ERROR 22008 origin out of range | ERROR 22008 `… is not defined for an infinite timestamp` (measured, five doors): this engine's `timestamp - timestamp` is a millisecond count (r16) and an infinite one has no count; a CAST to a number, its own functions and the origin likewise refuse rather than compute on the carrier's extreme. `date - date` with an infinite side is 22008 as on PostgreSQL (`cannot subtract infinite dates`); `± INTERVAL`, `date ± integer`, a CAST between DATE and TIMESTAMP, EXTRACT / date_part and the field functions EXTRACT is written as (`year(ts)`, …), date_trunc, timezone and time_bucket answer PostgreSQL's value | 22008 | refusal | 2026-09-22 · [E36](#e36), P004; 2026-10-04 (#1512); 2026-10-04 ([TI](../0012-amendments.md#2026-10-04-infinity-and--infinity-are-timestamp-and-date-values-arc-ti)) | #1266, #1512 | `coordinator.TestArcTIInfinityEveryArm` (kept ar/ts\_minus\_lit, ar/lit\_minus\_ts, ar/ts\_to\_bigint, ar/ts\_to\_double, ar/d\_to\_int, ar/eng\_\*), `expr.TestArcTIInfiniteValueOwners` |
docs/adr/0012-amendments.md	1065	parameters-pgwire r10	exists	A comparison read a literal beside a BYTES column through bytea input (#582), and no other door did. At c67ebf5b (`wadjet.TestArcBYBytesAssignmentStoresByteainBytes`, the gate copied in): `INSERT INTO bt VALUES (3, E'\\x6869')` and `INSERT INTO bt SELECT 13, '\x6869'` stored the six bytes `5c7836383639`, `(4, 'a\\b')` four bytes and `(5, 'a\000b')` six, where PostgreSQL 17.11 stores `6869`, `615c62` and `610062`, so `SELECT count(*) FROM bt WHERE b = '\x6869'` answered 0 where PostgreSQL answers 5; `(22, '\x686')`, `(23, '\X6869')`, `(24, '\x68zz')`, the multi-row `(20, '\x6869'), (21, 'a\b')` and `UPDATE bt SET b = 'a\b'` were stored where PostgreSQL refuses 22023 / 22P02 and stores nothing; `INSERT … SELECT CAST(s AS BYTES)` was 42804 and `CREATE TABLE bc AS SELECT CAST('\x6869' AS BYTES)` minted a text column. On the five doors (`coordinator.TestArcBYByteaInputEveryArm`, 33 of 45 cells failing at c67ebf5b): `CAST(text AS BYTES)` passed its operand through declared text (cast/\*), `CAST(id AS BYTES)` answered (cast/col/bigint; PostgreSQL 42846), `b = '\x6 869'` matched rows 1 and 6 (cmp/ws-in-pair; PostgreSQL 22023), `b = '\x686'` was 22P02 (cmp/odd; PostgreSQL 22023), `decode('68 69', 'hex')` was refused (decode/hex-ws; PostgreSQL `\x6869`), a scalar subquery's BYTES answer reached the DAG stage as `[92 120 52 49]` and failed to parse (scalar/\*, the three DAG doors), a correlated re-run's outer value was read by bytea input a second time — `(SELECT count(*) FROM by_t i WHERE i.b = o.b)` answered 2 for the four bytes `\x41` and 0 for two backslashes, where PostgreSQL answers 1 and 1 (correlated/count-no-nul) — and refused a value holding a NUL (correlated/count, correlated/select-outer). Over the wire (`pgwire.TestArcBYByteaWireDoorsMatchPostgres`, 10 steps failing at c67ebf5b) the text bytea parameter `'a\b'` was refused 22023 at Bind where PostgreSQL refuses 22P02 (ins/text-bytea-lone-backslash), and the retired bytea parameter refusal (now parameters-pgwire r10)'s binary `00 ff 5c` was 22P02 (cmp/binary-backslash).	| **r10** `SELECT $1` — `$1` declared bytea, int4[] or text[] | bytea (OID 17) `\x6869`; int4[] (1007); text[] (1009) | text (OID 25): `\x6869` for a text-format and a binary bytea alike — the parameter is a BYTES value (`CAST('\x6869' AS BYTES)`), and only the statement Describe declares it text (amended 2026-10-05: a binary one printed its raw bytes, `hi`, at c67ebf5b); `{1,2}`; an array parameter in binary format is refused 22023 (measured) | 22023 | documented gap | 2026-10-02 · [PW](../0012-amendments.md#2026-10-02-a-bound-parameters-type-arc-pw-1426-1410) | #1410 | `pgwire.TestArcPWParameterTypesMatchPostgres` (select/17/\*, select/1007/\*, select/1009/\*) |
docs/adr/0012-divergences/aggregates-windows.md	34	numeric-decimal r18	exists	PostgreSQL declares `lag(anycompatible, integer, anycompatible)`. `physical.lagLeadWidening` is the one reading: the declaration (`physical.windowSpecOutputType`) is `expr.CommonDeclType` over the value's and the default's declarations — the fold CASE and COALESCE arms declare through — with `batch.TemporalCommonType`'s DATE → TIMESTAMP rung in front; the value's declaration is a column's or, for a computed value, its own expression's (`physical.windowValueDecl`); `physical.resolveWindowKeys` materializes the default, and the value where it widens, as `__winkey_N` columns CAST to that type (on the DAG a computed derived alias they read is computed on the stage that feeds the window, as a key's is, under the alias's own name; over a derived table that computes a column — an expression, not an aggregate (`SELECT g, SUM(b) AS b … GROUP BY g` read through a join still reads the other side's `b` on the DAG arms, #1549) — under the name of a column of its own input (`SELECT b * 2 AS b, b AS ob`, `logical.WindowShadowedInput`), reached from the window through filters, sorts, limits and Projects — the table itself, or a chain of derived tables or CTEs above it that forward its columns (`SELECT id, g, b FROM (SELECT id, g, b * 2 AS b …) s0`, `coordinator.TestArcWDTwoLevelShadowPlansOnTheDAG`) — that stage emits the table's declared columns under their own names, each composed down the chain to the scan, the shadowed source is not on the stream, and the block the query reads the window through (`x` in `(SELECT id, SUM(b) OVER (…) AS w, b AS w3 FROM (…) s) x`, `logical.WindowShadowedBlock`) is a relation of its own: every name walk from above stops at it, the stage DAG publishes its list onto the window stage, and a join above names that arm by the block's alias. So the window and the consumers above it measured in `coordinator.TestArcWDWindowConsumersEveryArm` — the SELECT list, an expression, WHERE, an inner, LEFT or CROSS join on either side or keyed on either column, IN, NOT EXISTS, an aggregate, GROUP BY, HAVING, DISTINCT, ORDER BY + LIMIT, UNION ALL, a window over the window, a CTE self-join, a nested derived table — and every consumer above a join over such an arm measured in `coordinator.TestArcWDJoinConsumersEveryArm` — the SELECT list (qualified or bare), an aggregate, HAVING, GROUP BY, a window, WHERE, ORDER BY + LIMIT, DISTINCT, a second join keyed on the arm's column, a UNION ALL arm and a scalar subquery, above an INNER, LEFT, RIGHT, FULL, CROSS or keyless LEFT join with the arm on either side, one or two derived tables deep, with or without a filter inside them — read `b` as the computed column and `ob` as the source; a `SELECT DISTINCT` between the window and the table is outside the check, and an aggregate or GROUP BY above such a window computes the definition a second time on the DAG arms, as at the base; the keys a DAG window stage computes are named for the stage (`__winkey_s<stage>_N`), so a window stacked over another reads its own; an alias over an aggregate's group rows, at any depth, is spelled in the names the aggregate stage publishes and computed by the window's key projection, and a bare key or argument over one is answered on the coordinator-local pipeline unless its definition reads a window over the group rows); `exec.WindowColumn.LagLeadDefaultCol` names the default's column on the single-process pipeline, the DAG stage spec, the wire message and the worker, and the columnar, spilled-partition and streaming evaluators copy the current row's default out of it. `LAG(b, 1, 2.5)` over a bigint is numeric and answers 2.5 on the rows the default fills; a column default reads the row it fills (`LAG(b, 1, d)` over a double is double precision); a quoted literal takes the value's type (`'7'` is 7, `'a'` is 22P02); a NULL default — bare, under a CAST, or an expression whose every leaf is one — contributes its type family and no width (`physical.lagLeadDefaultDecl`: `CAST(NULL AS NUMERIC)` over a bigint value is DECIMAL(38,0), so `LAG(b * 1000000000000000 + 1, 1, CAST(NULL AS NUMERIC))` keeps 10000000000000001, `coordinator.TestArcWDTypedNullDefaultEveryArm`; over a DECIMAL value the value's own type; over a double, double precision); the rule is the default's alone, and a typed NULL in COALESCE, CASE or arithmetic keeps its double precision declaration (ADR-0024); a pair of different classes (`LAG(s, 1, 2.5)` over text, `LAG(bo, 1, 7)` over boolean, a DATE value with an integer default) is PostgreSQL's 42883 `function lag(text, integer, numeric) does not exist`, raised by the binder (`physical.refuseLagLeadDefaultType`). Until 2026-10-02 the default was a float64 or its SQL text written into a vector of the value's type: 2.5 truncated to 2, a text, column, CAST or `1 + 1` default failed the write, and a DATE value's default answered NULL (#1435, #1436). A numeric result carries one scale per column (numeric-decimal r18): `LAG(b, 1, 2.5)` prints `10.0` where PostgreSQL prints `10`. A scalar-subquery default that reads a table is not evaluated (r23): the single-process path writes the subquery's text into the default's column and the DAG's window fragment cannot compile it as a key.	| **r18** `SELECT COALESCE(d152, 12.3456789012345) FROM t -- d152 numeric(15,2)` | 12.75 | 12.7500000000000 (one scale per column; wire typmod -1); the elements of a numeric[] array share one scale too: `ARRAY[n, 1]` over a numeric(10,2) is {2.25,1.00} where PostgreSQL prints {2.25,1} (measured, r12/b2/arrN1); a numeric constant a double cannot carry is its own DECIMAL in a fold, so `COALESCE(t.b, 14.0000000000000000001)` over a bigint prints 30.0000000000000000000 for PostgreSQL's 30 and 14.0000000000000000001 on the NULL row, and `CASE WHEN 14.0000000000000000001 > 14 THEN 14 ELSE 13.25 END` prints 14.00 for 14 (measured 2026-10-02, nx/ncCoalesceCol/*, nx/ncCaseChoice/*; at c39858f3 the first was the double 14 on the NULL row and the second 13.25, the wrong arm) | — | value divergence | 2026-09-05 · [E64](#e64), [A13](../0012-amendments.md#a13), P007 | #764, #1386 | `coordinator.TestLiteralScaleInADecimalFold`, `coordinator.TestArcNXNumericCarrierEveryArm` |
docs/adr/0012-divergences/parameters-pgwire.md	29	temporal#r25	exists	| **r9** `SELECT $1` — `$1` declared timestamptz, bound `'2024-03-04 12:00:00+00'` | timestamptz (OID 1184) `2024-03-04 12:00:00+00` | timestamp (OID 1114) `2024-03-04 12:00:00`: the instant at UTC, the session TimeZone the server reports; an offset spelled `Z`, `±hh`, `±hh:mm`, `±hhmm` or `±hh:mm:ss` (a space before it or not) is applied — `ts = $1` bound `'2024-03-04 17:00:00+05'` or `'…+0530'` matches as on PostgreSQL — and a zone NAME (`UTC`, `EST`, `America/New_York`) is refused 22007 as the TIMESTAMP input refuses it ([temporal#r25](temporal.md#catalog); measured) | — | documented gap | 2026-10-02 · [PW](../0012-amendments.md#2026-10-02-a-bound-parameters-type-arc-pw-1426-1410) | #1426 | `pgwire.TestArcPWParameterTypesMatchPostgres` (select/1184/\*, select-null/1184, eq/ts/1184/\*), `pgwire.TestArcPWRound2MatchesPostgres` (b3/ts >= $1 timestamptz/\*) |	"| **r25** `SELECT CAST('2024-03-04 12:00:00 UTC' AS TIMESTAMP)` (likewise `… America/New_York`, `… EST`, `…12:00:00Z+05`, `…12:00:00z+05`, `12:00 PM`, `2024-03-04 BC`, `March 4 2024`, `Mar 4, 2024 12:00`, `J2460374`, `20240304T120000`, `2024-03-04 012:00`; as DATE, TIMESTAMP, a TIMESTAMP literal or a timestamp / timestamptz parameter; the special words `now`, `today`, `tomorrow`, `yesterday`; the infinite value beside an era, a meridiem or punctuation, which PostgreSQL's lexer drops — `infinity BC`, `infinity AM`, `infinity,`, `""infinity""` (since 2026-10-04, arc TI; the bare word with its sign is read, r2's mechanism); and, since 2026-10-04, a quoted text compared with a DATE or TIMESTAMP operand in any position, as CAST refuses it — `ts < 'now'`, `d = 'today'`, `d = 'Jan 15 2024'`, `ts = 'J2460325'`, `ts = '2024-01-15 BC'`, `ts = '…Z+05'`, `ORDER BY ts < 'now'`, an UPDATE / DELETE WHERE; write `CURRENT_TIMESTAMP` / `CURRENT_DATE` for `'now'` / `'today'`. `epoch` is not in this list: the grammar reads it as 1970-01-01 00:00:00 everywhere (#1512)) | 2024-03-04 12:00:00 (each read: a zone name or abbreviation — `Z+05` is the POSIX zone five hours WEST of UTC, `TIMESTAMPTZ '2024-03-04 12:00:00Z+05'` is 17:00 UTC, not `Z` and then an offset — a meridiem, the special values `now` / `today` (the transaction's clock), BC, month names, a Julian day, an ISO-basic clock, a three-digit hour) | ERROR 22007 invalid input syntax (measured): outside the one date/time grammar (E41) — refused, never guessed; `DATE '2024-03-04 12:00:00Z+05'` and `…z+05` read 2024-03-04 at 978cd0e5, which discarded what followed the clock | 22007 | refusal | 2026-10-02 · [PW](../0012-amendments.md#2026-10-02-a-bound-parameters-type-arc-pw-1426-1410) | #1426 | `pgwire.TestArcPWRound2MatchesPostgres` (b3/\*), `coordinator.TestArcPWZoneSpellingsEveryArm` (`…Z+05`, `…z+05`, kept), `coordinator.TestArcTCTimestampTextComparisonEveryArm` and `coordinator.TestArcTCBoundParameterEveryDoor` (kept, row temporal r25: sp/\*, pos/\*, spclock/\*), `wadjet.TestArcTCDMLSpecialWordsRefuseAsCastDoes` |"
docs/adr/0012-divergences/parameters-pgwire.md	31	numeric-decimal#r1	exists	| **r12** `SELECT $1 + 1` — `$1` undeclared, bound `'2'` | parameter integer, result integer | parameter integer, result bigint: the parameter takes PostgreSQL's type — beside arithmetic its operator result type, so `$1 = n * 2` is integer as on PostgreSQL — and the expression around it this engine's declaration: integer arithmetic ([numeric-decimal#r1](numeric-decimal.md#catalog)), an integer CAST (`SELECT CAST($1 AS INTEGER)`) and NTILE declare bigint, and `WHERE m = $1` over a derived `n * 2 AS m` types the parameter bigint where PostgreSQL types it integer (the derived column is this engine's declaration). `SELECT $1` (or `COALESCE($1, 0)`) declared integer and bound `-7`, text or binary, executes as bigint (a negative integer literal declares bigint here, and so does `CAST(-7 AS INTEGER)`) while the statement Describe declared integer: eight bytes in a binary row where PostgreSQL sends four, so a client that decodes binary rows by that Describe refuses the value; declared smallint it is r8's integer Describe with the same eight bytes (PostgreSQL: smallint, two). An integer or smallint parameter past its width raises 22003 as on PostgreSQL (measured) | — | documented gap | 2026-10-02 · [PW](../0012-amendments.md#2026-10-02-a-bound-parameters-type-arc-pw-1426-1410) | #1410 | `pgwire.TestArcPWParameterTypesMatchPostgres` (infer/SELECT $1+1, infer/CAST int, infer/NTILE, infer/derived), `pgwire.TestArcPWNegativeIntegerOutputResidual`, `pgwire.TestArcPWRound2MatchesPostgres` (b2/\*, b4/\*) |	| **r1** `SELECT CAST(SUM(a) OVER () AS INTEGER) FROM ni` | integer (OID 23) | bigint (OID 20) (measured; MAX(c_i32) + 0 and c_i32 + 1 also bigint, with rows or none: `SELECT t.i - t.i FROM t WHERE t.id = 99` (no row) declares 20; inside a scalar subquery int4 arithmetic declares integer and raises 22003 past its range, as on PostgreSQL); an integer CAST of a float-carried numeric declares 20 with PostgreSQL's value, `CAST(5 / 2.0 AS INTEGER)` 3 (measured 2026-10-02, wire w/rcSix; 2 at v0.25.3); an alias does not change the width, `SELECT 7 * t.i AS x` declares 20 as `7 * t.i` does (c39858f3's and 6184761c's single-process arms declared 23 there, from the column `i` the text named after its first dot), and `ABS(-1)` declares 20 where 6184761c declared double precision (701; `MOD(7, 3)` declares 23 as on PostgreSQL) (measured 2026-10-03, al/litMulI/alias, ac/abs, ac/mod); `t.i % 3` declares integer (OID 23) as `MOD(t.i, 3)` does, `%` being MOD's spelling (8ccfa832: bigint, OID 20, g/proj/i_l3; measured 2026-10-04) | — | value divergence | 2026-09-15 · [E78](#e78), P025 | #1070 | `pgwire.TestArcNXNumericCarrierOnTheWire` (kept w/rcSix, w/rcBig); `pgwire.TestArcMOPercentIsModOnTheWire` g/proj/i_l3 |
docs/adr/0012-divergences/temporal.md	56	temporal r25	exists	"| **r25** `SELECT CAST('2024-03-04 12:00:00 UTC' AS TIMESTAMP)` (likewise `… America/New_York`, `… EST`, `…12:00:00Z+05`, `…12:00:00z+05`, `12:00 PM`, `2024-03-04 BC`, `March 4 2024`, `Mar 4, 2024 12:00`, `J2460374`, `20240304T120000`, `2024-03-04 012:00`; as DATE, TIMESTAMP, a TIMESTAMP literal or a timestamp / timestamptz parameter; the special words `now`, `today`, `tomorrow`, `yesterday`; the infinite value beside an era, a meridiem or punctuation, which PostgreSQL's lexer drops — `infinity BC`, `infinity AM`, `infinity,`, `""infinity""` (since 2026-10-04, arc TI; the bare word with its sign is read, r2's mechanism); and, since 2026-10-04, a quoted text compared with a DATE or TIMESTAMP operand in any position, as CAST refuses it — `ts < 'now'`, `d = 'today'`, `d = 'Jan 15 2024'`, `ts = 'J2460325'`, `ts = '2024-01-15 BC'`, `ts = '…Z+05'`, `ORDER BY ts < 'now'`, an UPDATE / DELETE WHERE; write `CURRENT_TIMESTAMP` / `CURRENT_DATE` for `'now'` / `'today'`. `epoch` is not in this list: the grammar reads it as 1970-01-01 00:00:00 everywhere (#1512)) | 2024-03-04 12:00:00 (each read: a zone name or abbreviation — `Z+05` is the POSIX zone five hours WEST of UTC, `TIMESTAMPTZ '2024-03-04 12:00:00Z+05'` is 17:00 UTC, not `Z` and then an offset — a meridiem, the special values `now` / `today` (the transaction's clock), BC, month names, a Julian day, an ISO-basic clock, a three-digit hour) | ERROR 22007 invalid input syntax (measured): outside the one date/time grammar (E41) — refused, never guessed; `DATE '2024-03-04 12:00:00Z+05'` and `…z+05` read 2024-03-04 at 978cd0e5, which discarded what followed the clock | 22007 | refusal | 2026-10-02 · [PW](../0012-amendments.md#2026-10-02-a-bound-parameters-type-arc-pw-1426-1410) | #1426 | `pgwire.TestArcPWRound2MatchesPostgres` (b3/\*), `coordinator.TestArcPWZoneSpellingsEveryArm` (`…Z+05`, `…z+05`, kept), `coordinator.TestArcTCTimestampTextComparisonEveryArm` and `coordinator.TestArcTCBoundParameterEveryDoor` (kept, row temporal r25: sp/\*, pos/\*, spclock/\*), `wadjet.TestArcTCDMLSpecialWordsRefuseAsCastDoes` |"	"| **r25** `SELECT CAST('2024-03-04 12:00:00 UTC' AS TIMESTAMP)` (likewise `… America/New_York`, `… EST`, `…12:00:00Z+05`, `…12:00:00z+05`, `12:00 PM`, `2024-03-04 BC`, `March 4 2024`, `Mar 4, 2024 12:00`, `J2460374`, `20240304T120000`, `2024-03-04 012:00`; as DATE, TIMESTAMP, a TIMESTAMP literal or a timestamp / timestamptz parameter; the special words `now`, `today`, `tomorrow`, `yesterday`; the infinite value beside an era, a meridiem or punctuation, which PostgreSQL's lexer drops — `infinity BC`, `infinity AM`, `infinity,`, `""infinity""` (since 2026-10-04, arc TI; the bare word with its sign is read, r2's mechanism); and, since 2026-10-04, a quoted text compared with a DATE or TIMESTAMP operand in any position, as CAST refuses it — `ts < 'now'`, `d = 'today'`, `d = 'Jan 15 2024'`, `ts = 'J2460325'`, `ts = '2024-01-15 BC'`, `ts = '…Z+05'`, `ORDER BY ts < 'now'`, an UPDATE / DELETE WHERE; write `CURRENT_TIMESTAMP` / `CURRENT_DATE` for `'now'` / `'today'`. `epoch` is not in this list: the grammar reads it as 1970-01-01 00:00:00 everywhere (#1512)) | 2024-03-04 12:00:00 (each read: a zone name or abbreviation — `Z+05` is the POSIX zone five hours WEST of UTC, `TIMESTAMPTZ '2024-03-04 12:00:00Z+05'` is 17:00 UTC, not `Z` and then an offset — a meridiem, the special values `now` / `today` (the transaction's clock), BC, month names, a Julian day, an ISO-basic clock, a three-digit hour) | ERROR 22007 invalid input syntax (measured): outside the one date/time grammar (E41) — refused, never guessed; `DATE '2024-03-04 12:00:00Z+05'` and `…z+05` read 2024-03-04 at 978cd0e5, which discarded what followed the clock | 22007 | refusal | 2026-10-02 · [PW](../0012-amendments.md#2026-10-02-a-bound-parameters-type-arc-pw-1426-1410) | #1426 | `pgwire.TestArcPWRound2MatchesPostgres` (b3/\*), `coordinator.TestArcPWZoneSpellingsEveryArm` (`…Z+05`, `…z+05`, kept), `coordinator.TestArcTCTimestampTextComparisonEveryArm` and `coordinator.TestArcTCBoundParameterEveryDoor` (kept, row temporal r25: sp/\*, pos/\*, spclock/\*), `wadjet.TestArcTCDMLSpecialWordsRefuseAsCastDoes` |"
docs/adr/0013-correctness-gates-and-their-boundaries.md	92	aggregates-windows#r7	exists	[aggregates-windows#r7](0012-divergences/aggregates-windows.md#catalog) and	| **r7** `SELECT mode(x), percentile_cont(0.5, x), percentile_disc(0.5, x) FROM t` | ERROR 42809 (plain call of an ordered-set aggregate) | answers over numbers; MEDIAN and QUANTILE_* also answer | — | kept superset | — · P090 | #1249 | — |
docs/adr/0013-correctness-gates-and-their-boundaries.md	93	comparison-membership#r12	exists	[comparison-membership#r12](0012-divergences/comparison-membership.md#catalog)).	| **r12** `SELECT percentile_cont(0.5, id), median(id) FROM t` | ERROR 42809 (plain call; WITHIN GROUP required); median 42883 | 13, 13 over numbers (measured); over non-numbers MODE and PERCENTILE_DISC 42809, MEDIAN 42883 | — | kept superset | 2026-09-22 · [E01](#e01) | #1249 | — |
docs/adr/0021-subquery-name-resolution-and-set-materialization.md	2954	other#r27	exists	[other#r27](0012-divergences/other.md#catalog)).	| **r27** `WITH s AS (SELECT random() r) SELECT count(DISTINCT (SELECT r + t.id*0 FROM s)) FROM cm_big t WHERE t.id <= 50` (a CTE read ONCE, from a correlated subquery); and `SELECT count(DISTINCT (WITH s AS (SELECT random() r) SELECT r + t.id*0 FROM s)) FROM cm_big t WHERE t.id <= 50` (a WITH declared inside one) | 1: the CTE is materialized once and its tuplestore is kept across the subquery's rescans | 50 on the embedded arms (measured, and the same at c67ebf5b): a CTE the statement reads once is inlined (ADR-0021 §2d), and the correlated subquery re-runs its body per outer row; a WITH inside the subquery's text is re-parsed per execution | — | value divergence | 2026-10-05 · [CM](../0012-amendments.md#2026-10-05-a-volatile-cte-is-evaluated-once-arc-cm-1531) | — | `wadjet.TestArcCMCorrelatedReaderIsEvaluatedPerOuterRow` (pins R1, R3) |
docs/adr/0021-subquery-name-resolution-and-set-materialization.md	3015	other#r24	exists	**What the stage DAG still does** (catalog: [other#r24](0012-divergences/other.md#catalog)).	| **r24** `WITH s AS (SELECT id, random() AS r FROM tb_big WHERE id <= 50) SELECT count(*) FROM (SELECT id, r FROM s EXCEPT SELECT id, r FROM s) u` on a cluster (the stage DAG) | 0: the CTE is materialized once and both arms read it (`CTE Scan` per reference) | 50 on the three DAG arms (measured at e8ece057): the stage two consumers share is the body's SCAN and the volatile projection is computed in each consumer; likewise `(SELECT r FROM s) <> (SELECT r FROM s)` over `sum(random())` (3 rows) and an IN / NOT IN set or a CASE-wrapped subquery, which the coordinator executes at plan time apart from the FROM reference (`r NOT IN (SELECT r FROM s)` over `sum(random())`: 1). The embedded engine and the asynchronous door answer 0, and so does a statement the coordinator runs on its local pipeline (ADR-0021 §2d). A TABLESAMPLE body agrees where the sample is drawn in the shared scan stage | — | value divergence | 2026-10-05 · [CM](../0012-amendments.md#2026-10-05-a-volatile-cte-is-evaluated-once-arc-cm-1531) | #1531 | `coordinator.TestArcCMVolatileCTEReadTwiceIsEvaluatedOnce` (pins: ref2\_except\_arms, ref2\_union\_arms, ref2\_aggregate, ref2\_scalar\_where, issue/c1, ref2\_not\_in/aggrnd, join\_on\_two, exists\_two, distinct\_on\_union\_all, spill\_big\_scalar, toplevel\_except) |
docs/adr/0024-decimal-is-finite-fixed-point-with-postgres-result-types.md	47	aggregates-windows r24	exists	(catalog aggregates-windows r24).	| **r24** `CREATE TABLE c AS SELECT id, LAG(b, 1, CAST(NULL AS NUMERIC)) OVER (ORDER BY id) AS v FROM t; INSERT INTO c VALUES (9, 0.75)` (b bigint) | the column is unconstrained numeric and stores 0.75 | the column is DECIMAL(38,0), the scale of the LAG result over a bigint, and stores 1; a column created from a numeric LAG / LEAD result takes the result's one scale where PostgreSQL's column is unconstrained (ADR-0024 §1; the unconstrained NUMERIC column, `CREATE TABLE t (v NUMERIC)`, is the same scale-0 rung, #1541). A default that is an expression over a typed NULL (`CAST(NULL AS NUMERIC) + 0`) is declared double precision, as that expression is everywhere (#1541), so `LAG(b * 1e15 + 1, 1, CAST(NULL AS NUMERIC) + 0)` answers the double 1e+16 where PostgreSQL answers 10000000000000001 (measured 2026-10-04). 8b00b112 refused the CREATE TABLE AS (`cannot store string into INT64 vector`) | — | value divergence | 2026-10-04 · [WD](../0012-amendments.md#2026-10-02-a-lag--lead-default-widens-the-result-arc-wd-1435) | #1436 | `wadjet.TestArcWDTypedNullCreateTableAs` c10 (pin: fails when 0.75 is stored) |
docs/adr/0024-decimal-is-finite-fixed-point-with-postgres-result-types.md	461	dml-assignment#r2	exists	`5 / 2.0` still rounds half to even (dml-assignment#r2, candidate NX-C1).	| **r2** `SELECT CAST(s.x AS INTEGER) FROM (SELECT DISTINCT 5 / 2.0 + t.id * 0 AS x FROM ss_t t) s` | 3 | 2 (measured 2026-10-02 on every arm, roundOrigin/distinct; the same at c39858f3): a column a previous operator materialized is a float64 with no PostgreSQL category in the batch, so the cast rounds it half to even; the integer ASSIGNMENT of the same column rounds 3 (roundOrigin/insertDistinct). NARROWED 2026-10-02 (#1392): a cast whose operand computes the float-carried numeric itself rounds half away — `CAST(5 / 2.0 AS INTEGER)`, `CAST(SQRT(6.25) AS INTEGER)`, `CAST(POWER(2.5, 1) AS INTEGER)` are 3, negated -3, SMALLINT and BIGINT alike (2 and -2 at v0.25.3, issue/1392/*) | — | value divergence | 2026-09-28 · [E93](#e93), P015 | #1353, #1392 | `coordinator.TestArcNXNumericCarrierEveryArm` (kept roundOrigin/*) |
docs/adr/0026-a-group-key-has-one-identity-and-one-name.md	29	numeric-decimal r21	exists	PostgreSQL keeps distinct expression identities and refuses that spelling with 42803; this retained superset is [numeric-decimal r21](0012-divergences/numeric-decimal.md#catalog), measured again on the release tip in `hk_author/additional_trace.tsv` (`ADR-0026`).	"| **r21** `SELECT MOD(8, '2.5')` | ERROR 22P02 invalid input syntax for type integer: ""2.5"" (the unknown literal resolves to the integer argument's type) | 0.5, double precision (OID 701) (measured): beside an integer, a quoted literal whose text is not an integer is read as the number it spells, as `8 + '2.5'` is 10.5 and `MOD(t.b, '2.5')` over -70 is 0; a quoted integer keeps the integer type, `MOD(t.i, '3')` is integer (OID 23) as on PostgreSQL. The `%` operator is the `MOD` function, so the two spellings match each other where an expression must match a grouping key: `SELECT t.i % 2, count(*) FROM t GROUP BY mod(t.i, 2)` answers the groups here (measured 2026-10-04) where PostgreSQL raises 42803. 9420d256 answered `MOD(8, '2.5')` 0.5 and `8 + '2.5'` 10.5 the same, and `MOD(t.i, '2.5')` over 3 the integer 0; the `%` spelling is MOD (2026-10-04, #1527): `8 % '2.5'` is the same double 0.5 and `t.i % '2.5'` over 3, -7, 5 is 0.5, -2, 0 as `MOD(t.i, '2.5')` is (8ccfa832: `8 % '2.5'` 0 on the single-process arms and 0.5 on the DAG arms, `t.i % '2.5'` 1, -1, 1 single-process and 0.5, -2, 0 on the DAG, g/proj/l8_q25, g/proj/i_q25) | PG 22P02 | kept superset | 2026-10-03 · ADR-0024 §3 | — | `coordinator.TestArcNXNumericCarrierEveryArm` m/modLitQuoted\*, m/modColQuoted\*; `pgwire.TestArcNXNumericCarrierOnTheWire` w/modLitQuotedFracTbl, w/modColQuotedFracB; `coordinator.TestArcMOPercentIsModEveryArm` g/\*/i_q25, g/\*/l8_q25 (kept, both spellings) |"
docs/data-types.md	608	temporal#r2	exists	(catalog [temporal#r2](adr/0012-divergences/temporal.md#catalog)). No	| **r2** `SELECT ts - TIMESTAMP '2024-01-01 00:00:00' FROM t` over a row holding `infinity` (likewise `TIMESTAMP '2024-01-01 00:00:00' - ts`, `ts - '2024-01-01'`, `ts - ts`; `CAST(ts AS BIGINT)` / `CAST(d AS INTEGER)` / `CAST(ts AS DOUBLE PRECISION)` over an infinite value; this engine's own temporal functions over one — `date_add`, `date_sub`, `date_diff`, `to_date`, `last_day_of_month`, `to_unixtime`, `date_format`, `at_timezone`; `time_bucket` with an infinite origin) | infinity, an interval (an infinite interval, PostgreSQL 17); `infinity - infinity` is ERROR 22008 interval out of range; the CASTs are ERROR 42846 for every value; the functions do not exist (42883); `date_bin` with an infinite origin is ERROR 22008 origin out of range | ERROR 22008 `… is not defined for an infinite timestamp` (measured, five doors): this engine's `timestamp - timestamp` is a millisecond count (r16) and an infinite one has no count; a CAST to a number, its own functions and the origin likewise refuse rather than compute on the carrier's extreme. `date - date` with an infinite side is 22008 as on PostgreSQL (`cannot subtract infinite dates`); `± INTERVAL`, `date ± integer`, a CAST between DATE and TIMESTAMP, EXTRACT / date_part and the field functions EXTRACT is written as (`year(ts)`, …), date_trunc, timezone and time_bucket answer PostgreSQL's value | 22008 | refusal | 2026-09-22 · [E36](#e36), P004; 2026-10-04 (#1512); 2026-10-04 ([TI](../0012-amendments.md#2026-10-04-infinity-and--infinity-are-timestamp-and-date-values-arc-ti)) | #1266, #1512 | `coordinator.TestArcTIInfinityEveryArm` (kept ar/ts\_minus\_lit, ar/lit\_minus\_ts, ar/ts\_to\_bigint, ar/ts\_to\_double, ar/d\_to\_int, ar/eng\_\*), `expr.TestArcTIInfiniteValueOwners` |
docs/data-types.md	696	temporal#r25	exists	[temporal#r25](adr/0012-divergences/temporal.md#catalog)); `epoch` is	"| **r25** `SELECT CAST('2024-03-04 12:00:00 UTC' AS TIMESTAMP)` (likewise `… America/New_York`, `… EST`, `…12:00:00Z+05`, `…12:00:00z+05`, `12:00 PM`, `2024-03-04 BC`, `March 4 2024`, `Mar 4, 2024 12:00`, `J2460374`, `20240304T120000`, `2024-03-04 012:00`; as DATE, TIMESTAMP, a TIMESTAMP literal or a timestamp / timestamptz parameter; the special words `now`, `today`, `tomorrow`, `yesterday`; the infinite value beside an era, a meridiem or punctuation, which PostgreSQL's lexer drops — `infinity BC`, `infinity AM`, `infinity,`, `""infinity""` (since 2026-10-04, arc TI; the bare word with its sign is read, r2's mechanism); and, since 2026-10-04, a quoted text compared with a DATE or TIMESTAMP operand in any position, as CAST refuses it — `ts < 'now'`, `d = 'today'`, `d = 'Jan 15 2024'`, `ts = 'J2460325'`, `ts = '2024-01-15 BC'`, `ts = '…Z+05'`, `ORDER BY ts < 'now'`, an UPDATE / DELETE WHERE; write `CURRENT_TIMESTAMP` / `CURRENT_DATE` for `'now'` / `'today'`. `epoch` is not in this list: the grammar reads it as 1970-01-01 00:00:00 everywhere (#1512)) | 2024-03-04 12:00:00 (each read: a zone name or abbreviation — `Z+05` is the POSIX zone five hours WEST of UTC, `TIMESTAMPTZ '2024-03-04 12:00:00Z+05'` is 17:00 UTC, not `Z` and then an offset — a meridiem, the special values `now` / `today` (the transaction's clock), BC, month names, a Julian day, an ISO-basic clock, a three-digit hour) | ERROR 22007 invalid input syntax (measured): outside the one date/time grammar (E41) — refused, never guessed; `DATE '2024-03-04 12:00:00Z+05'` and `…z+05` read 2024-03-04 at 978cd0e5, which discarded what followed the clock | 22007 | refusal | 2026-10-02 · [PW](../0012-amendments.md#2026-10-02-a-bound-parameters-type-arc-pw-1426-1410) | #1426 | `pgwire.TestArcPWRound2MatchesPostgres` (b3/\*), `coordinator.TestArcPWZoneSpellingsEveryArm` (`…Z+05`, `…z+05`, kept), `coordinator.TestArcTCTimestampTextComparisonEveryArm` and `coordinator.TestArcTCBoundParameterEveryDoor` (kept, row temporal r25: sp/\*, pos/\*, spclock/\*), `wadjet.TestArcTCDMLSpecialWordsRefuseAsCastDoes` |"
docs/internals/native-dag-execution.md	1932	temporal r26	exists	so the statement's — ADR-0012 temporal r26). The value is read once, at the	| **r26** `BEGIN; SELECT now(); SELECT now(); COMMIT` (likewise two statements in one simple-query string, `SELECT now(); …; SELECT now()`) | one value: now() is the transaction's start (an explicit transaction, or the implicit one a multi-statement string runs in; `statement_timestamp()` differs inside it) | two values, one per statement (measured): there are no transactions — BEGIN / COMMIT are accepted and ignored and a multi-statement string is a sequence (parameters-pgwire E11) — so the clock is the statement's, read once when it starts and carried to every row and worker | — | value divergence | 2026-10-04 · [E60](#e60), [SC](../0012-amendments.md#2026-10-04-a-statement-reads-the-clock-once-arc-sc-1566) | #1566 | `pgwire.TestArcSCStatementClockIsTheStatements` |
docs/internals/parquet-date-text-accept-set.md	4	temporal r25	exists	Superseded (2026-10-02, arc PW): the trailing-time validator (isTimeOfDay) and the TIMESTAMP layout list are gone. ParseDateDays and ParseTimestampMillis / ParseTimestampWallClock / ParseTimestampZone read ONE grammar, parseTemporalText: the date below, then whitespace or 'T'/'t', a clock H[H]:M[M][:S[S][.digits]], and a zone 'Z' or a numeric offset read as PostgreSQL's DecodeTimezone reads it (whitespace before it or not, and after its sign — `+ 05` is +05, `- 05` −05, as PostgreSQL's lexer skips it; the grammar's whitespace is PostgreSQL's isspace: space, tab, \n, \r, \v, \f; negative offsets included): the digits after the sign are one integer, the hour, then ':' minute and ':' second (an empty field 0), and with no ':' and more than two digits the last two digits are the minute and the rest the hour — +0530 and +530 are 05:30, +00130 and +000130 are 01:30, +001500 is 15:00, and +053000 (hour 530) is 22009; there is no run-together seconds form. DATE drops the validated clock; TIMESTAMP keeps it, rolling 24:00:00 and second 60 forward. Hour > 24 (or 24 with anything after it), minute > 59, second > 60 (or 60 with a fraction) and a field wider than nine digits are 22008; an offset hour past 15, a zone minute or second past 59, or an offset field past int32 is 22009 (ZoneRange), checked before trailing text as PostgreSQL checks it (+16.5 is 22009, +05.5 22007). `12:00:00ZZ` and `12:00:00+`, which the old validator accepted, are 22007 as on PostgreSQL. TIMESTAMP is bounded by PostgreSQL's TIMESTAMP range (294277-01-01 is 22008). The PostgreSQL forms outside the grammar (zone names — a POSIX spec such as Z+05, five hours west, among them — AM/PM, special values, BC, month names, Julian days, ISO-basic clocks) are refused 22007 — catalog temporal r25.	"| **r25** `SELECT CAST('2024-03-04 12:00:00 UTC' AS TIMESTAMP)` (likewise `… America/New_York`, `… EST`, `…12:00:00Z+05`, `…12:00:00z+05`, `12:00 PM`, `2024-03-04 BC`, `March 4 2024`, `Mar 4, 2024 12:00`, `J2460374`, `20240304T120000`, `2024-03-04 012:00`; as DATE, TIMESTAMP, a TIMESTAMP literal or a timestamp / timestamptz parameter; the special words `now`, `today`, `tomorrow`, `yesterday`; the infinite value beside an era, a meridiem or punctuation, which PostgreSQL's lexer drops — `infinity BC`, `infinity AM`, `infinity,`, `""infinity""` (since 2026-10-04, arc TI; the bare word with its sign is read, r2's mechanism); and, since 2026-10-04, a quoted text compared with a DATE or TIMESTAMP operand in any position, as CAST refuses it — `ts < 'now'`, `d = 'today'`, `d = 'Jan 15 2024'`, `ts = 'J2460325'`, `ts = '2024-01-15 BC'`, `ts = '…Z+05'`, `ORDER BY ts < 'now'`, an UPDATE / DELETE WHERE; write `CURRENT_TIMESTAMP` / `CURRENT_DATE` for `'now'` / `'today'`. `epoch` is not in this list: the grammar reads it as 1970-01-01 00:00:00 everywhere (#1512)) | 2024-03-04 12:00:00 (each read: a zone name or abbreviation — `Z+05` is the POSIX zone five hours WEST of UTC, `TIMESTAMPTZ '2024-03-04 12:00:00Z+05'` is 17:00 UTC, not `Z` and then an offset — a meridiem, the special values `now` / `today` (the transaction's clock), BC, month names, a Julian day, an ISO-basic clock, a three-digit hour) | ERROR 22007 invalid input syntax (measured): outside the one date/time grammar (E41) — refused, never guessed; `DATE '2024-03-04 12:00:00Z+05'` and `…z+05` read 2024-03-04 at 978cd0e5, which discarded what followed the clock | 22007 | refusal | 2026-10-02 · [PW](../0012-amendments.md#2026-10-02-a-bound-parameters-type-arc-pw-1426-1410) | #1426 | `pgwire.TestArcPWRound2MatchesPostgres` (b3/\*), `coordinator.TestArcPWZoneSpellingsEveryArm` (`…Z+05`, `…z+05`, kept), `coordinator.TestArcTCTimestampTextComparisonEveryArm` and `coordinator.TestArcTCBoundParameterEveryDoor` (kept, row temporal r25: sp/\*, pos/\*, spclock/\*), `wadjet.TestArcTCDMLSpecialWordsRefuseAsCastDoes` |"
docs/postgres-differences.md	9	aggregates-windows#r1	exists	`AVG` over an integer or a `DECIMAL` column declares `numeric` with no fixed modifier, as PostgreSQL does, and the value is the same number; the rendered text carries scale 4 for an integer input and `min(s+4, 38)` for a decimal one, where PostgreSQL prints up to sixteen significant digits. `AVG(c_i32)`: wadjet `7497.6450`; PostgreSQL `7497.6449875724937862` for the same rows. (catalog: [aggregates-windows#r1](adr/0012-divergences/aggregates-windows.md#catalog); ADR-0012 §9/AVG)	| **r1** `SELECT AVG(c_i32) FROM t` | 7497.6449875724937862 numeric | 7497.6450 numeric (no typmod; scale 4 for integer input, min(s+4,38) for DECIMAL(p,s)) | — | value divergence | — · P001 | — | — |
docs/postgres-differences.md	13	aggregates-windows#r2	exists	Decimal statistics (`STDDEV`, `VARIANCE`, `CORR`, `COVAR`, `MEDIAN`, `PERCENTILE`) use float64; PostgreSQL uses numeric. Fixed-point roots and running means are unavailable. (catalog: [aggregates-windows#r2](adr/0012-divergences/aggregates-windows.md#catalog); ADR-0012 §9/statistics)	| **r2** `SELECT STDDEV(d) FROM t` | numeric result computed in numeric | result computed in float64 (STDDEV, VARIANCE, CORR, COVAR, MEDIAN, PERCENTILE over DECIMAL) | — | value divergence | — · P002 | — | — |
docs/postgres-differences.md	17	temporal#r1	exists	Millisecond storage truncates `.123456` return as `.123`; PostgreSQL retains `.123456`. (catalog: [temporal#r1](adr/0012-divergences/temporal.md#catalog); #692-residual)	| **r1** `SELECT CAST('2020-01-01 00:00:00.123456' AS TIMESTAMP)` | 2020-01-01 00:00:00.123456 | 2020-01-01 00:00:00.123 (measured): the millisecond carrier floors sub-millisecond digits | — | value divergence | 2026-09-03 · [E36](#e36), P003 | #692 | — |
docs/postgres-differences.md	21	temporal r16	exists	`infinity` and `-infinity` are TIMESTAMP and DATE values, read, stored, printed and ordered as PostgreSQL does; `± INTERVAL`, `date ± integer`, the casts between the two types, EXTRACT, date\_trunc and time\_bucket answer PostgreSQL's value. `ts - TIMESTAMP '2024-01-01'` over an infinite `ts` is 22008 where PostgreSQL answers an infinite interval (this engine's timestamp difference is a millisecond count, temporal r16), and so is a CAST of an infinite value to a number and this engine's own temporal functions over one. `'now'`, `'today'`, `'tomorrow'` and `'yesterday'` are refused as timestamp input (22007, catalog temporal r25): write `CURRENT_TIMESTAMP` / `CURRENT_DATE` (`CURRENT_DATE + 1` for `'tomorrow'`). `'epoch'` is read, as 1970-01-01 00:00:00. (catalog: [temporal#r2, r25](adr/0012-divergences/temporal.md#catalog); #1266, #1512)	| **r16** `SELECT CAST('2020-01-01 01:00:00' AS TIMESTAMP) - CAST('2020-01-01 00:00:00' AS TIMESTAMP)` | 01:00:00, interval | 3600000, declared double precision (measured): milliseconds | — | value divergence | — · P092 | — | — |
docs/postgres-differences.md	21	temporal r25	exists	`infinity` and `-infinity` are TIMESTAMP and DATE values, read, stored, printed and ordered as PostgreSQL does; `± INTERVAL`, `date ± integer`, the casts between the two types, EXTRACT, date\_trunc and time\_bucket answer PostgreSQL's value. `ts - TIMESTAMP '2024-01-01'` over an infinite `ts` is 22008 where PostgreSQL answers an infinite interval (this engine's timestamp difference is a millisecond count, temporal r16), and so is a CAST of an infinite value to a number and this engine's own temporal functions over one. `'now'`, `'today'`, `'tomorrow'` and `'yesterday'` are refused as timestamp input (22007, catalog temporal r25): write `CURRENT_TIMESTAMP` / `CURRENT_DATE` (`CURRENT_DATE + 1` for `'tomorrow'`). `'epoch'` is read, as 1970-01-01 00:00:00. (catalog: [temporal#r2, r25](adr/0012-divergences/temporal.md#catalog); #1266, #1512)	"| **r25** `SELECT CAST('2024-03-04 12:00:00 UTC' AS TIMESTAMP)` (likewise `… America/New_York`, `… EST`, `…12:00:00Z+05`, `…12:00:00z+05`, `12:00 PM`, `2024-03-04 BC`, `March 4 2024`, `Mar 4, 2024 12:00`, `J2460374`, `20240304T120000`, `2024-03-04 012:00`; as DATE, TIMESTAMP, a TIMESTAMP literal or a timestamp / timestamptz parameter; the special words `now`, `today`, `tomorrow`, `yesterday`; the infinite value beside an era, a meridiem or punctuation, which PostgreSQL's lexer drops — `infinity BC`, `infinity AM`, `infinity,`, `""infinity""` (since 2026-10-04, arc TI; the bare word with its sign is read, r2's mechanism); and, since 2026-10-04, a quoted text compared with a DATE or TIMESTAMP operand in any position, as CAST refuses it — `ts < 'now'`, `d = 'today'`, `d = 'Jan 15 2024'`, `ts = 'J2460325'`, `ts = '2024-01-15 BC'`, `ts = '…Z+05'`, `ORDER BY ts < 'now'`, an UPDATE / DELETE WHERE; write `CURRENT_TIMESTAMP` / `CURRENT_DATE` for `'now'` / `'today'`. `epoch` is not in this list: the grammar reads it as 1970-01-01 00:00:00 everywhere (#1512)) | 2024-03-04 12:00:00 (each read: a zone name or abbreviation — `Z+05` is the POSIX zone five hours WEST of UTC, `TIMESTAMPTZ '2024-03-04 12:00:00Z+05'` is 17:00 UTC, not `Z` and then an offset — a meridiem, the special values `now` / `today` (the transaction's clock), BC, month names, a Julian day, an ISO-basic clock, a three-digit hour) | ERROR 22007 invalid input syntax (measured): outside the one date/time grammar (E41) — refused, never guessed; `DATE '2024-03-04 12:00:00Z+05'` and `…z+05` read 2024-03-04 at 978cd0e5, which discarded what followed the clock | 22007 | refusal | 2026-10-02 · [PW](../0012-amendments.md#2026-10-02-a-bound-parameters-type-arc-pw-1426-1410) | #1426 | `pgwire.TestArcPWRound2MatchesPostgres` (b3/\*), `coordinator.TestArcPWZoneSpellingsEveryArm` (`…Z+05`, `…z+05`, kept), `coordinator.TestArcTCTimestampTextComparisonEveryArm` and `coordinator.TestArcTCBoundParameterEveryDoor` (kept, row temporal r25: sp/\*, pos/\*, spclock/\*), `wadjet.TestArcTCDMLSpecialWordsRefuseAsCastDoes` |"
docs/postgres-differences.md	21	temporal#r2	exists	`infinity` and `-infinity` are TIMESTAMP and DATE values, read, stored, printed and ordered as PostgreSQL does; `± INTERVAL`, `date ± integer`, the casts between the two types, EXTRACT, date\_trunc and time\_bucket answer PostgreSQL's value. `ts - TIMESTAMP '2024-01-01'` over an infinite `ts` is 22008 where PostgreSQL answers an infinite interval (this engine's timestamp difference is a millisecond count, temporal r16), and so is a CAST of an infinite value to a number and this engine's own temporal functions over one. `'now'`, `'today'`, `'tomorrow'` and `'yesterday'` are refused as timestamp input (22007, catalog temporal r25): write `CURRENT_TIMESTAMP` / `CURRENT_DATE` (`CURRENT_DATE + 1` for `'tomorrow'`). `'epoch'` is read, as 1970-01-01 00:00:00. (catalog: [temporal#r2, r25](adr/0012-divergences/temporal.md#catalog); #1266, #1512)	| **r2** `SELECT ts - TIMESTAMP '2024-01-01 00:00:00' FROM t` over a row holding `infinity` (likewise `TIMESTAMP '2024-01-01 00:00:00' - ts`, `ts - '2024-01-01'`, `ts - ts`; `CAST(ts AS BIGINT)` / `CAST(d AS INTEGER)` / `CAST(ts AS DOUBLE PRECISION)` over an infinite value; this engine's own temporal functions over one — `date_add`, `date_sub`, `date_diff`, `to_date`, `last_day_of_month`, `to_unixtime`, `date_format`, `at_timezone`; `time_bucket` with an infinite origin) | infinity, an interval (an infinite interval, PostgreSQL 17); `infinity - infinity` is ERROR 22008 interval out of range; the CASTs are ERROR 42846 for every value; the functions do not exist (42883); `date_bin` with an infinite origin is ERROR 22008 origin out of range | ERROR 22008 `… is not defined for an infinite timestamp` (measured, five doors): this engine's `timestamp - timestamp` is a millisecond count (r16) and an infinite one has no count; a CAST to a number, its own functions and the origin likewise refuse rather than compute on the carrier's extreme. `date - date` with an infinite side is 22008 as on PostgreSQL (`cannot subtract infinite dates`); `± INTERVAL`, `date ± integer`, a CAST between DATE and TIMESTAMP, EXTRACT / date_part and the field functions EXTRACT is written as (`year(ts)`, …), date_trunc, timezone and time_bucket answer PostgreSQL's value | 22008 | refusal | 2026-09-22 · [E36](#e36), P004; 2026-10-04 (#1512); 2026-10-04 ([TI](../0012-amendments.md#2026-10-04-infinity-and--infinity-are-timestamp-and-date-values-arc-ti)) | #1266, #1512 | `coordinator.TestArcTIInfinityEveryArm` (kept ar/ts\_minus\_lit, ar/lit\_minus\_ts, ar/ts\_to\_bigint, ar/ts\_to\_double, ar/d\_to\_int, ar/eng\_\*), `expr.TestArcTIInfiniteValueOwners` |
docs/postgres-differences.md	25	temporal#r9	exists	`NOW`, `CURRENT_TIMESTAMP`, `PG_POSTMASTER_START_TIME`: millisecond timestamp OID 1114 versus PostgreSQL’s microsecond timestamptz OID 1184. No session zone exists; `CURRENT_DATE` uses UTC. (catalog: [temporal#r9, r10, r11](adr/0012-divergences/temporal.md#catalog); #544, #870)	| **r9** `SELECT NOW()` | 2026-09-04 21:21:01.708284+00, timestamp with time zone (OID 1184) | 2026-09-29 09:49:57.575 (measured), timestamp without time zone (OID 1114), zoneless UTC at millisecond resolution | — | value divergence | 2026-09-04 · [E60](#e60), P005 | #544, #868 | `expr.TestPgPostmasterStartTime` |
docs/postgres-differences.md	29	text-collation#r5	exists	No blank-padded type exists. `CAST('ab' AS CHAR(4))`: wadjet `ab`; PostgreSQL `ab  `. The OID is 1043, not 1042; bare CHAR is unconstrained, not CHAR(1). (catalog: [text-collation#r5, r6, r7](adr/0012-divergences/text-collation.md#catalog); #708-residual)	| **r5** `SELECT CAST('ab' AS CHAR(4))` | 'ab  ' (blank-padded to 4) | 'ab' (measured): no blank-padded string type; length, \|\| and = agree with PostgreSQL | — | value divergence | 2026-09-03 · [E56](#e56), P006 | #708, #838 | `wadjet.TestStringCastEnforcesItsLengthAndStillDropsTheDeclaration` |
docs/postgres-differences.md	33	numeric-decimal#r18	exists	Storage has one scale per column. `COALESCE(numeric(15,2), 12.3456789012345)`: the ADR’s column value prints `12.7500000000000` versus `12.75`, and the elements of a numeric[] array share one scale too: `ARRAY[n, 1]` over a numeric(10,2) prints `{2.25,1.00}` versus `{2.25,1}`. (catalog: [numeric-decimal#r18](adr/0012-divergences/numeric-decimal.md#catalog); #764)	| **r18** `SELECT COALESCE(d152, 12.3456789012345) FROM t -- d152 numeric(15,2)` | 12.75 | 12.7500000000000 (one scale per column; wire typmod -1); the elements of a numeric[] array share one scale too: `ARRAY[n, 1]` over a numeric(10,2) is {2.25,1.00} where PostgreSQL prints {2.25,1} (measured, r12/b2/arrN1); a numeric constant a double cannot carry is its own DECIMAL in a fold, so `COALESCE(t.b, 14.0000000000000000001)` over a bigint prints 30.0000000000000000000 for PostgreSQL's 30 and 14.0000000000000000001 on the NULL row, and `CASE WHEN 14.0000000000000000001 > 14 THEN 14 ELSE 13.25 END` prints 14.00 for 14 (measured 2026-10-02, nx/ncCoalesceCol/*, nx/ncCaseChoice/*; at c39858f3 the first was the double 14 on the NULL row and the second 13.25, the wrong arm) | — | value divergence | 2026-09-05 · [E64](#e64), [A13](../0012-amendments.md#a13), P007 | #764, #1386 | `coordinator.TestLiteralScaleInADecimalFold`, `coordinator.TestArcNXNumericCarrierEveryArm` |
docs/postgres-differences.md	37	numeric-decimal#r19	exists	`m / i` over a numeric(10,2) 1.25 and an integer 3 prints `0.4166666666667` (max(6, s1 + p2 + 1) fraction digits, one scale per column) where PostgreSQL prints `0.41666666666666666667` (at least sixteen significant digits per value). A quotient over an operand a cast made exact — `CAST(i AS INTEGER) / n`, the cast under `NULLIF`, `COALESCE`, `CASE`, `GREATEST`, `LEAST`, `abs`, unary minus, integer or numeric arithmetic, as in `n / NULLIF(CAST(b AS BIGINT), 0)` and `(CAST(i AS INTEGER) * 1.0) / n`, a bare `CAST(… AS NUMERIC)` as in `CAST(i AS NUMERIC) / n`, or either under `abs`, `mod`, `round`, `ceil`, `floor`, `trunc` or `sign` as in `ceil(CAST(i AS NUMERIC)) / n` — keeps the double precision quotient (OID 701, `1.3333333333333333`, `1.111111111111111e-09`) where PostgreSQL answers numeric `1.3333333333333333`, `0.0000000011111111111111111111`, because the one-scale quotient would drop digits the double carries. A quotient of two constants is the double too, an integer literal past the bigint range among them (`9223372036854775808 / 2` prints `4.611686018427388e+18`, PostgreSQL `4611686018427387904`); the same literal over a column is the one-scale numeric (`n / 9223372036854775808` prints `0.0000000000000000002439`, PostgreSQL `0.000000000000000000243945488809238498`). An alias does not change a quotient's type: `7 / t.n AS x` prints `3.11111111111` as `7 / t.n` does. (catalog: [numeric-decimal#r19](adr/0012-divergences/numeric-decimal.md#catalog); #1422, #1450)	| **r19** `SELECT m / i FROM t -- m numeric(10,2) = 1.25, i integer = 3` | 0.41666666666666666667 | 0.4166666666667 (measured, the same at v0.25.3): a DECIMAL quotient keeps max(6, s1 + p2 + 1) fraction digits, the divisor's precision its column type's (an integer column DECIMAL(10,0), a bigint DECIMAL(19,0), a numeric(10,2) its 10); an integer LITERAL divisor is its digit count, so `m / 3` keeps 6 (0.416667). A correlated subquery's outer value is typed as its column, so `(SELECT x.m / o.i …)` and `(SELECT x.v / o.n …)` answer the column forms' digits exactly; inside a scalar subquery an integral EXTRACT divisor takes the int64 range at scale 0, so `(SELECT x.m / extract(year FROM o.d) …)` keeps 22 fraction digits, the value correctly rounded (0.0006175889328063241107; PostgreSQL 0.00061758893280632411; v0.25.3 double precision 0.0006175889328063241 — coordinator r9/a_mDivYear). A quotient over an operand a cast made exact keeps the float8 rung, OID 701 — an integer CAST the query wrote, bare or under NULLIF, COALESCE, CASE, GREATEST, LEAST, abs, unary minus, integer arithmetic or numeric arithmetic (`(CAST(t.i AS INTEGER) * 1.0) / t.n`); a bare `CAST(… AS NUMERIC)` (`CAST(t.i AS NUMERIC) / t.n`, `t.n / CAST(t.b AS NUMERIC)`, `CAST(t.n AS NUMERIC) / 3`); either of those under a function whose result is its argument's exact type — abs, mod, round, ceil, ceiling, floor, trunc, sign, one list the plan and the kernel read (`ceil(CAST(t.i AS NUMERIC)) / t.n`, `round(CAST(t.i AS INTEGER) * 1.0) / t.n`; qf/*): `CAST(t.i AS INTEGER) / t.n` is the double 1.3333333333333333, 2, 0.5, 100 where PostgreSQL answers numeric 1.3333333333333333, 2.0000000000000000, 0.50000000000000000000, 100.0000000000000000 (measured 2026-10-02, issue/1450/div; the same at c39858f3), because this rule's 11 fraction digits would drop the double's 16 significant digits, and `CAST(t.n AS NUMERIC) / 3` is 0.75, 0.0033333333333333335 (the double, as at c39858f3; this rule's 6 digits would print 0.003333, bareCast/numOperand). Every other operator over such an operand is exact (#1450), so `t.n / NULLIF(CAST(t.b AS BIGINT), 0)` = 0.0000000011111111111111111111 selects PostgreSQL's row 3 and a `PARTITION BY` over it partitions as PostgreSQL's (nx/icBigDiv/cmp, nx/icBigDiv/winKey, nx/wq*/cmp, nx/wn*/cmp, nx/wq*/winKey, nx/wn*/winKey, qn/*/cmp: the same at c39858f3), and the projection of the wrapped cast is the double 0.075 … 1.111111111111111e-09 where c39858f3 raised 22003 numeric field overflow (declared at this rule, computed as the double; nx/icBigDiv/proj), and `ceil(CAST(t.i AS NUMERIC)) / t.n = 1.3333333333333333` selects PostgreSQL's row 1 as at c39858f3 (qf/ceil/bareNum/cmp and the other qf/*/cmp, qf/*/win, qf/*/group, qf/*/inList). A quotient of two constants keeps the double too — an integer literal past int64 among them, `9223372036854775808 / 2` 4.611686018427388e+18 where PostgreSQL answers numeric 4611686018427387904 (negLit/pastInt64Quot, as at c39858f3) — while the same literal over a column is this rule's one-scale numeric: `t.n / 9223372036854775808` 0.0000000000000000002439 where PostgreSQL answers 0.000000000000000000243945488809238498 (negLit/colOverPastInt64, as at c39858f3), and `9223372036854775808 / t.n` 4099276460824344803.55555555556 where PostgreSQL answers 4099276460824344803.56 (alias/pastInt64QuotNoAlias). An aliased item is the same quotient: `7 / t.n AS x` prints 3.11111111111 and `9223372036854775808 / t.n AS x` 4099276460824344803.55555555556 on every arm (alias/smallQuot, alias/pastInt64Quot); c39858f3's single-process arms typed such an item by the column its text named after the first dot and printed 3.11 and 4099276460824344803.56 | — | value divergence | 2026-09-30 · ADR-0024 §3 | #1422, #1450 | `coordinator.TestArcSSOperandClassAndWidthEveryArm`, `coordinator.TestArcNXNumericCarrierEveryArm` |
docs/postgres-differences.md	41	parameters-pgwire#r1	exists	No transactions exist; BEGIN/COMMIT are ignored. `INSERT …; SELECT 1/0`: wadjet retains the insert; PostgreSQL rolls it back. (catalog: [parameters-pgwire#r1, r2](adr/0012-divergences/parameters-pgwire.md#catalog); #711)	| **r1** `INSERT INTO mt VALUES (1); SELECT 1/0` | ERROR 22012; the implicit transaction rolls the INSERT back | INSERT 0 1 then ERROR 22012; the inserted row stays (measured) | 22012 | value divergence | 2026-09-03 · [E11](#e11), P008 | #711 | `internal/server/pgwire/multi_statement_test.go` |
docs/postgres-differences.md	45	extensions#r15	exists	`BITWISE_LEFT_SHIFT(2147483647, 2)` gives `8589934588` declared bigint; PostgreSQL's `2147483647 << 2` gives `-4`, because its int4 shift is modular. The operator spellings `<<`, `>>` and `&` are not accepted here (42601); use `BITWISE_LEFT_SHIFT`, `BITWISE_ARITHMETIC_SHIFT_RIGHT` and `BITWISE_AND`. (catalog: [extensions#r15](adr/0012-divergences/extensions.md#catalog); #1018-shifts)	| **r15** `SELECT BITWISE_LEFT_SHIFT(2147483647, 2)` | 2147483647 << 2 is -4, integer (modular int4 shift) | 8589934588 declared bigint; the << operator spelling is 42601 here (measured) | — | value divergence | 2026-09-15 · [E82](#e82), P009 | #1018 | `coordinator.TestNDDeclarationsMatchPostgres` |
docs/postgres-differences.md	49	extensions#r18	exists	Integer arguments arrive widened. `TO_HEX(int32_col)` for −1 returns `ffffffffffffffff`; PostgreSQL returns `ffffffff`. (catalog: [extensions#r18](adr/0012-divergences/extensions.md#catalog); #966-TO_HEX)	| **r18** `SELECT TO_HEX(f4) FROM t -- f4 int = -1` | ffffffff | ffffffffffffffff (the 64-bit word); an untyped negative literal also renders 16 digits | — | value divergence | 2026-09-08 · [E82](#e82), P010 | #966 | `expr.TestToHexRendersTheArgumentsOwnWidth` |
docs/postgres-differences.md	53	dml-assignment#r10	exists	Declared CREATE/DROP TABLE uses row results; PostgreSQL sends DDL tags without rows. (catalog: [dml-assignment#r10](adr/0012-divergences/dml-assignment.md#catalog); ADR-0012 §13/#1024-tags)	"| **r10** `CREATE TABLE t (id INT, n INT)` | command tag CREATE TABLE, no rows | one row, result = Table ""t"" created (measured) | — | value divergence | — · P011 | #1024 | — |"
docs/postgres-differences.md	57	text-collation#r16	exists	`'a%b' LIKE 'a\%b'` answers `f` where PostgreSQL 17.11 answers `t`: this engine's LIKE reads `\` as an ordinary character, so a pattern that escapes a wildcard with the DEFAULT escape matches nothing. Write the escape explicitly — `LIKE 'a!%b' ESCAPE '!'` — which is read exactly as PostgreSQL reads it (#1169). Four matchers implement the pattern language (the scan's pushdown filter, the exec filter, the comparison kernel and the expression evaluator) and all four agree with each other; the default escape belongs to all four. (catalog: [text-collation#r16](adr/0012-divergences/text-collation.md#catalog); #1169-like-default-escape)	| **r16** `SELECT 'a%b' LIKE 'a\%b'` | t | f (measured): \ is an ordinary character; LIKE 'a!%b' ESCAPE '!' is t | — | value divergence | — · P012 | #1169 | — |
docs/postgres-differences.md	61	temporal#r12	exists	`LOCALTIMESTAMP(0) = LOCALTIMESTAMP(6)` is `f` on PostgreSQL 17.11, which truncates the value to the requested precision, and `t` here: this engine renders an instant to milliseconds and has no per-call precision. The wire declares the base type either way. (catalog: [temporal#r12](adr/0012-divergences/temporal.md#catalog); #1169-localtimestamp-precision)	| **r12** `SELECT LOCALTIMESTAMP(0) = LOCALTIMESTAMP(6)` | f (the value is truncated to the requested precision) | t (measured): precision accepted and ignored; declared timestamp either way | — | value divergence | — · P013 | #1169 | — |
docs/postgres-differences.md	65	temporal#r26	exists	`NOW()`, `CURRENT_TIMESTAMP`, `LOCALTIMESTAMP` and `CURRENT_DATE` read the clock once per statement and answer that value on every row and every worker, as PostgreSQL 17.11 does within a statement. This engine has no transactions — `BEGIN` and `COMMIT` are accepted and ignored, and a multi-statement string runs as a sequence — so `BEGIN; SELECT now(); SELECT now(); COMMIT` answers two values where PostgreSQL answers its transaction's one, and so do two statements in one simple-query string. (catalog: [temporal#r26](adr/0012-divergences/temporal.md#catalog); #1566)	| **r26** `BEGIN; SELECT now(); SELECT now(); COMMIT` (likewise two statements in one simple-query string, `SELECT now(); …; SELECT now()`) | one value: now() is the transaction's start (an explicit transaction, or the implicit one a multi-statement string runs in; `statement_timestamp()` differs inside it) | two values, one per statement (measured): there are no transactions — BEGIN / COMMIT are accepted and ignored and a multi-statement string is a sequence (parameters-pgwire E11) — so the clock is the statement's, read once when it starts and carried to every row and worker | — | value divergence | 2026-10-04 · [E60](#e60), [SC](../0012-amendments.md#2026-10-04-a-statement-reads-the-clock-once-arc-sc-1566) | #1566 | `pgwire.TestArcSCStatementClockIsTheStatements` |
docs/postgres-differences.md	69	temporal#r27	exists	`LIMIT CAST(extract(epoch FROM now()) AS BIGINT) % 7 + 1`, an `OFFSET` expression and `CREATE TABLE t (ts TIMESTAMP DEFAULT now())` are syntax errors (42601) here, for any expression, where PostgreSQL 17.11 evaluates them with the statement's clock. Write the number. (catalog: [temporal#r27](adr/0012-divergences/temporal.md#catalog); #1566)	| **r27** `SELECT id FROM t ORDER BY id LIMIT CAST(extract(epoch FROM now()) AS BIGINT) % 7 + 1` (likewise an `OFFSET` expression, and `CREATE TABLE t (id BIGINT, ts TIMESTAMP DEFAULT now())`) | answers: the expression is evaluated once with the statement's clock (a column DEFAULT per inserted row, from the inserting statement's clock) | ERROR 42601 syntax error (measured): `LIMIT` / `OFFSET` take a number literal and `CREATE TABLE` has no column `DEFAULT`, for any expression, a clock function or not | 42601 | refusal | 2026-10-04 · [E60](#e60), [SC](../0012-amendments.md#2026-10-04-a-statement-reads-the-clock-once-arc-sc-1566) | #1566 | `coordinator.TestArcSCAdvancingClockOneReadEveryDoor` (fold/limit, fold/offset, ddl/default, kept) |
docs/postgres-differences.md	73	dml-assignment#r2	exists	"`CAST(s.x AS INTEGER)` over `(SELECT DISTINCT 5 / 2.0 + t.id * 0 AS x FROM t) s` answers 2 where PostgreSQL answers 3, and so does the same column read from a derived table, an aggregate, a CTE, a set operation, VALUES, a window or a join on the single-process arms (on the stage DAG a derived table's or a CTE's such column reads NULL, a separate defect): the column is a float64 in the batch and carries no PostgreSQL category, so the cast rounds it by float8's rule. A cast whose operand computes the value — `CAST(5 / 2.0 AS INTEGER)`, `CAST(SQRT(6.25) AS INTEGER)`, `CAST(POWER(2.5, 1) AS INTEGER)`, negated, SMALLINT and BIGINT alike — rounds half away from zero, 3, as PostgreSQL does, and an assignment of the materialized column rounds 3 too (see ""Division and the transcendental functions over numeric declare double precision""). (catalog: [dml-assignment#r2](adr/0012-divergences/dml-assignment.md#catalog); #1353-cast, ADR-0024 §2c)"	| **r2** `SELECT CAST(s.x AS INTEGER) FROM (SELECT DISTINCT 5 / 2.0 + t.id * 0 AS x FROM ss_t t) s` | 3 | 2 (measured 2026-10-02 on every arm, roundOrigin/distinct; the same at c39858f3): a column a previous operator materialized is a float64 with no PostgreSQL category in the batch, so the cast rounds it half to even; the integer ASSIGNMENT of the same column rounds 3 (roundOrigin/insertDistinct). NARROWED 2026-10-02 (#1392): a cast whose operand computes the float-carried numeric itself rounds half away — `CAST(5 / 2.0 AS INTEGER)`, `CAST(SQRT(6.25) AS INTEGER)`, `CAST(POWER(2.5, 1) AS INTEGER)` are 3, negated -3, SMALLINT and BIGINT alike (2 and -2 at v0.25.3, issue/1392/*) | — | value divergence | 2026-09-28 · [E93](#e93), P015 | #1353, #1392 | `coordinator.TestArcNXNumericCarrierEveryArm` (kept roundOrigin/*) |
docs/postgres-differences.md	77	dml-assignment#r3	exists	"`CAST(j->>'k' AS INTEGER)` over `{""k"": 2.5}` answers 2 where PostgreSQL raises 22P02 (`->>` is text there, and `2.5` is not an integer's text); assigning `j->>'k'` or `j->'k'` itself to an integer column is 42804 on every write door, as in PostgreSQL. (catalog: [dml-assignment#r3](adr/0012-divergences/dml-assignment.md#catalog); #1353-json, #1406)"	"| **r3** `SELECT CAST(CAST('{""k"": 2.5}' AS JSON)->>'k' AS INTEGER)` | ERROR 22P02 invalid input syntax for type integer: ""2.5"" | 2 (measured): the cast reads the JSON number; assigning j->>'k' to an integer column is 42804 on both (measured) | — | documented gap | 2026-09-28 · [E93](#e93), P016 | #1353, #1406 | — |"
docs/postgres-differences.md	81	network#r4	exists	`SELECT CAST('10/8' AS CIDR)` answers `10/8`, and a CIDR column written with `'10/8'` reads back `10/8`; PostgreSQL renders both `10.0.0.0/8`. The value compares equal to `10.0.0.0/8`, so only the text differs. Write the full network address if the rendered text matters. (catalog: [network#r4](adr/0012-divergences/network.md#catalog))	| **r4** `SELECT CAST('10/8' AS CIDR)` | 10.0.0.0/8 | 10/8: the abbreviated text is kept as written (measured); it compares equal to 10.0.0.0/8 | — | value divergence | 2026-09-05 · [E55](#e55) | #627 | — |
docs/postgres-differences.md	85	numeric-decimal#r6	exists	Over a real column holding 16777216, `(r + 1.0::real) + 1.0::real` answers 16777218 where PostgreSQL answers 16777216, and `WHERE r + 1.0::real = 16777216::real` selects no row where PostgreSQL selects one (`>` and a `CASE` condition diverge the same way). A single `real op real` in a select list rounds to real as PostgreSQL does; a nested step or a comparison keeps double-precision digits. Write `CAST(r + 1.0::real AS REAL)` at each step to get PostgreSQL's answer. (catalog: [numeric-decimal#r6, r7, r8, r9](adr/0012-divergences/numeric-decimal.md#catalog))	| **r6** `SELECT (r + 1.0::real) + 1.0::real FROM t -- r = 16777216` | 16777216 | 16777218 | — | value divergence | 2026-09-15 · [E19](#e19), [A05](../0012-amendments.md#a05) | #1117 | `1117/nested_real_arith (census cell)` |
docs/postgres-differences.md	89	text-collation#r12	exists	With `t = 'hi'` and `b = '\x6869'`, `t || b` answers `hihi` (length 4) and `b || t` answers `hihi`; PostgreSQL renders the bytea operand through its hex output and answers `hi\x6869` (length 8) and `\x6869hi`. Both declare text. Write `t || encode(b, 'hex')` to control the rendering explicitly. (catalog: [text-collation#r12, r13](adr/0012-divergences/text-collation.md#catalog))	| **r12** `SELECT t \|\| b, LENGTH(t \|\| b) FROM bt` | hi\x6869, 8 (the bytea operand rendered through bytea_out) | hihi, 4 (measured): the raw bytes are spliced; declared text on both | — | value divergence | 2026-09-05 · [E63](#e63) | #583 | `wadjet.TestByteaFunctionsAnswerInBytes` |
docs/postgres-differences.md	93	text-collation#r14	exists	`b || '\x41'` appends the four characters `\`, `x`, `4`, `1` here (`\x68695c783431`), where PostgreSQL reads the unknown literal as bytea and appends one byte (`\x686941`). Write `b || DECODE('41', 'hex')` to append the byte. (catalog: [text-collation#r14](adr/0012-divergences/text-collation.md#catalog))	| **r14** `SELECT b \|\| '\x41' FROM bt` | \x686941 (the literal is one byte) | \x68695c783431 (measured): the unknown literal contributes its four-character spelling | — | value divergence | 2026-09-05 · [E63](#e63) | #583 | `wadjet.TestByteaFunctionsAnswerInBytes` |
docs/postgres-differences.md	97	other#r20	exists	`SYSTEM (50)` keeps or drops each block of 2048 rows, as the scan reads them, as a whole — on a cluster each worker's scan task samples its own files the same way; PostgreSQL keeps or drops heap pages. Both answer a random subset; `SYSTEM (0)` and `SYSTEM (100)` answer no row and every row on both. (catalog: [other#r20](adr/0012-divergences/other.md#catalog); #1411)	| **r20** `SELECT count(*) FROM t TABLESAMPLE SYSTEM (50)` | heap pages sampled | blocks of 2048 rows sampled, as the scan reads them, each kept or dropped whole — on a cluster each worker's scan task samples its own files the same way; 0 and 100 are exact on both (measured) | — | value divergence | 2026-10-03 · [TB](../0012-amendments.md#2026-10-03-the-tablesample-argument-arc-tb-1411) | #1411 | `coordinator.TestArcTBTablesampleArgumentOnEveryArm` big/system\_\*, `exec.TestSampledSourceSystemSamplesBlocks` |
docs/postgres-differences.md	101	other#r27	exists	A CTE whose body calls `random()`, `rand()` or `uuid()` (directly or through a `CREATE FUNCTION` body) or samples a relation, and that the statement reads more than once, is evaluated once — filled on demand — by the embedded engine, `wadjet serve`, the asynchronous door and a statement a coordinator runs on its local pipeline: every reference reads the same rows, as on PostgreSQL. Read once from a correlated subquery, it is evaluated per outer row there (PostgreSQL: once; catalog [other#r27](adr/0012-divergences/other.md#catalog)). On the stage DAG it is evaluated once per consuming stage: `WITH s AS (SELECT id, random() AS r FROM t WHERE id <= 50) SELECT count(*) FROM (SELECT id, r FROM s EXCEPT SELECT id, r FROM s) u` answers 50 there, PostgreSQL 0. A sampled body agrees where the sample is drawn in the scan the consumers share. (catalog: [other#r24](adr/0012-divergences/other.md#catalog); ADR-0021 §2d; #1531)	| **r27** `WITH s AS (SELECT random() r) SELECT count(DISTINCT (SELECT r + t.id*0 FROM s)) FROM cm_big t WHERE t.id <= 50` (a CTE read ONCE, from a correlated subquery); and `SELECT count(DISTINCT (WITH s AS (SELECT random() r) SELECT r + t.id*0 FROM s)) FROM cm_big t WHERE t.id <= 50` (a WITH declared inside one) | 1: the CTE is materialized once and its tuplestore is kept across the subquery's rescans | 50 on the embedded arms (measured, and the same at c67ebf5b): a CTE the statement reads once is inlined (ADR-0021 §2d), and the correlated subquery re-runs its body per outer row; a WITH inside the subquery's text is re-parsed per execution | — | value divergence | 2026-10-05 · [CM](../0012-amendments.md#2026-10-05-a-volatile-cte-is-evaluated-once-arc-cm-1531) | — | `wadjet.TestArcCMCorrelatedReaderIsEvaluatedPerOuterRow` (pins R1, R3) |
docs/postgres-differences.md	101	other#r24	exists	A CTE whose body calls `random()`, `rand()` or `uuid()` (directly or through a `CREATE FUNCTION` body) or samples a relation, and that the statement reads more than once, is evaluated once — filled on demand — by the embedded engine, `wadjet serve`, the asynchronous door and a statement a coordinator runs on its local pipeline: every reference reads the same rows, as on PostgreSQL. Read once from a correlated subquery, it is evaluated per outer row there (PostgreSQL: once; catalog [other#r27](adr/0012-divergences/other.md#catalog)). On the stage DAG it is evaluated once per consuming stage: `WITH s AS (SELECT id, random() AS r FROM t WHERE id <= 50) SELECT count(*) FROM (SELECT id, r FROM s EXCEPT SELECT id, r FROM s) u` answers 50 there, PostgreSQL 0. A sampled body agrees where the sample is drawn in the scan the consumers share. (catalog: [other#r24](adr/0012-divergences/other.md#catalog); ADR-0021 §2d; #1531)	| **r24** `WITH s AS (SELECT id, random() AS r FROM tb_big WHERE id <= 50) SELECT count(*) FROM (SELECT id, r FROM s EXCEPT SELECT id, r FROM s) u` on a cluster (the stage DAG) | 0: the CTE is materialized once and both arms read it (`CTE Scan` per reference) | 50 on the three DAG arms (measured at e8ece057): the stage two consumers share is the body's SCAN and the volatile projection is computed in each consumer; likewise `(SELECT r FROM s) <> (SELECT r FROM s)` over `sum(random())` (3 rows) and an IN / NOT IN set or a CASE-wrapped subquery, which the coordinator executes at plan time apart from the FROM reference (`r NOT IN (SELECT r FROM s)` over `sum(random())`: 1). The embedded engine and the asynchronous door answer 0, and so does a statement the coordinator runs on its local pipeline (ADR-0021 §2d). A TABLESAMPLE body agrees where the sample is drawn in the shared scan stage | — | value divergence | 2026-10-05 · [CM](../0012-amendments.md#2026-10-05-a-volatile-cte-is-evaluated-once-arc-cm-1531) | #1531 | `coordinator.TestArcCMVolatileCTEReadTwiceIsEvaluatedOnce` (pins: ref2\_except\_arms, ref2\_union\_arms, ref2\_aggregate, ref2\_scalar\_where, issue/c1, ref2\_not\_in/aggrnd, join\_on\_two, exists\_two, distinct\_on\_union\_all, spill\_big\_scalar, toplevel\_except) |
docs/postgres-differences.md	105	parameters-pgwire#r16	exists	`TABLESAMPLE BERNOULLI ($1)` with `$1` declared text (OID 25) and bound `'100'` answers every row here; PostgreSQL raises 42804 (the argument must be real). Bind renders a text parameter as an untyped literal, which the argument reads through real's input. (catalog: [parameters-pgwire#r16](adr/0012-divergences/parameters-pgwire.md#catalog); #1411)	| **r16** `SELECT count(*) FROM p TABLESAMPLE BERNOULLI ($1)` — `$1` declared text (OID 25), bound `'100'` | ERROR 42804 argument of TABLESAMPLE must be type real, not type text | every row (measured): Bind renders a text parameter as the untyped literal `'100'`, which the argument reads through real's input (r5's mechanism); a boolean parameter is 42804 on both | — | kept superset | 2026-10-03 · [TB](../0012-amendments.md#2026-10-03-the-tablesample-argument-arc-tb-1411) | #1411 | `pgwire.TestArcTBTablesampleParameterMatchesPostgres` |
docs/postgres-differences.md	111	network#r15	exists	`INT_TO_IP(n)`, `IP_ADD(ip, n)`, `IP_SUBTRACT(ip, n)`, `MASK_IP(ip, bits)`, `IP_SUBNET(ip)`, `IP_NETMASK(cidr)`, `NETWORK_ADDRESS(cidr)`, `BROADCAST_ADDRESS(cidr)` and `UUID()` declare TEXT (OID 25) though each value is an address or a UUID — PostgreSQL's analogues are typed `inet` / `uuid`. Assigned to a typed column by any write (`INSERT ... VALUES`, `INSERT ... SELECT`, `UPDATE`, `MERGE`), such a call is read by the column's input function, as a quoted literal is, where a genuine text expression is 42804: a superset, and the one exception the assignment table keeps. Every date/time function declares and produces its own type (sql-reference.md, Declared types). (catalog: [network#r15, r16](adr/0012-divergences/network.md#catalog); #1254-siblings)	| **r15** `SELECT INT_TO_IP(167772161), UUID(), IP_ADD(ip, 1) FROM nt` | analogues typed inet / uuid | text (OID 25) for all three (measured) | — | value divergence | — · P017 | #1254 | — |
docs/postgres-differences.md	115	temporal#r14	exists	`DATE_ADD(x, n)` and `DATE_SUB(x, n)` (this engine's own functions; PostgreSQL has neither) answer a DATE only for a DATE `x` shifted by whole days; over text — `DATE_ADD('2026-03-03', 1)` — the result is a TIMESTAMP (`2026-03-04 00:00:00`), PostgreSQL's preferred datetime type for an unknown-typed argument. They used to answer text that rendered a date or an instant by the spelling of the input. (catalog: [temporal#r14](adr/0012-divergences/temporal.md#catalog); #1254-siblings)	| **r14** `SELECT DATE_ADD('2026-03-03', 1)` | ERROR 42883 (no date_add function) | 2026-03-04 00:00:00, declared timestamp (measured); over a DATE x it is date | — | kept superset | — · P018 | #1254 | — |
docs/postgres-differences.md	119	containers#r16	exists	`tcp_flags(18)` is `text[]` (OID 1009) rendering `{SYN,ACK}`; `map_keys`/`map_values` are arrays of the MAP's key/value type in the MAP's stored order, and `map_entries` is an array of `(key,value)` composites (OID 25, as every ROW-element array is). (catalog: [containers#r16](adr/0012-divergences/containers.md#catalog); ADR-0045)	| **r16** `SELECT tcp_flags(18)` | ERROR 42883 (no such function) | {SYN,ACK}, declared text[] (OID 1009); map_entries is an array of composites under OID 25 | — | kept superset | — · P019 | — | — |
docs/postgres-differences.md	123	containers#r17	exists	PostgreSQL has no MAP type, so the rendering is this engine's rule: `{a: 1, b: 2}`, `{}` for an empty map. (catalog: [containers#r17](adr/0012-divergences/containers.md#catalog); ADR-0045)	| **r17** `SELECT m FROM t` | no MAP type | {a: 1, b: 2}, {} for an empty map, declared text (OID 25) | — | kept superset | — · P020 | — | — |
docs/postgres-differences.md	127	containers#r13	exists	`ARRAY[CAST('1.2.3.4' AS IPV4)]` is `text[]` (1009) rendering `{1.2.3.4}`; PostgreSQL's `ARRAY['1.2.3.4'::inet]` is `inet[]` (1041) with the same text. The scalar network types declare text as well. (catalog: [containers#r13](adr/0012-divergences/containers.md#catalog); ADR-0045)	| **r13** `SELECT ARRAY[CAST('1.2.3.4' AS IPV4)]` | ARRAY['1.2.3.4'::inet] is inet[] (OID 1041), {1.2.3.4} | {1.2.3.4}, declared text[] (OID 1009) (measured) | — | value divergence | 2026-09-24 · [E79](#e79), P021 | — | — |
docs/postgres-differences.md	131	containers#r14	exists	An array cast's element follows the scalar cast of the same spelling, and `CAST(x AS INT)` is bigint here (ADR-0012 item 12), so `ARRAY[]::int[]` declares 1016 where PostgreSQL declares 1007. `ARRAY[1.5, 2.25]` is `float8[]` (1022) where PostgreSQL's is `numeric[]` (1231) — ADR-0024's literal deferral; the text `{1.5,2.25}` agrees. (catalog: [containers#r14, r15](adr/0012-divergences/containers.md#catalog); ADR-0045)	| **r14** `SELECT CAST(ARRAY[1] AS INT[])` | declared integer[] (OID 1007) | declared bigint[] (OID 1016) (measured): the element follows CAST(x AS INT), bigint here | — | value divergence | 2026-09-24 · [E79](#e79), P022 | — | — |
docs/postgres-differences.md	135	dml-assignment#r1	exists	`5 / 2.0`, `SQRT(6.25)`, `POWER(2.5, 1)`, `EXP`, `LN`, `LOG` and `EXTRACT` over numeric operands are computed in float64 and declared `double precision` (OID 701) where PostgreSQL computes and declares `numeric` (OID 1700); `2.5 * 1` and `ABS(2.5)` are numeric on both. The value agrees to float64's precision. Assigned to an integer column by any write, such a value rounds as the numeric it is in PostgreSQL — half away from zero, `5 / 2.0` stores 3 — because the declaration carries PostgreSQL's category beside the carrier. (catalog: [dml-assignment#r1](adr/0012-divergences/dml-assignment.md#catalog); ADR-0024 §2c, #1353)	| **r1** `SELECT 5 / 2.0` | 2.5000000000000000, declared numeric (OID 1700) | 2.5, declared double precision (OID 701) (measured); INSERT INTO t VALUES (1, 5 / 2.0) stores 3 on both (measured) | — | value divergence | 2026-09-28 · [E93](#e93), P024 | #1353 | — |
docs/postgres-differences.md	139	numeric-decimal#r1	exists	This keeps execution paths consistent. `CAST(SUM(a) OVER () AS INTEGER)` declares OID 20 rather than PostgreSQL’s 23; SMALLINT/INT2 also widen: int16 storage is unavailable. (catalog: [numeric-decimal#r1, r2](adr/0012-divergences/numeric-decimal.md#catalog); #1070)	| **r1** `SELECT CAST(SUM(a) OVER () AS INTEGER) FROM ni` | integer (OID 23) | bigint (OID 20) (measured; MAX(c_i32) + 0 and c_i32 + 1 also bigint, with rows or none: `SELECT t.i - t.i FROM t WHERE t.id = 99` (no row) declares 20; inside a scalar subquery int4 arithmetic declares integer and raises 22003 past its range, as on PostgreSQL); an integer CAST of a float-carried numeric declares 20 with PostgreSQL's value, `CAST(5 / 2.0 AS INTEGER)` 3 (measured 2026-10-02, wire w/rcSix; 2 at v0.25.3); an alias does not change the width, `SELECT 7 * t.i AS x` declares 20 as `7 * t.i` does (c39858f3's and 6184761c's single-process arms declared 23 there, from the column `i` the text named after its first dot), and `ABS(-1)` declares 20 where 6184761c declared double precision (701; `MOD(7, 3)` declares 23 as on PostgreSQL) (measured 2026-10-03, al/litMulI/alias, ac/abs, ac/mod); `t.i % 3` declares integer (OID 23) as `MOD(t.i, 3)` does, `%` being MOD's spelling (8ccfa832: bigint, OID 20, g/proj/i_l3; measured 2026-10-04) | — | value divergence | 2026-09-15 · [E78](#e78), P025 | #1070 | `pgwire.TestArcNXNumericCarrierOnTheWire` (kept w/rcSix, w/rcBig); `pgwire.TestArcMOPercentIsModOnTheWire` g/proj/i_l3 |
docs/postgres-differences.md	143	containers#r2	exists	Composite text agrees; wire mapping uses OID 25 versus record OID 2249. (catalog: [containers#r2](adr/0012-divergences/containers.md#catalog); ROW)	| **r2** `SELECT c_row FROM n` | composite text in declared field order, declared record (OID 2249) | the same composite text, declared text (OID 25) (measured) | — | value divergence | 2026-09-08 · [E79](#e79), P026 | #992, #965 | — |
docs/postgres-differences.md	147	containers#r3	exists	Nested arrays and ROW/MAP elements use OID 25; ordinary arrays — stored, constructed, returned by a function, read through a derived table, VALUES or UNION, and a zero-row result — use PostgreSQL's array OIDs. A nested array renders as PostgreSQL's array_out does (`{{1,2},{3,4}}`) but may be ragged (`{{1,2},{3}}`), which PostgreSQL cannot represent. Nested arrays are stored and rendered, and they order as `array_cmp` does (the flattened elements, then their count, then the dimensions); their multi-dimensional SEMANTICS are not PostgreSQL's. `unnest` of a stored nested column yields its inner arrays (`unnest(v)` over `{{1,2},{3,4}}` is two rows `{1,2}`, `{3,4}`; PostgreSQL yields the four leaves), and of a constructed or cast one refuses 0A000; `cardinality(ARRAY[ARRAY[1,2],ARRAY[3,4]])` is 2 (PostgreSQL 4); `array_length(…, 2)` is NULL (PostgreSQL 2); `array_to_string(…, ',')` joins the inner arrays (`[1 2],[3 4]`; PostgreSQL `1,2,3,4`); `3 = ANY (ARRAY[ARRAY[1,2],ARRAY[3,4]])` refuses 0A000 (PostgreSQL true); `array_ndims` / `array_dims` do not exist here (42883). A cast of a nested array into `T[]` passes the value through unchanged (`CAST(ARRAY[ARRAY[1.5,2.5]] AS INT[])` is `{{1.5,2.5}}`; PostgreSQL `{{2,3}}`), and a text literal spelling one (`CAST('{{1,2},{3,4}}' AS INT[])`) is that text (OID 25). A subscript reads the OUTER array (`(ARRAY[ARRAY[1,2]])[1]` is `{1,2}`; PostgreSQL's one-subscript read of a 2-D array is NULL). Bringing these to PostgreSQL's flat N-dimensional semantics is #1337. (catalog: [containers#r3, r4, r5, r6, r7, r8, r9, r10, r11, r12](adr/0012-divergences/containers.md#catalog); #992-residuals, ADR-0045 §2)	| **r3** `SELECT ARRAY[ARRAY[1,2],ARRAY[3]]` | ERROR: multidimensional arrays must be rectangular | {{1,2},{3}}, declared text (OID 25) (measured): nested arrays are ragged | — | kept superset | 2026-09-24 · [E79](#e79), P027 | #1133, #1337 | `pgwire.TestAZeroRowArrayResultKeepsItsDeclaration` |
docs/postgres-differences.md	155	other#r16	exists	"`json_build_object` writes PostgreSQL's object text but declares text (OID 25) where PostgreSQL declares json (114). A json value that reaches it declared text — a derived table's, a CTE's or a stored column, a scalar subquery over a table — is therefore written as a JSON string (`{""o"" : ""{\""a\"" : 1}""}`), where PostgreSQL nests the object; a `json_build_object` or a `CAST(… AS JSON)` in the argument itself nests. Being text, the object can be compared and grouped, where PostgreSQL raises 42883 for json. (catalog: [other#r16](adr/0012-divergences/other.md#catalog); #1470)"	"| **r16** `SELECT json_build_object('o', x) FROM (SELECT json_build_object('a', 1) AS x) s` | {""o"" : {""a"" : 1}}, declared json (OID 114) | {""o"" : ""{\""a\"" : 1}""} (measured): json_build_object declares text (OID 25), so a json value that reaches it declared text — a derived table's, a CTE's or a stored column, a scalar subquery over a table, a COALESCE with a text arm — is written as a JSON string; a FROM-less scalar subquery over its own `json_build_object` nests as an object; one its own argument expression produces (json_build_object, a CAST to json, a COALESCE or CASE of those) nests as an object. Being text, the object is also compared, grouped and md5'd where PostgreSQL raises 42883 for json | — | value divergence | 2026-10-02 · [RN](../0012-amendments.md#2026-10-02-the-scalar-renderers-write-a-value-as-its-declared-types-text-arc-rn-1474-1466-1467-1481) | #1470 | `pgwire.TestArcRNRenderersOnTheWire`, `coordinator.TestArcRNRendererTableEveryArm` jx/* |"
docs/postgres-differences.md	163	other#r3	exists	An array of `INTERVAL` has no text here: `CAST(ARRAY[INTERVAL '1 hour'] AS TEXT)` (and `AS JSON`, `AS TEXT[]`) raises 0A000 where PostgreSQL prints `{01:00:00}` — this engine has no interval text form for a container element (a scalar `INTERVAL` prints its own text, `1 day`). Everywhere else — a projection nothing reads, `=`, `<`, `GROUP BY`, `DISTINCT`, `UNION`, a hash or sort-merge join key, `MIN`/`MAX` — an INTERVAL element declares this engine's DURATION (nanoseconds; #351 above) and compares, groups and orders BY VALUE (PostgreSQL's own `interval_cmp`: a month is 30 days), never by its rendered text; a bare `SELECT ARRAY[INTERVAL '1 hour']` with no CAST answers that nanosecond count (`[3600000000000]`) rather than raising 42000 as it used to. An interval that already became text before the array was built (through a derived table or a scalar subquery) is that text. (catalog: [other#r3, r5, r6, r7, r8, r9, r10, r11](adr/0012-divergences/other.md#catalog); ADR-0045 §1)	| **r3** `SELECT CAST('12:34:56' AS time)` | 12:34:56 declared time | 12:34:56 declared text (OID 25); json and xml likewise pass their text through (measured) | — | value divergence | 2026-09-04 · [E58](#e58), P028 | #652 | `wadjet.TestUnknownCastDestinationIsUndefinedObject` |
docs/postgres-differences.md	167	set-operations#r4	exists	Storage requires one scale. PostgreSQL declares unconstrained numeric; wadjet retains `(p,s)` and prints `12.7500` where PostgreSQL prints `12.75`. (catalog: [set-operations#r4](adr/0012-divergences/set-operations.md#catalog); ADR-0012 §12/decimal-carrier)	| **r4** `SELECT d FROM a UNION ALL SELECT 1.5` | unconstrained numeric; prints 12.75 | DECIMAL(p,s) with one declared scale; prints 12.7500 and 1.5000 (measured) | — | value divergence | — · P029 | — | — |
docs/postgres-differences.md	171	set-operations#r5	exists	PORT with INT32/PROTOCOL uses the common integer representation, OID 20; PostgreSQL’s int4 pair stays OID 23. (catalog: [set-operations#r5](adr/0012-divergences/set-operations.md#catalog); ADR-0012 §12/integer-width)	| **r5** `SELECT p FROM a UNION ALL SELECT i FROM a` | no PORT type; an int4 pair stays int4 (OID 23) | declared bigint (OID 20) for PORT with INTEGER (measured) | — | value divergence | — · P030 | — | — |
docs/postgres-differences.md	175	dml-assignment#r11	exists	Stored columns require `(p,s)`. A CTAS over `COALESCE(numeric(15,2), numeric(38,10))` stores DECIMAL(38,10); PostgreSQL stores unconstrained numeric (`12.7500000000` versus `12.75`). (catalog: [dml-assignment#r11](adr/0012-divergences/dml-assignment.md#catalog); ADR-0012 §13/#1024-CTAS)	| **r11** `CREATE TABLE ctas_t AS SELECT COALESCE(a, b) AS c FROM ctas_src` | unconstrained numeric column; c is 12.75 | DECIMAL(38,10) column; c is 12.7500000000 (measured): stored columns require (p,s) | — | value divergence | — · P031 | #1024 | — |
docs/postgres-differences.md	179	extensions#r8	exists	Fields retain storage types. `(b).open` over DECIMAL(9,2) has typmod 589830; PostgreSQL’s corresponding composite aggregate field has −1. (catalog: [extensions#r8](adr/0012-divergences/extensions.md#catalog); ADR-0012 §9/#965-field-typmod)	| **r8** `SELECT (b).open FROM (SELECT OHLCV(ts, price, size) AS b FROM trades) s` | numeric, typmod -1 (min over DECIMAL(9,2)) | numeric(9,2), typmod 589830 (measured); vwap declares numeric(38,6) | — | value divergence | — · [E77](#e77), P032 | #965 | — |
docs/postgres-differences.md	183	lateral-subqueries#r15	exists	`SELECT * FROM lt_o o JOIN LATERAL (SELECT * FROM lt_i i WHERE i.k = o.k) s ON true` names the body's `id` and `k` `s.id` and `s.k` on every execution path, where PostgreSQL names them `id` and `k`. A star over a LATERAL is expanded into the FROM items' own lists, but a body whose own list is a star is not enumerated there, so that arm is read off the join's stream, which qualifies a duplicate name by its owning alias. Values, types and positions agree. A body that names its columns publishes PostgreSQL's names. (catalog: [lateral-subqueries#r15](adr/0012-divergences/lateral-subqueries.md#catalog); #1126)	| **r15** `SELECT * FROM lt_o o JOIN LATERAL (SELECT * FROM lt_i i WHERE i.k = o.k) s ON true` | columns named id, k, ..., id, k | the body's columns are named s.id and s.k (measured); values, types and positions agree | — | value divergence | — · P033 | #1126 | — |
docs/postgres-differences.md	187	extensions#r21	exists	`SELECT regexp_count('abab', 'a')` declares `bigint` (OID 20); PostgreSQL declares `integer` (OID 23). The value is the same. `SUM` over it declares `bigint`, as in PostgreSQL; write `CAST(regexp_count(…) AS integer)` where the column type matters to a client. (catalog: [extensions#r21](adr/0012-divergences/extensions.md#catalog))	| **r21** `SELECT REGEXP_COUNT('abab', 'a')` | declared integer (OID 23) | declared bigint (OID 20), measured; SUM over it declares bigint as PostgreSQL does | — | value divergence | 2026-09-11 · [E82](#e82) | — | — |
docs/postgres-differences.md	191	extensions#r22	exists	`SELECT MIN((SELECT CAST(1 AS INT))) FROM users` answers `1` declared `bigint` (OID 20); PostgreSQL declares `integer` (OID 23). The values agree. Cast the result to `integer` where the declared type matters. (catalog: [extensions#r22](adr/0012-divergences/extensions.md#catalog))	| **r22** `SELECT MIN((SELECT CAST(1 AS INT))) FROM users` | 1, declared integer (OID 23) | 1, declared bigint (OID 20) | — | value divergence | 2026-09-11 · [E82](#e82) | #1037 | `TestScalarSubqueryAggregateMatrix` |
docs/postgres-differences.md	195	parameters-pgwire#r3	exists	`SELECT p, pr, d FROM np` over PORT, PROTOCOL and DURATION columns declares `integer`, `integer` and `bigint` and prints `443`, `6`, `1500000000`; PostgreSQL has none of these types. A DURATION counts nanoseconds and is not declared `interval`, whose text and unit differ. A quoted value that is no number, `p = 'abc'`, is 22P02 `invalid input syntax for type integer`. (catalog: [parameters-pgwire#r3](adr/0012-divergences/parameters-pgwire.md#catalog); #834)	| **r3** `SELECT p, pr, d FROM np` | no PORT, PROTOCOL or DURATION type (the twin table declares integer, integer, bigint) | declares int4, int4, int8; 443, 6, 1500000000 (DURATION is nanoseconds, not interval; measured) | — | kept superset | 2026-09-03 · [E37](#e37) | #834 | — |
docs/postgres-differences.md	199	parameters-pgwire#r8	exists	A parameter declared `smallint` declares `integer` (no smallint type); one declared `timestamptz` is the instant at UTC, the session TimeZone the server reports, and declares `timestamp` (`'2024-03-04 17:00:00+05'` is `2024-03-04 12:00:00`, compared as PostgreSQL compares it; a numeric offset is applied, a zone name such as `UTC` or `America/New_York` is refused 22007); one declared `bytea`, `integer[]` or `text[]` declares `text`, and an array parameter in binary format is refused 22023. (catalog: [parameters-pgwire#r8, r9, r10](adr/0012-divergences/parameters-pgwire.md#catalog); #1410, #1426)	| **r8** `SELECT $1` — `$1` declared int2 | smallint (OID 21) | integer (OID 23): no smallint type (measured) | — | documented gap | 2026-10-02 · [PW](../0012-amendments.md#2026-10-02-a-bound-parameters-type-arc-pw-1426-1410) | #1410 | `pgwire.TestArcPWParameterTypesMatchPostgres` (select/21/\*, select-null/21) |
docs/postgres-differences.md	203	parameters-pgwire#r12	exists	A parameter takes PostgreSQL's type for its position — `SELECT $1 + 1` and `WHERE $1 = n * 2` type `$1` integer, PostgreSQL's operator type over the operands — but integer arithmetic, an integer `CAST` and `NTILE` declare `bigint` here, so that result is `bigint` where PostgreSQL's is `integer`, and `WHERE m = $1` over a derived `n * 2 AS m` types the parameter `bigint`. `SELECT $1` declared integer (or smallint) and bound a negative value executes as `bigint` while the statement's Describe declared `integer`: eight bytes in a binary row where PostgreSQL sends four (two), and a client that decodes binary rows by that Describe refuses the value. A parameter beside an aggregate (`HAVING SUM(f) > $1`) or among a table function's arguments (`generate_series(1, $1)`) is left undetermined (OID 0), and the Describe of that table function over a parameter answers no columns. (catalog: [parameters-pgwire#r12, r13](adr/0012-divergences/parameters-pgwire.md#catalog); #1410)	| **r12** `SELECT $1 + 1` — `$1` undeclared, bound `'2'` | parameter integer, result integer | parameter integer, result bigint: the parameter takes PostgreSQL's type — beside arithmetic its operator result type, so `$1 = n * 2` is integer as on PostgreSQL — and the expression around it this engine's declaration: integer arithmetic ([numeric-decimal#r1](numeric-decimal.md#catalog)), an integer CAST (`SELECT CAST($1 AS INTEGER)`) and NTILE declare bigint, and `WHERE m = $1` over a derived `n * 2 AS m` types the parameter bigint where PostgreSQL types it integer (the derived column is this engine's declaration). `SELECT $1` (or `COALESCE($1, 0)`) declared integer and bound `-7`, text or binary, executes as bigint (a negative integer literal declares bigint here, and so does `CAST(-7 AS INTEGER)`) while the statement Describe declared integer: eight bytes in a binary row where PostgreSQL sends four, so a client that decodes binary rows by that Describe refuses the value; declared smallint it is r8's integer Describe with the same eight bytes (PostgreSQL: smallint, two). An integer or smallint parameter past its width raises 22003 as on PostgreSQL (measured) | — | documented gap | 2026-10-02 · [PW](../0012-amendments.md#2026-10-02-a-bound-parameters-type-arc-pw-1426-1410) | #1410 | `pgwire.TestArcPWParameterTypesMatchPostgres` (infer/SELECT $1+1, infer/CAST int, infer/NTILE, infer/derived), `pgwire.TestArcPWNegativeIntegerOutputResidual`, `pgwire.TestArcPWRound2MatchesPostgres` (b2/\*, b4/\*) |
docs/postgres-differences.md	209	dml-assignment#r4	exists	Bind renders a parameter declared text (OID 25) as a quoted literal, which the integer column's input function reads, so a MERGE `SET n = $1` bound as the text `2.5` raises 22P02 where PostgreSQL raises 42804 (text is not assignable to integer without a cast); neither writes. A float8 or numeric parameter keeps its type and rounds by it. (catalog: [dml-assignment#r4](adr/0012-divergences/dml-assignment.md#catalog); #1353-param, #1408)	| **r4** `MERGE INTO t USING s ON t.id = s.id WHEN MATCHED THEN UPDATE SET n = $1 -- $1 bound as text '2.5'` | ERROR 42804 (text is not assignable to integer without a cast) | ERROR 22P02: Bind renders the parameter as a quoted literal the column's input function reads; neither writes | 22P02 | value divergence | 2026-09-28 · [E93](#e93), P034 | #1353, #1408 | — |
docs/postgres-differences.md	213	dml-assignment#r5	exists	Arithmetic between a bare text column and a number is 42883, as in PostgreSQL, but a text EXPRESSION is read as its number: `UPPER(x) * 2` over `'12'` answers 24, `-x` answers -12, and `CAST(n AS TEXT) * 2`, `CASE … x END * 2` and `(x || '') * 1` answer likewise, and every write stores the same value (MERGE `SET n = UPPER(s.x) * 1` stores 12), where PostgreSQL raises 42883 for each. (catalog: [dml-assignment#r5, r6](adr/0012-divergences/dml-assignment.md#catalog); #1353-text-expr, #1409)	| **r5** `SELECT UPPER(x) * 2 FROM s` | ERROR 42883 operator does not exist: text * integer | 24 over '12' (measured); -x answers -12; a bare text column, x * 2, is 42883 on both (measured) | — | documented gap | 2026-09-28 · [E93](#e93), P035 | #1353, #1409 | — |
docs/postgres-differences.md	217	dml-assignment#r7	exists	`MERGE INTO t USING s ON t.id = s.id WHEN NOT MATCHED THEN INSERT (id, n) VALUES (s.id, (SELECT s2.i FROM s s2 WHERE s2.id = t.id))` answers `MERGE 0` and writes nothing when every source row matches, where PostgreSQL raises 42P01 (the target is not visible under WHEN NOT MATCHED) at parse. When a row reaches the clause it is 42P01 here too. (catalog: [dml-assignment#r7](adr/0012-divergences/dml-assignment.md#catalog); #1043)	| **r7** `MERGE INTO t USING s ON t.id = s.id WHEN NOT MATCHED THEN INSERT (id, n) VALUES (s.id, (SELECT s2.i FROM s s2 WHERE s2.id = t.id))` | ERROR 42P01 at parse: the target is not visible under WHEN NOT MATCHED | MERGE 0 when every source row matches (measured); 42P01 when a row reaches the clause | — | documented gap | 2026-09-28 · [E93](#e93), P036 | #1043 | — |
docs/postgres-differences.md	221	text-collation#r17	exists	"The standard's capture-marker spelling raises 0A000 naming the construct, where PostgreSQL 17.11 answers the part of the string between the pattern's `#""` markers: this engine translates a SIMILAR TO pattern into a regular expression and that translation has no notion of a returned portion. `SUBSTRING(text FROM regexp)` and `REGEXP_EXTRACT(text, regexp, group)` both answer. (catalog: [text-collation#r17](adr/0012-divergences/text-collation.md#catalog); #1169-substring-similar)"	"| **r17** `SELECT SUBSTRING('foobar' SIMILAR '%#""o_b#""%' ESCAPE '#')` | oob | ERROR 0A000 SUBSTRING(text SIMILAR pattern ESCAPE escape) is not supported (measured) | 0A000 | refusal | — · P037 | #1169 | — |"
docs/postgres-differences.md	225	text-collation#r18	exists	`'abc' SIMILAR TO '*'` and `'abc' SIMILAR TO '['` raise 2201B on both engines; the message names the pattern here and names the regex engine's own complaint there. (catalog: [text-collation#r18](adr/0012-divergences/text-collation.md#catalog); #1168)	"| **r18** `SELECT 'abc' SIMILAR TO '*'` | ERROR 2201B naming the regex engine's complaint | ERROR 2201B the SIMILAR TO pattern ""*"" cannot be matched (measured) | 2201B | value divergence | — · P038 | #1168 | — |"
docs/postgres-differences.md	229	names-scopes#r13	exists	`FROM t AS a(k, k)` raises 42701 naming the spelling, where PostgreSQL accepts the list and raises 42702 at every reference. This engine renames positionally and cannot publish one name for two columns. On a TABLE FUNCTION whose relation is narrower than the list, PostgreSQL raises 42P10 for the same statement. (catalog: [names-scopes#r13](adr/0012-divergences/names-scopes.md#catalog); #959, #1184)	| **r13** `SELECT * FROM t a(k, k)` | accepts the list; 42702 at every reference to k (42P10 on a table function narrower than the list) | ERROR 42701 at the list | 42701 | refusal | 2026-09-18 · [E23](#e23), P039, P123 | #959, #1184 | `sql.TestArcPSParserReadsTheColumnAliasListGrammar` |
docs/postgres-differences.md	235	table-functions#r1	exists	Four inputs are not read at plan time and keep the first-batch behaviour: an `http(s)` source — a plan-time fetch would be a second request for every statement and would make `EXPLAIN` reach the network; the database connectors (`postgres_scan`, `postgres_query`, `mysql_scan`, `mysql_query`), whose schema is a remote query's; an input that can only be read ONCE (a FIFO, `/dev/stdin`, a socket, a process substitution), because the plan-time read opens the input and the execution opens it again; and a glob any of whose matches is one of those. For those, `42P10` and `42703` are raised at execution rather than while the statement is bound, a reader that produces NO batch is never measured against its alias list, and `EXPLAIN` over such a statement does not refuse. (catalog: [table-functions#r1, r2, r3](adr/0012-divergences/table-functions.md#catalog); #1184, #1210, #1230)	| **r1** `SELECT * FROM read_json('/data/f.json') AS f(a, b, c)` | ERROR 42883: no read_json; over a table with too few columns an alias list is 42P10 | ERROR 42P10 at plan time, EXPLAIN too; an unknown column is 42703 at plan time (measured) | 42P10 | kept superset | — · P040 | #1184, #1210, #1230 | — |
docs/postgres-differences.md	239	table-functions#r4	exists	"A field is NULL only when it is empty and unquoted (`""""` is the empty string), a quote opens anywhere in a field, whitespace is data, and an unterminated quote and a record of the wrong width are `22P04` — as `COPY` reads the same bytes. A blank line in a multi-column file (a trailing one included) is skipped, where `COPY` raises `22P04 missing data`, LF, CR and CRLF may be mixed in one file, where `COPY` raises `22P04 unquoted carriage return found in data`, and a trailing delimiter whose extra fields are empty (`1,x,`) reads as the record without them, where `COPY` raises `22P04 extra data after last expected column` — blank lines, mixed LF/CRLF endings and trailing empty fields retain their earlier readings; a lone CR now ends a record, where v0.24.0 read it into the field. A SHORT record stays `22P04`, as in `COPY`, although this reader used to pad it with NULLs. A line holding `\.` is DATA here, where PostgreSQL 17 ends the input at it and reads no later row (PostgreSQL 18 no longer does in a file); a UTF-8 byte-order mark at a file's start is skipped (with `header=false`, from the first data value), where `COPY` keeps it in the first field; and a NUL byte is stored where `COPY` raises `22021`. (catalog: [table-functions#r4, r5, r6](adr/0012-divergences/table-functions.md#catalog); #1248, #1259)"	| **r4** `SELECT * FROM read_csv('/data/blank.csv') -- a,b / 1,x / (blank) / 2,y,` | COPY (FORMAT csv) is ERROR 22P04 (missing data; extra data after last expected column) | (1,x), (2,y): a blank line is skipped, a trailing empty field is dropped, LF/CR/CRLF may mix (measured) | — | kept superset | — · P041 | #1248, #1259 | — |
docs/postgres-differences.md	243	table-functions#r7	exists	"`SELECT * FROM read_json('/missing.json')` and `EXPLAIN` over it raise `58P01 could not open file ""/missing.json"" for reading: no such file or directory` — `COPY FROM`'s and `pg_read_file`'s class, as are `42501` for a file that may not be read and `42809` for a directory. PostgreSQL's `EXPLAIN` over a missing RELATION is `42P01`; the class here is the input's. An `http(s)` source is refused at its first batch (a 404 is `58P01`), so `EXPLAIN` over one prints a plan. (catalog: [table-functions#r7, r8](adr/0012-divergences/table-functions.md#catalog); #1245)"	| **r7** `EXPLAIN SELECT * FROM read_json('/missing.json')` | COPY FROM a missing file is 58P01; EXPLAIN over a missing relation is 42P01 | ERROR 58P01 for the query and its EXPLAIN (measured); 42501 unreadable file, 42809 a directory | 58P01 | refusal | — · P042 | #1245 | — |
docs/postgres-differences.md	247	table-functions#r9	exists	"`SELECT * FROM read_json('<zero-byte file>')` raises `0A000 the table function ""read_json"" published no columns: its input ""…"" is empty`. PostgreSQL permits a relation with zero columns (`CREATE TABLE t (); SELECT * FROM t` answers zero rows of zero columns) and this engine does not, at any door — a result that declares no columns is not an answer it has. A Parquet file carries its schema in the footer and a CSV in its header row, so an empty file of either kind is an ordinary empty relation: zero rows, columns declared. (catalog: [table-functions#r9](adr/0012-divergences/table-functions.md#catalog); #1230)"	"| **r9** `SELECT * FROM read_json('/data/empty.json') -- a zero-byte file` | a zero-column relation is legal: CREATE TABLE t (); SELECT * FROM t answers zero rows, zero columns | ERROR 0A000 the table function ""read_json"" published no columns (measured); empty Parquet/CSV declare columns | 0A000 | refusal | — · P043 | #1230 | — |"
docs/postgres-differences.md	251	table-functions#r10	exists	PostgreSQL adds a second `ordinality` column to any function in FROM; this engine adds it for `unnest` only, so `generate_series(1,2) WITH ORDINALITY` publishes `generate_series` alone — and a two-name column-alias list over it is 42P10. (catalog: [table-functions#r10](adr/0012-divergences/table-functions.md#catalog); #1210-ordinality)	| **r10** `SELECT * FROM generate_series(1, 2) WITH ORDINALITY AS g(a, b)` | (1,1), (2,2): columns generate_series and ordinality | ERROR 42P10: one column only; without the list it answers 1, 2 (measured); unnest adds ordinality | 42P10 | value divergence | — · P044 | #1210 | — |
docs/postgres-differences.md	255	table-functions#r11	exists	`SELECT SUM(a) FROM read_json('http://…')` declares and boxes float8, and `SELECT f.* FROM read_json('http://…') AS f` is 0A000, because those two input kinds are the ones with no plan-time column list for the result-type rules to read (above). Over a LOCAL file the reader's column carries its type: `SUM` over a whole-number column is `numeric` and `MIN`/`MAX` keep its width, which is what PostgreSQL declares for the same `bigint` column. The declared functions carry their width too: `generate_series(1,3)` publishes `integer` and its SUM is `bigint`. (catalog: [table-functions#r11](adr/0012-divergences/table-functions.md#catalog); #1211, #1230)	| **r11** `SELECT SUM(a) FROM read_json('https://host/f.json')` | ERROR 42883 | declares float8; f.* over it is 0A000; over a local file SUM is numeric, MIN bigint (measured) | — | documented gap | — · P045 | #1211, #1230 | — |
docs/postgres-differences.md	259	table-functions#r12	exists	`generate_series(5,1)` is an EMPTY relation — zero rows of one column — on both engines; the descending series is `generate_series(5,1,-1)`. Through v0.22.0 this engine negated a positive default step whenever start > stop and answered the descending series instead. A zero step is 22023 with PostgreSQL's own sentence. (catalog: [table-functions#r12](adr/0012-divergences/table-functions.md#catalog); #1210-series)	| **r12** `SELECT * FROM generate_series(5, 1)` | zero rows of one column; generate_series(1,5,0) is ERROR 22023 | zero rows (measured); step 0 is ERROR 22023, PostgreSQL's sentence; v0.22.0 answered 5..1 | 22023 | documented gap | — · P046 | #1210 | — |
docs/postgres-differences.md	263	other#r4	exists	`CAST('abc' AS DURATION)` returns `abc`: this engine has the type but does not convert text into it, so the operand passes through where PostgreSQL has no such type. VECTOR, container and network destinations convert or refuse: `CAST('abc' AS VECTOR(3))`, `CAST('abc' AS INTEGER[])` and `CAST('abc' AS IPV4)` raise 22P02 as PostgreSQL's input functions do, and `CAST(ARRAY[1,2] AS VECTOR(2))` is `[1,2]`. Recognizing a type name does not by itself perform a conversion. (catalog: [other#r4](adr/0012-divergences/other.md#catalog); #652)	| **r4** `SELECT CAST('abc' AS DURATION)` | no DURATION type | abc, the operand unchanged (measured); CAST('abc' AS BYTES) left this row 2026-10-05: it is byteain's bytes, `\x616263`, as `'abc'::bytea` is on PostgreSQL (#1501) | — | kept superset | 2026-09-04 · [E58](#e58), P047 | #652 | `wadjet.TestUnknownCastDestinationIsUndefinedObject` |
docs/postgres-differences.md	267	names-scopes#r25	exists	A `SELECT *` over a LATERAL whose own list names one column twice declares both columns with no rows, the second named `s.m` where PostgreSQL says `m` — the name the non-empty result gives it too (the list cannot be enumerated by name, so the star reads the join's output, which qualifies a duplicate name by its owning alias). Before 2026-09-25 the empty result declared the duplicate once: four columns for PostgreSQL's five. Over an UNGROUPED AGGREGATE body (`SELECT MAX(x) AS m, MIN(x) AS m …`) the zero-row star is `XX000`: the join carries the empty-input pad marker, which the declaration will not publish. A star over any other LATERAL — two or more of them, one beside another join, or an ungrouped aggregate — is expanded into the FROM items' own lists and declares its columns with no rows (#1013). Recursive CTEs now retain the seed's declared columns for an empty result (ADR-0021 §1o-b). (catalog: [names-scopes#r25, r26](adr/0012-divergences/names-scopes.md#catalog); #1008, #1010)	| **r25** `SELECT * FROM t, LATERAL (SELECT MAX(x) AS m, MIN(x) AS m FROM u WHERE u.k = t.k) s WHERE false` | header with every column, zero rows | ERROR XX000: the join carries the empty-input pad marker the declaration will not publish | XX000 | refusal | 2026-09-25 · [E02](#e02), P048 | #1008, #1010, #1013 | — |
docs/postgres-differences.md	271	other#r1	exists	Tables unavailable for reading are omitted from listings; DESCRIBE raises 42501. PostgreSQL exposes more catalog metadata; wadjet includes names in table access. (catalog: [other#r1](adr/0012-divergences/other.md#catalog); 2026-09-06/metadata)	| **r1** `DESCRIBE classified_events` | listed in pg_catalog and information_schema and described to any connected role | ERROR 42501 for an identity that may not read it; omitted from SHOW TABLES and table listings | 42501 | refusal | 2026-09-06 · [E03](#e03), P049 | — | — |
docs/postgres-differences.md	275	set-operations#r1	exists	Fixed-width UNION/UNION ALL raises 22000. PostgreSQL/pgvector drops the width modifier; its INTERSECT/EXCEPT behavior is unverified. (catalog: [set-operations#r1, r2](adr/0012-divergences/set-operations.md#catalog); #900)	| **r1** `SELECT v FROM v2 UNION ALL SELECT v FROM v3` | both rows (pgvector: vector(2) and vector(3) are one type; the width typmod is dropped) | ERROR 22000 expected 2 dimensions, not 3 (either arm order, UNION too; measured) | 22000 | refusal | 2026-09-05 · [E06](#e06), P050 | #900 | `wadjet.TestASetOperationOverTwoVectorWidths` |
docs/postgres-differences.md	279	names-scopes#r9	exists	"Internal names must distinguish expressions. Wadjet accepts `""g + 1""` and refuses `""?column?""` with 42703; PostgreSQL accepts the published `""?column?""`. (catalog: [names-scopes#r9](adr/0012-divergences/names-scopes.md#catalog); #732-derived-names)"	"| **r9** `SELECT ""?column?"" FROM (SELECT g + 1 FROM typemx) d` | the column's value (the published name is also the reference name) | ERROR 42703 naming the column that exists; SELECT ""g + 1"" answers (measured) | 42703 | refusal | 2026-09-04 · [E07](#e07), [E52](#e52), P051 | #732 | `coordinator.TestAnUnnamedDerivedColumnCannotBeReferencedByItsPublishedName` |"
docs/postgres-differences.md	283	names-scopes#r11	exists	Names become storage components: `/`, `\`, NUL, initial dots, `.` and `..` cause 42602 where PostgreSQL accepts the identifier. (catalog: [names-scopes#r11](adr/0012-divergences/names-scopes.md#catalog); 2026-09-05/names)	"| **r11** `CREATE TABLE ""a/b"" (x INT)` | creates the table (any identifier is legal) | ERROR 42602 invalid_name for /, \, NUL, a name that is . or .., or begins with . | 42602 | refusal | 2026-09-05 · [E08](#e08), P052 | — | `server.TestNoDoorCreatesARelationWhoseNameIsNotStorable`, `server.TestNoDoorCreatesAColumnWhoseNameIsNotStorable`, `objstore.TestEveryStoreRefusesABadKeyOnEveryOperation` |"
docs/postgres-differences.md	287	names-scopes#r12	exists	Wadjet raises 42622 instead of PostgreSQL’s truncation and notice, to keep storage locations distinct. (catalog: [names-scopes#r12](adr/0012-divergences/names-scopes.md#catalog); 2026-09-05/name-length)	| **r12** `CREATE TABLE t_name_over_sixty_three_bytes_long_aaaaaaaaaaaaaaaaaaaaaaaaaaaaaaaaaaaaaa (x INT)` | creates it truncated to 63 bytes with NOTICE 42622 | ERROR 42622 name_too_long | 42622 | refusal | 2026-09-05 · [E08](#e08), P053 | — | `server.TestNoDoorCreatesARelationWhoseNameIsTooLong` |
docs/postgres-differences.md	291	names-scopes#r5	exists	First-match binding means `ORDER BY u` over two outputs called `u` answers here, versus PostgreSQL 42702. (catalog: [names-scopes#r5](adr/0012-divergences/names-scopes.md#catalog); #557)	"| **r5** `SELECT n_name AS u, n_comment AS u FROM nation ORDER BY u` | ERROR 42702 ORDER BY ""u"" is ambiguous | answers, sorted by the first output column named u | PG 42702 | kept superset | 2026-09-03 · [E31](#e31), P054 | #557 | — |"
docs/postgres-differences.md	295	names-scopes#r1	exists	For imported names, `SELECT WatchID FROM hits` can read `WatchID` where PostgreSQL raises 42703. Tables/lowercase quoted names also qualify; case-colliding join columns cause 42702 where PostgreSQL answers. (catalog: [names-scopes#r1, r2, r3, r4](adr/0012-divergences/names-scopes.md#catalog); #731)	"| **r1** `SELECT WatchID FROM hits` | ERROR 42703 column ""watchid"" does not exist (column stored as ""WatchID"") | reads WatchID: a folded name resolves case-insensitively when exactly one column matches | PG 42703 | kept superset | 2026-09-03 · [E34](#e34), P055 | #731 | — |"
docs/postgres-differences.md	299	containers#r1	exists	`c_row.b` resolves a field; PostgreSQL raises 42P01 and requires parentheses. The parenthesised spellings, qualified `(x.c_row).b` and nested `((c_row).rw).k` included, answer as PostgreSQL does. (catalog: [containers#r1](adr/0012-divergences/containers.md#catalog); #769, ADR-0022)	"| **r1** `SELECT c_row.b FROM n` | ERROR 42P01 missing FROM-clause entry for table ""c_row"" | answers the field (measured plan); (c_row).b and the qualified (x.c_row).b answer too (measured), as PostgreSQL's spellings | — | kept superset | 2026-09-04 · [E35](#e35), P056 | #769 | `coordinator derived_arm_join_chain_two_path_test.go join-arm-publishes-the-field-name*`, `batch row_field_path_test.go` |"
docs/postgres-differences.md	303	temporal#r4	exists	`CAST(true AS DATE)` answers NULL where PostgreSQL raises the type-pair error 42846 `cannot cast type boolean to date`; 22007/22008 describe text, not a boolean. A container source, `CAST(ARRAY[1] AS DATE)`, is refused 42846 as in PostgreSQL. (catalog: [temporal#r4](adr/0012-divergences/temporal.md#catalog))	| **r4** `SELECT CAST(true AS DATE)` | ERROR 42846 cannot cast type boolean to date | NULL (measured); a container, CAST(ARRAY[1] AS DATE), is 42846 as in PostgreSQL (measured) | — | kept superset | 2026-09-03 · [E38](#e38), P057 | #836, #840 | `expr.TestCastTemporalRefusalStopsAtText` |
docs/postgres-differences.md	307	temporal#r5	exists	Signed 32-bit day counts work; out-of-range values raise 22003. PostgreSQL raises 42846, including for `0::date`. (catalog: [temporal#r5, r6](adr/0012-divergences/temporal.md#catalog); #911)	| **r5** `SELECT CAST(0 AS DATE)` | ERROR 42846 cannot cast type integer to date | 1970-01-01 (measured); 2932896 is 9999-12-31 | — | kept superset | 2026-09-06 · [E39](#e39), P058 | #911 | `coordinator.TestAnInt32DomainRefusalHoldsOnEveryArm` |
docs/postgres-differences.md	311	temporal#r7	exists	`'31/12/1996'` raises 22007 here versus PostgreSQL’s 22008 under ISO, MDY. Wadjet rejects DateStyle-dependent field order. (catalog: [temporal#r7](adr/0012-divergences/temporal.md#catalog); #840-temporal-grammar)	| **r7** `SELECT CAST('31/12/1996' AS DATE)` | ERROR 22008 date/time field value out of range (DateStyle ISO, MDY) | ERROR 22007 invalid input syntax for type date (measured): no spelling whose field order DateStyle decides is read | 22007 | value divergence | 2026-09-03 · [E41](#e41), P059 | #840 | — |
docs/postgres-differences.md	315	comparison-membership#r1	exists	Generic comparison accepts `s = 1.50` as `s = '1.50'`; PostgreSQL raises 42883. DML predicates refuse this pair with 42883. (catalog: [comparison-membership#r1](adr/0012-divergences/comparison-membership.md#catalog); #504, #721)	| **r1** `SELECT id FROM t WHERE s = 1.50` | ERROR 42883 operator does not exist: text = numeric | compares s with the literal's source text '1.50': 1 row; s = 1.5 matches none (measured) | — | kept superset | 2026-08-24 · [E42](#e42), P060 | #504 | `internal/server/pgwire/dml_census_test.go` |
docs/postgres-differences.md	319	numeric-decimal#r13	exists	Generic resolution means `SELECT -'5'` returns double precision `-5`; PostgreSQL raises 42725. Non-numeric text raises 22P02 here. (catalog: [numeric-decimal#r13](adr/0012-divergences/numeric-decimal.md#catalog); #505)	| **r13** `SELECT -'5'` | ERROR 42725 operator is not unique: - unknown | -5 double precision (OID 701, measured 2026-10-05); -'abc' raises 22P02 | PG 42725 | kept superset | 2026-08-24 · [E43](#e43), P061 | #505 | — |
docs/postgres-differences.md	323	numeric-decimal#r21	exists	`MOD(8, '2.5')` and `8 % '2.5'` return the double 0.5 and `8 + '2.5'` returns 10.5; PostgreSQL resolves the unknown literal to `integer` and raises 22P02. A quoted integer keeps the integer type: `MOD(i, '3')` is `integer`, as on PostgreSQL. (catalog: [numeric-decimal#r21](adr/0012-divergences/numeric-decimal.md#catalog))	"| **r21** `SELECT MOD(8, '2.5')` | ERROR 22P02 invalid input syntax for type integer: ""2.5"" (the unknown literal resolves to the integer argument's type) | 0.5, double precision (OID 701) (measured): beside an integer, a quoted literal whose text is not an integer is read as the number it spells, as `8 + '2.5'` is 10.5 and `MOD(t.b, '2.5')` over -70 is 0; a quoted integer keeps the integer type, `MOD(t.i, '3')` is integer (OID 23) as on PostgreSQL. The `%` operator is the `MOD` function, so the two spellings match each other where an expression must match a grouping key: `SELECT t.i % 2, count(*) FROM t GROUP BY mod(t.i, 2)` answers the groups here (measured 2026-10-04) where PostgreSQL raises 42803. 9420d256 answered `MOD(8, '2.5')` 0.5 and `8 + '2.5'` 10.5 the same, and `MOD(t.i, '2.5')` over 3 the integer 0; the `%` spelling is MOD (2026-10-04, #1527): `8 % '2.5'` is the same double 0.5 and `t.i % '2.5'` over 3, -7, 5 is 0.5, -2, 0 as `MOD(t.i, '2.5')` is (8ccfa832: `8 % '2.5'` 0 on the single-process arms and 0.5 on the DAG arms, `t.i % '2.5'` 1, -1, 1 single-process and 0.5, -2, 0 on the DAG, g/proj/l8_q25, g/proj/i_q25) | PG 22P02 | kept superset | 2026-10-03 · ADR-0024 §3 | — | `coordinator.TestArcNXNumericCarrierEveryArm` m/modLitQuoted\*, m/modColQuoted\*; `pgwire.TestArcNXNumericCarrierOnTheWire` w/modLitQuotedFracTbl, w/modColQuotedFracB; `coordinator.TestArcMOPercentIsModEveryArm` g/\*/i_q25, g/\*/l8_q25 (kept, both spellings) |"
docs/postgres-differences.md	327	names-scopes#r6	exists	Output aliases share the grouping scope. `SELECT k, COUNT(*) AS c FROM t GROUP BY k HAVING c > 1` answers here; PostgreSQL raises 42703. (catalog: [names-scopes#r6](adr/0012-divergences/names-scopes.md#catalog); #591)	"| **r6** `SELECT k, COUNT(*) AS c FROM t GROUP BY k HAVING c > 1` | ERROR 42703 column ""c"" does not exist | answers: HAVING resolves the output alias | PG 42703 | kept superset | 2026-08-25 · [E45](#e45), P062 | #591 | — |"
docs/postgres-differences.md	331	numeric-decimal#r14	exists	The int4 rule extends to int8: zero=false, otherwise=true. PostgreSQL refuses the int8 cast with 42846. (catalog: [numeric-decimal#r14](adr/0012-divergences/numeric-decimal.md#catalog); #592)	| **r14** `SELECT CAST(1::bigint AS BOOLEAN)` | ERROR 42846 cannot cast type bigint to boolean | true (0 is false, other values true, NULL is NULL) | PG 42846 | kept superset | 2026-08-25 · [E46](#e46), P063 | #592 | — |
docs/postgres-differences.md	335	numeric-decimal#r15	exists	Finite storage raises 22003 versus unconstrained PostgreSQL numeric values. Comparisons remain available. (catalog: [numeric-decimal#r15, r16](adr/0012-divergences/numeric-decimal.md#catalog); #534; 12/carrier)	"| **r15** `INSERT INTO nd VALUES ('NaN') -- nd.d DECIMAL(9,2)` | stores NaN | ERROR 22003 numeric field overflow: ""NaN"" has no DECIMAL value (measured; 'Infinity' also 22003, as PG does for constrained numeric) | 22003 | refusal | 2026-08-29 · [E47](#e47), P064 | #534 | — |"
docs/postgres-differences.md	339	names-scopes#r7	exists	An ON may name a relation an EARLIER comma-separated FROM item declares. `FROM a, b JOIN c ON a.k = c.k` answers here; PostgreSQL refuses the reference. (catalog: [names-scopes#r7](adr/0012-divergences/names-scopes.md#catalog); #617)	| **r7** `SELECT * FROM a, b JOIN c ON a.k = c.k` | ERROR invalid reference to FROM-clause entry | answers: an ON sees relations the FROM clause declared earlier, comma items included | PG 42P01 | kept superset | 2026-09-23 · [E48](#e48), P065 | #617, #1220 | `physical.TestArcRSAQualifiedReferenceNamesOneRelationInScope`, `coordinator.TestArcRSAQualifiedReferenceNamesOneRelationOnEveryArm` |
docs/postgres-differences.md	343	comparison-membership#r9	exists	A numeric literal compared with a NUMERIC subquery — `x IN`, `= ANY`, `NOT IN`, `<> ALL (SELECT numeric …)`, the literal quoted, under a bare `CAST(… AS NUMERIC)` or unquoted — is the exact number its text spells, and so is one under a bare CAST or unquoted against an integer subquery (numeric = integer is numeric). One this engine's DECIMAL cannot hold exactly — more than 38 significant digits (`'14.0000000000000000000000000000000000000001'`), a digit past scale 38 (`'1e-40'`), an integer past 38 digits (`'1e40'`), NaN or ±Infinity — raises 22003 `numeric field overflow` naming the literal on every arm, rather than being compared at any other precision; PostgreSQL's numeric is unconstrained and answers (0 rows for `IN`, every row for `NOT IN`, against members it cannot equal). Zeros that carry no value do not count: `'12.5'` followed by forty zeros is 12.5 and answers. (catalog: [comparison-membership#r9](adr/0012-divergences/comparison-membership.md#catalog); #1372, #1388)	| **r9** `SELECT id FROM t WHERE '14.0000000000000000000000000000000000000001' IN (SELECT d FROM t)` | 0 rows (NOT IN every row; numeric is unconstrained) | ERROR 22003 numeric field overflow naming the literal, every arm (measured) | 22003 | refusal | 2026-09-27 · [E01](#e01), P066 | #1372, #1388 | — |
docs/postgres-differences.md	347	comparison-membership#r10	exists	An outer operand computed from numeric constants — `CASE … THEN 14.0000000000000000001 END`, `COALESCE(…)`, `-(-…)`, `CAST(CAST('…' AS TEXT) AS NUMERIC)`, arithmetic over them — is folded to the exact number it computes before it is compared with a NUMERIC or integer subquery. One that applies a function this engine computes in double precision to a numeric constant (`sqrt(12.5 * 12.5) IN (SELECT numeric …)`; exp, ln, power) is not folded, so it raises 0A000 naming the operand on every arm; PostgreSQL computes it as numeric and answers (every row here). An explicit float CAST, and a function PostgreSQL defines over double precision alone (sin, degrees, cbrt) called alone, are doubles in PostgreSQL too and answer; combined with a numeric constant (`sin(0.0) + 12.5`) the operand is refused 0A000 as well, where PostgreSQL answers (#1420). (catalog: [comparison-membership#r10, r11](adr/0012-divergences/comparison-membership.md#catalog); #1372, #1387)	| **r10** `SELECT id FROM t WHERE sqrt(12.5 * 12.5) IN (SELECT d FROM t)` | answers (computed as numeric; every row) | ERROR 0A000 naming the operand, every arm (measured); exp, ln, power the same | 0A000 | refusal | 2026-09-27 · [E01](#e01), P067 | #1372, #1387 | — |
docs/postgres-differences.md	351	numeric-decimal#r17	exists	Precision stops at 38 while exact operators retain scale. DECIMAL(38,10) multiplication produces DECIMAL(38,20), raising 22003 beyond its range where PostgreSQL numeric answers. (catalog: [numeric-decimal#r17](adr/0012-divergences/numeric-decimal.md#catalog); #749)	| **r17** `SELECT a * b FROM t -- a, b DECIMAL(38,10), product past 10^18` | numeric value | ERROR 22003 (result type DECIMAL(38,20)) | 22003 | refusal | 2026-09-02 · [E50](#e50), P068 | #749 | `WideDecimalSquaredRowCount (PostgreSQL corpus`, `kind pgDivergenceCarrier)` |
docs/postgres-differences.md	355	aggregates-windows#r3	exists	Overflow remains recorded even after cancellation: `+9e37, +9e37, -9e37` fails here while PostgreSQL numeric answers. This prevents wrapping. (catalog: [aggregates-windows#r3](adr/0012-divergences/aggregates-windows.md#catalog); ADR-0012 §9/SUM-overflow)	| **r3** `SELECT SUM(d) FROM so -- DECIMAL(38,0) rows +9e37, +9e37, -9e37` | 90000000000000000000000000000000000000 numeric | ERROR 22003 SUM over a DECIMAL column overflowed the 128-bit exact accumulator (measured) | 22003 | refusal | — · P069 | — | — |
docs/postgres-differences.md	359	aggregates-windows#r4	exists	`SUM(b * 1)` and `SUM(ABS(b))` over a bigint column declare `numeric` and answer past bigint, as PostgreSQL does: the argument's width is read from the expression, and one int8 operand makes it numeric. Where the width cannot be inferred the result stays `bigint`, and a total beyond bigint raises 22003 where PostgreSQL answers a numeric; cast the argument to `numeric` to avoid it. (catalog: [aggregates-windows#r4](adr/0012-divergences/aggregates-windows.md#catalog))	| **r4** `SELECT SUM(b * 1), SUM(ABS(b)) FROM sb -- b BIGINT rows 9e18, 9e18` | numeric 18000000000000000000 | numeric 18000000000000000000 for both (measured); an argument whose width is not inferred stays bigint and raises 22003 | 22003 | documented gap | 2026-09-08 · P070, [A01](../0012-amendments.md#a01) | #987 | — |
docs/postgres-differences.md	363	names-scopes#r10	exists	`SELECT g + 1 ... GROUP BY typemx.g + 1` raises 42803 here; PostgreSQL answers. Evaluation requires the input’s unqualified name. (catalog: [names-scopes#r10](adr/0012-divergences/names-scopes.md#catalog); #738)	| **r10** `SELECT g + 1 FROM typemx GROUP BY typemx.g + 1` | answers | ERROR 42803; the mirror (qualified select item, bare key) answers | 42803 | refusal | 2026-09-03 · [E53](#e53), P071 | #738 | `coordinator.TestTheIdentityErasesAQualifierAndATypeSynonym` |
docs/postgres-differences.md	367	text-collation#r8	exists	`CREATE TABLE t (v VARCHAR(4))` discards the length; an overlong INSERT answers here versus PostgreSQL 22001. Casts enforce length. (catalog: [text-collation#r8, r9](adr/0012-divergences/text-collation.md#catalog); #708-DDL)	| **r8** `CREATE TABLE vt (v VARCHAR(4)); INSERT INTO vt VALUES ('abcdefgh')` | ERROR 22001 value too long for type character varying(4) | INSERT 0 1; abcdefgh stored (measured): DDL keeps no length | — | kept superset | 2026-09-03 · [E56](#e56), P072 | #708 | — |
docs/postgres-differences.md	371	numeric-decimal#r3	exists	`2147483647 + 1` returns `2147483648` versus PostgreSQL 22003. Widening also permits ABS predicates at int4’s minimum. (catalog: [numeric-decimal#r3, r4, r5](adr/0012-divergences/numeric-decimal.md#catalog); #1070; int4-store-residual)	| **r3** `SELECT 2147483647 + 1` | ERROR 22003 integer out of range | 2147483648 (measured); an integer CAST is the same int4 arithmetic, `CAST(t.i AS INTEGER) + 2147483647` over 3 is 2147483650 (measured 2026-10-02 at the tip and at c39858f3 alike: the integer CAST beside an integer stays integer arithmetic, only beside a numeric is it numeric) | PG 22003 | kept superset | 2026-09-15 · [E78](#e78), P073 | #1070 | — |
docs/postgres-differences.md	375	text-collation#r11	exists	`upper(b)`, `lower(b)`, `trim(b)`, `reverse(b)`, `replace(b,…)`, `starts_with(b,…)`, `split_part(b,…)`, `lpad(b,…)`, `repeat(b,…)` and `char_length(b)` raise 42883 here as they do on PostgreSQL. `strpos(bytea,bytea)` still answers, because `POSITION(sub IN b)` — which PostgreSQL DOES have over bytea — is rewritten into it; one spelling answering where the other refuses is the residue. `ENCODE`/`DECODE` are the supported bridge. (catalog: [text-collation#r11](adr/0012-divergences/text-collation.md#catalog); #583)	| **r11** `SELECT STRPOS(b, DECODE('69','hex')) FROM bt` | ERROR 42883 function strpos(bytea, bytea) does not exist | 2 (measured): POSITION(sub IN b), which PostgreSQL answers, is rewritten into strpos | — | kept superset | 2026-09-18 · [E63](#e63), P074 | #583 | — |
docs/postgres-differences.md	379	text-collation#r15	exists	`upper(mac_col)`, `substr(date_col, 1, 4)`, `length(ipv4_col)` and `upper(int_col)` answer here versus PostgreSQL 42883: a column of another type is rendered as its text before a string function reads it, which is what makes the network-analytics shapes work. A numeric LITERAL in the same position is 42883 on both, and so are a `BYTES` operand in a text-only position and a TEXT operand in `ENCODE`'s. (catalog: [text-collation#r15](adr/0012-divergences/text-collation.md#catalog); #500, #1056)	| **r15** `SELECT SUBSTR(d, 1, 4), UPPER(n) FROM dt` | ERROR 42883 function substr(date, integer, integer) does not exist | 2024, 7 (measured): a non-text column is rendered as text first; a numeric literal is 42883 on both | — | kept superset | — · P075 | #500, #1056 | — |
docs/postgres-differences.md	383	other#r12	exists	`SELECT amount AS __key_0` raises 42939 here; PostgreSQL answers. Intermediate columns need these names; stored columns remain readable. (catalog: [other#r12](adr/0012-divergences/other.md#catalog); #956)	| **r12** `SELECT amount AS __key_0 FROM rs` | 1 | ERROR 42939 reserved column namespace (measured); a stored column of such a name stays readable | 42939 | refusal | 2026-09-07 · [E65](#e65), P076 | #956 | — |
docs/postgres-differences.md	387	dml-assignment#r13	exists	`INSERT INTO t (text_col) SELECT array_col` (and the same through VALUES, UPDATE and MERGE) raises 42804 here; PostgreSQL converts an array or an interval to its text. Every other scalar — a BYTES value included, as `\x` hex — is assigned to TEXT as PostgreSQL renders it. (catalog: [dml-assignment#r13](adr/0012-divergences/dml-assignment.md#catalog); ADR-0012 §13/#1024-assignment)	"| **r13** `INSERT INTO tt (s) SELECT DECODE('6869','hex')` | stores the bytea's text \x6869 | stores \x6869, as PostgreSQL does (amended 2026-10-05, arc BY: a BYTES value is assigned to a text column as bytea's hex output; ERROR 42804 at c67ebf5b); a container or DURATION is ERROR 42804 column ""s"" is of type STRING (measured) | 42804 | refusal | — · P077 | #1024 | — |"
docs/postgres-differences.md	391	dml-assignment#r14	exists	`INSERT INTO qa (a) SELECT '{1,2}'` into an ARRAY column raises 42804 rather than reading the text through PostgreSQL's array input conversion; write `ARRAY[1,2]` or an explicit cast instead. BOOL and BYTES targets read the quoted text as PostgreSQL does (`'true'` stores `t`, `'abc'` stores `\x616263`). (catalog: [dml-assignment#r14](adr/0012-divergences/dml-assignment.md#catalog))	"| **r14** `INSERT INTO qa (a) SELECT '{1,2}'` | stores {1,2} through the array input function | ERROR 42804 column ""a"" is ARRAY and a string value is not an ARRAY (measured); BOOL and BYTES targets read the text (measured) | 42804 | refusal | — · P078 | #1088 | — |"
docs/postgres-differences.md	395	extensions#r20	exists	`FROM_HEX('12zz')` returns NULL; PostgreSQL’s `decode('12zz','hex')` raises 22023. Wadjet follows its parse-or-NULL convention. (catalog: [extensions#r20](adr/0012-divergences/extensions.md#catalog); #966-FROM_HEX)	| **r20** `SELECT FROM_HEX('12zz')` | decode('12zz','hex') is ERROR 22023 | NULL (parse-or-NULL; the whole string is required) | — | kept superset | 2026-09-08 · [E82](#e82), P079 | #966 | `expr.TestFromHexRequiresTheWholeString` |
docs/postgres-differences.md	399	dml-assignment#r12	exists	`CREATE TABLE IF NOT EXISTS … AS SELECT` over an existing table sends PostgreSQL’s command tag but omits its notice; interfaces lack a shared notice channel. (catalog: [dml-assignment#r12](adr/0012-divergences/dml-assignment.md#catalog); ADR-0012 §13/#1024-notices)	"| **r12** `CREATE TABLE IF NOT EXISTS ctas_t AS SELECT 1 AS c` | NOTICE relation ""ctas_t"" already exists, skipping; tag CREATE TABLE AS | tag CREATE TABLE AS, no notice (measured) | — | value divergence | — · P080 | #1024 | — |"
docs/postgres-differences.md	403	text-collation#r10	exists	"`CREATE TABLE vt2 (v VARCHAR(abc))` raises 42601 as PostgreSQL does, but the message is `column ""v"": syntax error at or near ""ABC""`: the DDL lexer folds an unquoted identifier to upper case before the type is read, while `CAST(x AS VARCHAR(abc))` echoes `""abc""`. The code and the rule are the same on both doors. (catalog: [text-collation#r10](adr/0012-divergences/text-collation.md#catalog))"	"| **r10** `CREATE TABLE vt2 (v VARCHAR(abc))` | ERROR 42601 syntax error at or near ""abc"" | ERROR 42601 column ""v"": syntax error at or near ""ABC"": the DDL lexer folds the identifier first | 42601 | value divergence | 2026-09-03 · [E56](#e56) | #708 | — |"
docs/postgres-differences.md	407	other#r19	exists	`FROM t TABLESAMPLE BERNOULLI (10) s` names the sampled relation `s` here; PostgreSQL takes the alias before the clause (`FROM t s TABLESAMPLE BERNOULLI (10)`), and each refuses the other's order with 42601. (catalog: [other#r19](adr/0012-divergences/other.md#catalog); #1411)	| **r19** `SELECT count(*) FROM t s TABLESAMPLE BERNOULLI (100)` (and `… FROM t TABLESAMPLE BERNOULLI (100) s`) | every row; the alias after the clause is ERROR 42601 | ERROR 42601 for the alias before the clause; every row for the alias after it (measured): this parser reads the alias after the TABLESAMPLE clause | 42601 | refusal | 2026-10-03 · [TB](../0012-amendments.md#2026-10-03-the-tablesample-argument-arc-tb-1411) | #1411 | `coordinator.TestArcTBTablesampleArgumentOnEveryArm` alias/\* |
docs/postgres-differences.md	411	other#r18	exists	`TABLESAMPLE BERNOULLI ((SELECT 50))` raises 0A000: the argument is evaluated once when the statement is planned, before any row exists. PostgreSQL runs the subquery first and samples at its answer. Write the constant. (catalog: [other#r18](adr/0012-divergences/other.md#catalog); #1411)	| **r18** `SELECT count(*) FROM t TABLESAMPLE BERNOULLI ((SELECT 50))` | a 50 % sample (the subquery is an InitPlan) | ERROR 0A000: the argument is evaluated at plan time, before any row exists (measured) | 0A000 | refusal | 2026-10-03 · [TB](../0012-amendments.md#2026-10-03-the-tablesample-argument-arc-tb-1411) | #1411 | `coordinator.TestArcTBTablesampleArgumentOnEveryArm` |
docs/postgres-differences.md	417	text-collation#r1	exists	Binary comparisons avoid locale-dependent work; PostgreSQL C collation gives matching order. (catalog: [text-collation#r1](adr/0012-divergences/text-collation.md#catalog); Collation)	| **r1** `SELECT 'B' < 'a'` | f under a locale collation such as en_US; t in a C-collation database | t (measured): strings compare and sort by bytes | — | value divergence | — · [E12](#e12), P081 | — | — |
docs/postgres-differences.md	421	containers#r18	exists	Neither type exists in PostgreSQL core; wadjet defines their total orders. (catalog: [containers#r18](adr/0012-divergences/containers.md#catalog); MAP-VECTOR-ordering)	| **r18** `SELECT v FROM t ORDER BY v` | no MAP or VECTOR type in PostgreSQL core | a wadjet-defined total order (internal/engine/exec/kernel/container_sort.go) | — | kept superset | — · [E14](#e14), P082 | — | — |
docs/postgres-differences.md	427	numeric-decimal#r20	exists	"`CREATE TABLE t (c DOUBLE)` is a double precision column and `CAST(1 AS ""float"")` / `CAST(1 AS ""real"")` are double precision / real; PostgreSQL has no type `double` and resolves a quoted name against its catalog (`""float4""` and `""float8""` are the types on both), so it raises 42704. `FLOAT32` and `FLOAT64` are this engine's own names for real and double precision. Every PostgreSQL spelling — `FLOAT`, `FLOAT(n)`, `FLOAT4`, `FLOAT8`, `REAL`, `DOUBLE PRECISION` — means what it means there. (catalog: [numeric-decimal#r20](adr/0012-divergences/numeric-decimal.md#catalog); #1464)"	"| **r20** `CREATE TABLE t (c DOUBLE)`; `CAST(1 AS ""float"")`, `CAST(1 AS ""real"")` | ERROR 42704 type ""double"" / ""float"" / ""real"" does not exist (a quoted name resolves against pg_type.typname: `""float4""` and `""float8""` are accepted) | double precision, double precision, real: DOUBLE is this engine's float8 spelling, and a type name is resolved by its text, so the quoted keywords read as FLOAT and REAL; FLOAT32 and FLOAT64 are its own names (measured) | PG 42704 | kept superset | 2026-10-03 · [the FT block](../0012-amendments.md#2026-10-03-the-floating-point-type-names-arc-ft-1464-1405) | #1464 | `coordinator.TestArcFTFloatTypeNamesEveryArm` ddl/double/\*, ddl/floatQuoted/\*, ddl/realQuoted/\* |"
docs/postgres-differences.md	431	aggregates-windows#r17	exists	PostgreSQL has no QUALIFY. It filters after windows, can read unprojected inputs, resolves inputs before output aliases, and requires a window function. (catalog: [aggregates-windows#r17](adr/0012-divergences/aggregates-windows.md#catalog); ADR-0012 §13/#1076)	| **r17** `SELECT g, x FROM t QUALIFY ROW_NUMBER() OVER (PARTITION BY g ORDER BY x) = 1` | ERROR (no QUALIFY clause) | rows filtered after windows, DuckDB 1.1.3 semantics | — | kept superset | — · P083 | #1076 | — |
docs/postgres-differences.md	435	aggregates-windows#r18	exists	`FIRST_VALUE('b')`, `LAST_VALUE('b')`, `NTH_VALUE('b', 2)`, `LAG('b')` and `LEAD('b')` answer the text, and the same with `NULL` answer NULL; PostgreSQL cannot resolve the polymorphic type of an unknown literal there and raises `42804`. (catalog: [aggregates-windows#r18](adr/0012-divergences/aggregates-windows.md#catalog); #1394)	| **r18** `SELECT FIRST_VALUE('b') OVER (ORDER BY id), LAG(NULL) OVER (ORDER BY id) FROM t` | ERROR 42804 could not determine polymorphic type because input has type unknown (likewise LAST_VALUE, NTH_VALUE, LEAD) | 'b' as text on every row; NULL on every row | — | kept superset | 2026-09-29 · [WA](../0012-amendments.md#2026-09-29-a-window-functions-argument-list-arc-wa-1394-1399) | #1394 | `coordinator.TestArcWAWindowArgumentsEveryArm` (arg/{first,last,nth}_value, lag, lead × text, null) |
docs/postgres-differences.md	439	aggregates-windows#r20	exists	`LAG(x, $1)` with `$1` declared `text` and bound `'1'` answers `LAG(x, 1)`; PostgreSQL raises `42883` (`lag(bigint, text)` does not exist). A text parameter is spliced as SQL's unknown literal and read by its value. One declared `int8` or `numeric` raises `42883` as on PostgreSQL. (catalog: [aggregates-windows#r20](adr/0012-divergences/aggregates-windows.md#catalog); #1399, #1439)	| **r20** `PREPARE p(text) AS SELECT LAG(x, $1) OVER (ORDER BY id) FROM t; EXECUTE p('1')` | ERROR 42883 function lag(bigint, text) does not exist | LAG(x, 1): a text parameter is spliced as SQL's unknown literal and read by its value; a parameter declared `int8` or `numeric` is its type's literal and raises 42883 as on PostgreSQL (since [PW](../0012-amendments.md#2026-10-02-a-bound-parameters-type-arc-pw-1426-1410); both answered at v0.25.3) | — | kept superset | 2026-09-29 · [WA](../0012-amendments.md#2026-09-29-a-window-functions-argument-list-arc-wa-1394-1399), narrowed 2026-10-02 · [PW](../0012-amendments.md#2026-10-02-a-bound-parameters-type-arc-pw-1426-1410) | #1399, #1439 | `pgwire.TestAWindowArgumentParameterAnswers` (offset/text/1), `pgwire.TestArcPWParameterTypesMatchPostgres` (infer/LAG int8, infer/LAG numeric) |
docs/postgres-differences.md	443	aggregates-windows#r21	exists	`LAG(b, 1, 10 / (id - 2))` raises `22012` where PostgreSQL evaluates the default only on the rows it fills and answers. The default is computed as a column before the window runs, so a default that raises on any row raises the query. (catalog: [aggregates-windows#r21](adr/0012-divergences/aggregates-windows.md#catalog); #1435)	| **r21** `SELECT LAG(b, 1, 10 / (id - 2)) OVER (ORDER BY id) FROM t` | evaluates the default only on the rows it fills: -10, 10, 20, NULL, 40, 50 | ERROR 22012 division by zero: the default is materialized as a column and evaluated on every row, so a default that raises on a row it does not fill raises the query | 22012 | documented gap | 2026-10-02 · [WD](../0012-amendments.md#2026-10-02-a-lag--lead-default-widens-the-result-arc-wd-1435) | #1435 | `coordinator.TestArcWDWindowDefaultEveryArm` (gap/default_every_row) |
docs/postgres-differences.md	447	aggregates-windows#r22	exists	`LAG(b, 1, 'a')` over a bigint raises `22P02` when the query reads a row, as on PostgreSQL, but over no rows it answers no rows where PostgreSQL raises when the query is planned. A quoted literal default of an ARRAY value raises `cannot store string into ARRAY vector` where PostgreSQL raises `22P02 malformed array literal`. (catalog: [aggregates-windows#r22](adr/0012-divergences/aggregates-windows.md#catalog); #1435)	"| **r22** `SELECT LAG(b, 1, 'a') OVER (ORDER BY id) FROM t WHERE id > 100` (no row) | ERROR 22P02 invalid input syntax for type bigint: ""a"" (the unknown literal is coerced when the query is planned) | no rows: the default is coerced when a row reads it; over rows it is 22P02 as on PostgreSQL. A quoted literal default of an ARRAY value raises `cannot store string into ARRAY vector` (no SQLSTATE) where PostgreSQL raises 22P02 malformed array literal | — | kept superset | 2026-10-02 · [WD](../0012-amendments.md#2026-10-02-a-lag--lead-default-widens-the-result-arc-wd-1435) | #1435 | `coordinator.TestArcWDWindowDefaultEveryArm` (gap/no_rows_text, type/*/array/{text,qnum}) |"
docs/postgres-differences.md	451	aggregates-windows#r23	exists	`LAG(b, 1, (SELECT max(d) FROM t))` fails the query (no engine SQLSTATE; pgwire sends 42000), where PostgreSQL evaluates the subquery once and answers; a constant subquery default such as `(SELECT 9)` answers, as does a column default. (catalog: [aggregates-windows#r23](adr/0012-divergences/aggregates-windows.md#catalog); #1435)	"| **r23** `SELECT LAG(b, 1, (SELECT max(d) FROM t)) OVER (ORDER BY id) FROM t` (b bigint, d double precision) | evaluates the subquery once: double precision, the maximum on the row the default fills (6.5, 10, 20, NULL, 40, 50 over the gate's fixture) | ERROR: `cannot store string into INT64 vector` on the single-process arms (no engine SQLSTATE; pgwire sends 42000, measured 2026-10-05), `window key project: compile window key ""((SELECT max(d) FROM t))""` on the DAG arms; a constant subquery (`(SELECT 9)`) answers | — | refusal | 2026-10-03 · [WD](../0012-amendments.md#2026-10-02-a-lag--lead-default-widens-the-result-arc-wd-1435) | #1435 | `wadjet.TestArcWDWindowDefaultOnTheEmbeddedEngine` (pin: fails when the statement answers) |"
docs/postgres-differences.md	455	aggregates-windows#r24	exists	`CREATE TABLE c AS SELECT id, LAG(b, 1, CAST(NULL AS NUMERIC)) OVER (ORDER BY id) AS v FROM t` over a bigint `b` creates a DECIMAL(38,0) column, so a later `INSERT INTO c VALUES (9, 0.75)` stores 1 where PostgreSQL's column is unconstrained and stores 0.75. (catalog: [aggregates-windows#r24](adr/0012-divergences/aggregates-windows.md#catalog); #1436)	| **r24** `CREATE TABLE c AS SELECT id, LAG(b, 1, CAST(NULL AS NUMERIC)) OVER (ORDER BY id) AS v FROM t; INSERT INTO c VALUES (9, 0.75)` (b bigint) | the column is unconstrained numeric and stores 0.75 | the column is DECIMAL(38,0), the scale of the LAG result over a bigint, and stores 1; a column created from a numeric LAG / LEAD result takes the result's one scale where PostgreSQL's column is unconstrained (ADR-0024 §1; the unconstrained NUMERIC column, `CREATE TABLE t (v NUMERIC)`, is the same scale-0 rung, #1541). A default that is an expression over a typed NULL (`CAST(NULL AS NUMERIC) + 0`) is declared double precision, as that expression is everywhere (#1541), so `LAG(b * 1e15 + 1, 1, CAST(NULL AS NUMERIC) + 0)` answers the double 1e+16 where PostgreSQL answers 10000000000000001 (measured 2026-10-04). 8b00b112 refused the CREATE TABLE AS (`cannot store string into INT64 vector`) | — | value divergence | 2026-10-04 · [WD](../0012-amendments.md#2026-10-02-a-lag--lead-default-widens-the-result-arc-wd-1435) | #1436 | `wadjet.TestArcWDTypedNullCreateTableAs` c10 (pin: fails when 0.75 is stored) |
docs/postgres-differences.md	459	network#r1	exists	`IPV4`, `IPV6`, `CIDR` and `MAC` are native column types with PostgreSQL's `inet` and `macaddr` input grammar at every boundary — the writer, `CAST`, and a literal — but they declare `text` (OID 25) on the wire; `UUID` declares `uuid` (2950); `PORT` and `PROTOCOL` declare `integer` (23). A `CIDR` reads `inet`'s grammar, not `cidr`'s: it keeps host bits an `inet` would keep, where PostgreSQL's `cidr` refuses them, and `CAST('10' AS CIDR)` is 22P02 where PostgreSQL's classful reading answers `10.0.0.0/8`. See the [input grammar table](data-types.md#network-types). (catalog: [network#r1, r2, r3](adr/0012-divergences/network.md#catalog))	| **r1** `SELECT ip, ip6, cd, mac, port, proto, u FROM nt` | inet, inet, cidr, macaddr, integer, integer, uuid | text (OID 25) for IPV4, IPV6, CIDR and MAC; integer (23) for PORT and PROTOCOL; uuid (2950) (measured) | — | value divergence | 2026-09-15 · [E55](#e55), P084, [A09](../0012-amendments.md#a09) | #627, #834 | — |
docs/postgres-differences.md	463	network#r10	exists	Casts/writes enforce 0–65535 and 0–255 (22003); arithmetic may leave those ranges. Both declare int4. Their own text grammar is read at every door, the comparison included: `CAST('udp' AS PROTOCOL)` and `WHERE proto = 'udp'` are both 17, and int4's radix spellings are not theirs — `WHERE port = '0x1bb'` is 22P02. (catalog: [network#r10, r11, r12](adr/0012-divergences/network.md#catalog); #1092-residual-2, #1137)	| **r10** `SELECT CAST(70000 AS PORT)` | no PORT type; int4 would answer 70000 | ERROR 22003 PORT value 70000 out of range [0, 65535] (measured); CAST(-1 AS PROTOCOL) 22003; port + 70000 answers 70443 | 22003 | kept superset | 2026-09-15 · [A09](../0012-amendments.md#a09), P085 | #1092, #901 | `expr.TestAValueEnteringPortOrProtocolIsHeldToTheTypesRange`, `coordinator.TestNetworkTextGrammarAnswersTheSameOnEveryArm`, `pgwire.TestANetworkCastOnTheWire` |
docs/postgres-differences.md	467	numeric-decimal#r10	exists	`2 ^ -1` is 0.5 here; PostgreSQL lexes `^-` as one operator name and answers `operator does not exist: integer ^- integer` — write `2 ^ (-1)`, which both answer. `2 ^ 3 % 5` is 3 here, because `^` binds tighter and this engine's `%` takes the float result; PostgreSQL has no `double precision % integer`. The values, the `2201F`/`22003` error classes and the declared type are `POWER()`'s. (catalog: [numeric-decimal#r10, r11](adr/0012-divergences/numeric-decimal.md#catalog); #1155)	| **r10** `SELECT 2 ^ -1` | ERROR operator does not exist: integer ^- integer | 0.5 | PG 42883 | kept superset | 2026-09-18 · [E30](#e30), P086 | #1155 | — |
docs/postgres-differences.md	471	temporal#r15	exists	Storage and wire use bigint nanoseconds, OID 20, versus PostgreSQL’s microsecond interval. (catalog: [temporal#r15](adr/0012-divergences/temporal.md#catalog); #834)	| **r15** `CREATE TABLE dur_t (d DURATION); SELECT d FROM dur_t` | no DURATION type; interval counts microseconds | bigint nanoseconds, OID 20 (declared bigint, measured) | — | kept superset | — · P087 | #834 | — |
docs/postgres-differences.md	475	names-scopes#r8	exists	`FULL JOIN b ON a.n < b.n` raises `FULL JOIN is only supported with merge-joinable or hash-joinable join conditions` on PostgreSQL, which has no executor for it. The join is still DEFINED there — the LEFT JOIN plus the build rows no probe row satisfies — and that is what this engine answers. Superset, kept; the 14 shapes are cells of `coordinator.TestJRAOuterJoinOnResidualsAgreeOnFiveArms`. (catalog: [names-scopes#r8](adr/0012-divergences/names-scopes.md#catalog); ADR-0012 §13/#1153)	| **r8** `SELECT * FROM a FULL JOIN b ON a.n < b.n` | ERROR FULL JOIN is only supported with merge-joinable or hash-joinable join conditions | answers the defined result: a LEFT JOIN b ON p plus b rows no a row satisfies | PG 0A000 | kept superset | 2026-09-18 · [E29](#e29), P088 | #1153 | `coordinator.TestJRAOuterJoinOnResidualsAgreeOnFiveArms` |
docs/postgres-differences.md	479	aggregates-windows#r10	exists	BOOL, UUID, MAC, BYTES, MAP and VECTOR have defined orders here; PostgreSQL lacks these aggregates. BYTES uses bytewise order and retains bytea OID 17. MIN/MAX over a ROW is 42883, as on PostgreSQL. (catalog: [aggregates-windows#r10, r11](adr/0012-divergences/aggregates-windows.md#catalog); #569, #570, #1061)	| **r10** `SELECT MIN(c_bool), MAX(c_uuid), MIN(c_mac) FROM t` | ERROR 42883 function min(boolean) does not exist (likewise uuid, macaddr) | the extreme in the type's defined order; MAP and VECTOR also accepted; ROW is 42883 as on PostgreSQL | — | kept superset | 2026-08-25 · [E13](#e13), P089 | #569, #1061 | — |
docs/postgres-differences.md	483	aggregates-windows#r5	exists	SUM, AVG, STDDEV, VARIANCE, CORR and COVAR accept PORT and PROTOCOL as the int4 the wire declares them, so `SUM(c_port)` is `bigint` and `AVG(c_port)` is `numeric`; over DURATION, whose column declares `bigint`, they answer `double precision` (PostgreSQL's `interval` has no STDDEV). MEDIAN, QUANTILE_* and the plain calls `mode(x)`, `percentile_cont(p, x)` and `percentile_disc(p, x)` answer over numbers where PostgreSQL raises 42809; refused, MODE and PERCENTILE_DISC raise 42809 `WITHIN GROUP is required`, PERCENTILE_CONT and MEDIAN/QUANTILE_* 42883. `STRING_AGG` renders BOOL, numbers, network values, UUID and DATE as their text where PostgreSQL raises 42883; over TIMESTAMP or a container it raises 42883, over BYTEA 0A000 (PostgreSQL answers). Every other argument PostgreSQL has no overload for raises its 42883 (`function sum(text) does not exist`), and `SUM('5')` / `SUM(NULL)` its 42725. (catalog: [aggregates-windows#r5, r6, r7, r8, r9](adr/0012-divergences/aggregates-windows.md#catalog))	| **r5** `SELECT SUM(c_port), AVG(c_port) FROM du` | no PORT type; over the int4 the wire declares: bigint, numeric | bigint 545, numeric 181.6667; same rule windowed and under arithmetic (c_proto / 2 truncates) | — | kept superset | 2026-09-07 · [E21](#e21), [A06](../0012-amendments.md#a06), P090 | #953, #1000 | `coordinator.TestH2TheWindowDeclaredTypeCensus`, `pgwire.TestAComputedIntegerWindowArgumentDeclaresPostgresOID` |
docs/postgres-differences.md	487	comparison-membership#r3	exists	Text compared with an integer, double, numeric, PORT, PROTOCOL, DURATION, UUID, IPv6 or CIDR value — directly or in an IN list — answers through the value's text; an `IN` / `= ANY` / `NOT IN` / `<> ALL` subquery is accepted only where its body selects `CAST(x AS TEXT)` and the text provably converts (x renders every value as the compared type does: the same type, two integer kinds, or a PORT or PROTOCOL against double precision — never numeric against float, a fractional rendering against an integer kind, an integer's text against numeric, or a bigint, integer or DURATION's text against double precision); with a DATE, TIMESTAMP or boolean it answers directly and in an IN list. PostgreSQL raises 42883 for all of them. Any other text body raises 42883 here too, as PostgreSQL does: a stored TEXT column, a derived table's or a CTE's column (including one nested inside a CTE or a further derived table, and one addressed through a correlated `EXISTS` two levels down), a TEXT literal with a `FROM`, a set-operation body of such literals (UNION, UNION ALL, INTERSECT, EXCEPT alike), an aggregate over text, and the mirror (a text value against a subquery selecting a typed column). The rule reads each side whatever its shape: an expression over text in the body (`upper(s)`, `s || ''`, `coalesce(s, '0')`, a `CASE` over it) and a typed expression outside (`v + 0`, `coalesce(v, v)`) are 42883 like the columns. A `FROM`-less literal body (`id IN (SELECT '12')`) is not this rule: the parser folds it into the plain `IN` list before any subquery is planned, so it answers exactly as `id IN ('12')` does, where PostgreSQL refuses both alike 42883 — a kept superset, not a refusal. So does an `EXISTS` / `NOT EXISTS` (or a correlated `IN`) whose body equates an outer column with a text column of the other class, which is a join key exactly as `JOIN … ON a.x = b.s` is: `EXISTS (SELECT 1 FROM b WHERE b.s = a.v)` is 42883; a key with an expression side takes the membership rule — `a.v = CAST(b.v AS TEXT)` of the compared value's own type keeps the direct comparison's reading, any other text side (`coalesce(a.v, 0) = b.s`, `a.v_dec = CAST(b.v_i64 AS TEXT)`) is 42883 — and the same equality under `OR` keeps the direct reading; the rule reaches a correlated key sitting inside a nested `AND` conjunct, and `IS [NOT] DISTINCT FROM` taken as `=`. A `LATERAL` body's correlated equality is the join's key, and no text/typed pair is kept there: `FROM a, LATERAL (SELECT … FROM b WHERE b.s = a.v) l` is 42883, and so is its `CAST(b.v AS TEXT)` key. Through v0.25.1 a stored, derived-table or CTE column body, and an EXISTS over one, answered no rows for matching values (NOT IN and NOT EXISTS every row); a TEXT literal with a FROM, a set-operation body of such literals and an ungrouped `max(s)` body answered the membership for the ten kept types (0 rows on the single-process arms for DATE, TIMESTAMP and BOOLEAN); the mirror raised #615's key error for the integer kinds on most arms and answered 0 rows on every arm for numeric, float8, UUID, IPv6 and CIDR. Through v0.25.1 too, an expression outer (`v + 0 IN (SELECT s …)`) answered 0 rows on the single-process arms and 2 on the DAG, a body selecting `upper(s)` or `s || ''` 0 rows on the single-process arms and 22P02 on the DAG, a `LATERAL` key 0 rows on every arm, and `v_dec IN (SELECT CAST(v_i64 AS TEXT) …)` 1 row where the same `EXISTS` answered 0. A set-operation subquery body (UNION, UNION ALL, INTERSECT, EXCEPT) is kept only when each arm selects `CAST(x AS TEXT)` of a value that renders as the compared type does — with one gap: where the arms' types share a class, the body is judged by its FIRST arm's type alone, so a later arm's numeric or double precision CAST against a bigint is not refused (`v IN (SELECT CAST(v AS TEXT) … UNION SELECT CAST(d AS TEXT) …)` over a numeric `d` answers; the same arms in the other order are 42883, as PostgreSQL refuses both). Text against REAL, BYTEA, IPv4 or MAC, text membership against a DATE/TIMESTAMP/boolean subquery, and two text/typed COLUMNS as a JOIN key raise 42883 here too. For `<> ALL` the message names `=` where PostgreSQL names `<>` (the engine reads `x <> ALL (subquery)` as `x NOT IN (subquery)`); the SQLSTATE is the same. (catalog: [comparison-membership#r3, r4, r5, r6, r7, r8](adr/0012-divergences/comparison-membership.md#catalog); #826, #1073, #1308, #1368, #1369, #1370, #1374)	| **r3** `SELECT id FROM t WHERE id = s` | ERROR 42883 operator does not exist: bigint = text | answers through the value's text (also in an IN list; int4, float8, numeric, PORT, PROTOCOL, DURATION, UUID, IPv6, CIDR) | — | kept superset | 2026-09-22 · [E01](#e01), P091 | #826, #1073 | — |
docs/postgres-differences.md	497	temporal#r16	exists	**INTERVAL.** There is no INTERVAL column type; an INTERVAL value is declared `text` (OID 25) on the wire where PostgreSQL declares `interval` (OID 1186), printed in PostgreSQL's `postgres` style (`1 day`, `-1 days`, `1 year 2 mons`, `25:00:00`). The single-unit spellings the `INTERVAL '…'` literal takes (`'1 day'`, `'90 minutes'`, `'5'` seconds) are that interval in a text CAST too; any other interval text PostgreSQL reads (`'1 day 02:00:00'`, `'00:30:00'`, `'1 year 2 mons'`, `'P1D'`, `'1.5 days'`) is kept as written — PostgreSQL's own value when the text is PostgreSQL's output — and applying it to a date or timestamp is 0A000. Text PostgreSQL refuses is 22007. Into a TEXT column an INTERVAL stores its text; into any other column it is 42804. An INTERVAL field past PostgreSQL's own range (`INTERVAL '100000000000 hours'`) is 22015 there at the literal and 22008 here when it is applied. (catalog: [temporal#r16, r17, r18, r19, r20, r21, r22](adr/0012-divergences/temporal.md#catalog); arc VL)	| **r16** `SELECT CAST('2020-01-01 01:00:00' AS TIMESTAMP) - CAST('2020-01-01 00:00:00' AS TIMESTAMP)` | 01:00:00, interval | 3600000, declared double precision (measured): milliseconds | — | value divergence | — · P092 | — | — |
docs/postgres-differences.md	501	comparison-membership#r2	exists	"`c_ts >= 1700000000000` compares against the instant that many milliseconds after the epoch; PostgreSQL raises 42883. (A number against TEXT is the entry ""SELECT compares numeric spelling with text"" above, kept by arc BR.) A number against a boolean, and a boolean literal against a number, raise 42883 on both. (catalog: [comparison-membership#r2](adr/0012-divergences/comparison-membership.md#catalog); arc BR, #1216)"	| **r2** `SELECT id FROM t WHERE ts >= 1700000000000` | ERROR 42883 | compares with the instant 1700000000000 ms after the epoch (measured) | — | kept superset | 2026-09-22 · [E42](#e42), [E01](#e01), P093 | #1216 | — |
docs/postgres-differences.md	505	comparison-membership#r16	exists	A CASE, COALESCE, GREATEST, LEAST or set operation over two ROW columns of different shapes raises 42846 `could not convert type`, as PostgreSQL does for named composite types; its anonymous `ROW(…)` records answer. A quoted literal in a ROW's or ARRAY's own grammar inside such a fold raises 0A000 where PostgreSQL reads it. (catalog: [comparison-membership#r16, r17](adr/0012-divergences/comparison-membership.md#catalog); arc BR, #1060, #1065)	| **r16** `SELECT COALESCE(r2, r3) FROM rt` | anonymous ROW(…) records answer; named composites ERROR 42846 | ERROR 42846 could not convert type (CASE, GREATEST, LEAST, set operations the same) | 42846 | refusal | 2026-09-22 · [E01](#e01), P094 | #1060, #1065 | — |
docs/postgres-differences.md	509	set-operations#r3	exists	"`SELECT a.id … UNION ALL … ORDER BY a.id` answers; PostgreSQL raises 42P01. Any other qualifier raises 42P01, a name that is no result column 42703 (exactly, `ORDER BY ""ID""` over `id` included), and an expression PostgreSQL's transform error or 0A000. (catalog: [set-operations#r3](adr/0012-divergences/set-operations.md#catalog); arc BR, #1236)"	"| **r3** `SELECT a.id FROM a UNION ALL SELECT a.id FROM a ORDER BY a.id DESC` | ERROR 42P01 | answers, ordered by the first arm's id (measured); any other qualifier 42P01, ORDER BY ""ID"" over id 42703 | — | kept superset | 2026-09-22 · [E01](comparison-membership.md#e01), P095 | #1236 | — |"
docs/postgres-differences.md	513	aggregates-windows#r13	exists	`MEDIAN(DISTINCT a)`, `APPROX_DISTINCT(DISTINCT a)` and `MIN_BY(DISTINCT a,b)` deduplicate here; PostgreSQL refuses the corresponding ordered-set form or has no function. (catalog: [aggregates-windows#r13](adr/0012-divergences/aggregates-windows.md#catalog); #703)	| **r13** `SELECT MEDIAN(DISTINCT a), APPROX_DISTINCT(DISTINCT a), MIN_BY(DISTINCT a, b) FROM t` | ERROR cannot use DISTINCT with WITHIN GROUP; no approx_distinct or min_by | deduplicated answers | — | kept superset | 2026-09-02 · [E51](#e51), P096 | #703 | — |
docs/postgres-differences.md	517	extensions#r1	exists	It follows date_bin with default origin `1970-01-01`; PostgreSQL requires an origin. The stride must be an INTERVAL value — an `INTERVAL '…'` literal or a `CAST(… AS INTERVAL)` — and a text stride is 42804; the interval grammar is the SQL parser's, so `INTERVAL '1 day 6 hours'` is 22007. Months/years raise 0A000 and non-positive strides 22008, as in date_bin. (catalog: [extensions#r1, r2, r3](adr/0012-divergences/extensions.md#catalog); #965-TIME_BUCKET)	| **r1** `SELECT TIME_BUCKET(INTERVAL '1 hour', ts) FROM trades` | ERROR 42883: date_bin has no two-argument form; an origin is required | bins from the default origin 1970-01-01 (05:30 -> 05:00), as date_bin with that origin | — | kept superset | 2026-09-08 · [E77](#e77), P097 | #965 | `wadjet.TestTimeBucket*` |
docs/postgres-differences.md	521	extensions#r4	exists	PostgreSQL requires separate aggregates. VWAP uses AVG’s scale; zero volume returns NULL versus the quotient’s 22012, preserving other bars. DISTINCT/window forms raise 0A000. (catalog: [extensions#r4, r5, r6, r7](adr/0012-divergences/extensions.md#catalog); #965; §9/VWAP)	| **r4** `SELECT OHLCV(ts, price, size) FROM trades` | ERROR 42883; the bar is min/max/sum/avg spelled out per field | one ROW bar per group; each field declares its aggregate's type (min of price, sum(volume), avg(price)) | — | kept superset | 2026-09-08 · [E77](#e77), P098 | #965 | `coordinator.TestTheBarIsTheSameOnEveryArm`, `coordinator.TestTheBarsDeclaredTypeIsTheSameOnEveryArm`, `pgwire.TestPGWireRendersTheBarAsAPostgresComposite` |
docs/postgres-differences.md	525	extensions#r9	exists	`tcp_flags_has_all(f,'SYN','ACK')` equals PostgreSQL `(f & 18) = 18`. Empty or unknown name lists raise 22023 instead of dropping requested bits; PostgreSQL has no named-bit functions. (catalog: [extensions#r9, r10, r11](adr/0012-divergences/extensions.md#catalog); #966-TCP-flags)	| **r9** `SELECT tcp_flags_has_all(f, 'SYN', 'ACK') FROM tcpflow` | ERROR 42883; the spelling is (f & 18) = 18 | the same values as (f & 18) = 18, NULL flags give NULL | — | kept superset | 2026-09-08 · [E81](#e81), P099 | #966 | `expr.TestTheTCPFlagPredicatesAreTheBitArithmetic`, `wadjet.TestTheTCPFlagFamilyAnswersPostgresBitArithmeticEndToEnd`, `coordinator.TestTheTCPFlagFamilyAnswersPostgresBitArithmetic` |
docs/postgres-differences.md	529	extensions#r16	exists	`BITWISE_RIGHT_SHIFT` is logical; PostgreSQL `>>` preserves sign. Out-of-range shift counts return NULL rather than modular counts; `TO_BASE` uses signed text for negatives. (catalog: [extensions#r16, r17, r19](adr/0012-divergences/extensions.md#catalog); #966-bitwise)	| **r16** `SELECT BITWISE_RIGHT_SHIFT(-1, 1)` | (-1)::int8 >> 1 is -1 (arithmetic) | 9223372036854775807 (logical, Trino's); BITWISE_ARITHMETIC_SHIFT_RIGHT(-1, 1) is -1 | — | value divergence | 2026-09-08 · [E82](#e82), P100 | #966 | `expr.TestTheWholeBitwiseFamilyIsExact` |
docs/postgres-differences.md	533	extensions#r25	exists	PostgreSQL has none. SemVer 2.0.0 defines precedence; node-semver defines ranges. Leading v/V is accepted; components stop at int64. Malformed versions return NULL (strict normalization: 22023). Empty ranges, partial-version suffixes, leading zeros and oversized components raise 22023. (catalog: [extensions#r25, r26, r27, r28, r29, r30](adr/0012-divergences/extensions.md#catalog); #967)	| **r25** `SELECT semver_cmp('1.2.3', '1.10.0')` | ERROR 42883: no semver in core | -1 (SemVer 2.0.0 §11 precedence; declares int4) | — | kept superset | 2026-09-11 · [E85](#e85), P101 | #967 | `expr.TestSemverPrecedenceIsTheSpecificationsOwnExample` |
docs/postgres-differences.md	537	text-collation#r19	exists	`NORMALIZE(s, 'NFC')` answers here and is a syntax error on PostgreSQL 17.11, which admits only the bare keyword. Both spellings mean the same thing. (catalog: [text-collation#r19](adr/0012-divergences/text-collation.md#catalog); #1169)	| **r19** `SELECT NORMALIZE('abc', 'NFC')` | ERROR 42601 (only the bare keyword NFC is admitted) | abc (measured); NORMALIZE('abc', NFC) also answers | — | kept superset | — · P102 | #1169 | — |
docs/postgres-differences.md	541	numeric-decimal#r12	exists	`5.0 # 3` and `'a' # 'b'` answer here (the bitwise family reads its operands as integers) where PostgreSQL raises 42883 and 42725. The declared WIDTH agrees: `int4 # int4` is `integer` and a bigint operand makes it `bigint`, on both engines. (catalog: [numeric-decimal#r12](adr/0012-divergences/numeric-decimal.md#catalog); #1179)	| **r12** `SELECT 5.0 # 3, 'a' # 'b'` | ERROR 42883; ERROR 42725 | answers (operands read as integers); int4 # int4 is integer, a bigint operand bigint, as on PostgreSQL | PG 42883 | kept superset | — · P103 | #1179 | — |
docs/postgres-differences.md	545	comparison-membership#r12	exists	`SELECT percentile_cont(0.5, id), median(id) FROM t` answers over a numeric column; PostgreSQL has no MEDIAN or QUANTILE (42883) and requires `WITHIN GROUP` for MODE, PERCENTILE_CONT and PERCENTILE_DISC (42809). Over a non-numeric argument this engine refuses with PostgreSQL's per-function state: MODE and PERCENTILE_DISC 42809, PERCENTILE_CONT, MEDIAN and QUANTILE_* 42883. Write the `WITHIN GROUP (ORDER BY …)` form for portability. (catalog: [comparison-membership#r12](adr/0012-divergences/comparison-membership.md#catalog); arc BR)	| **r12** `SELECT percentile_cont(0.5, id), median(id) FROM t` | ERROR 42809 (plain call; WITHIN GROUP required); median 42883 | 13, 13 over numbers (measured); over non-numbers MODE and PERCENTILE_DISC 42809, MEDIAN 42883 | — | kept superset | 2026-09-22 · [E01](#e01) | #1249 | — |
docs/postgres-differences.md	549	comparison-membership#r13	exists	`SELECT string_agg(id, ',') FROM t` over a bigint answers `12,14`; PostgreSQL has no `string_agg(bigint, text)` and raises 42883. BOOL, the integers, REAL, DOUBLE, DECIMAL, the network types, PORT, PROTOCOL, DURATION, UUID and DATE render their own text; TIMESTAMP and typed containers are 42883 as in PostgreSQL, and BYTEA is 0A000. Write `string_agg(CAST(id AS TEXT), ',')` for portability. (catalog: [comparison-membership#r13](adr/0012-divergences/comparison-membership.md#catalog); arc BR)	| **r13** `SELECT string_agg(id, ',') FROM t` | ERROR 42883 (no string_agg over bigint) | 12,14 (the value's own text; TIMESTAMP and typed containers 42883; measured) | — | kept superset | 2026-09-22 · [E01](#e01) | — | — |
docs/postgres-differences.md	553	comparison-membership#r15	exists	SUM, AVG, STDDEV, VARIANCE, CORR and COVAR read PORT and PROTOCOL as int4 and DURATION as int8 nanoseconds, as the wire declares them, so `SELECT stddev(d) FROM np` over a DURATION column answers. PostgreSQL has none of these types, and its `interval` has no stddev. (catalog: [comparison-membership#r15](adr/0012-divergences/comparison-membership.md#catalog); arc BR, #834)	| **r15** `SELECT stddev(d) FROM np` | no DURATION type; interval has no stddev | answers over DURATION as int8 nanoseconds (PORT, PROTOCOL as int4 likewise) | — | kept superset | 2026-09-22 · [E01](#e01) | #834 | — |
docs/postgres-differences.md	557	containers#r20	exists	`ARRAY[1.5] > ARRAY[1]` answers `t` here; PostgreSQL has no operator for `numeric[] > integer[]` and raises 42883. Cast one side to the other's element type to write it portably. (catalog: [containers#r20](adr/0012-divergences/containers.md#catalog))	| **r20** `SELECT ARRAY[1.5] > ARRAY[1]` | ERROR 42883 operator does not exist: numeric[] > integer[] | t (measured): compares by value | — | kept superset | 2026-09-24 · [E79](#e79) | — | — |
docs/postgres-differences.md	561	containers#r21	exists	`CAST(ARRAY[1,2] AS JSON)` answers `[1,2]`, `to_json`'s text; PostgreSQL has no array-to-json cast and raises 42846. `to_json(ARRAY[1,2])` is the portable spelling. (catalog: [containers#r21](adr/0012-divergences/containers.md#catalog))	| **r21** `SELECT CAST(ARRAY[1,2] AS JSON)` | ERROR 42846 cannot cast type integer[] to json | [1,2] (measured), to_json's text | — | kept superset | 2026-09-24 · [E79](#e79) | — | — |
docs/postgres-differences.md	565	extensions#r12	exists	`SELECT tcp_flags(18)` answers `{SYN,ACK}`, declared `text[]`; PostgreSQL has no named-bit function and needs a join from bit to name. Only the nine TCP flag bits are named (`AE` is the canonical name, `NS` an input alias); any other set bit is omitted rather than refused, so one malformed row does not fail the query. (catalog: [extensions#r12](adr/0012-divergences/extensions.md#catalog))	| **r12** `SELECT tcp_flags(18), tcp_flags(1024)` | ERROR 42883; no named-bit function | {SYN,ACK} declared text[] (1009); a bit outside the nine names is not named and not refused | — | kept superset | 2026-09-24 · [E81](#e81), [E83](#e83) | #966, #1017 | `wadjet.TestTheTCPFlagFamilyAnswersPostgresBitArithmeticEndToEnd` |
docs/postgres-differences.md	569	extensions#r13	exists	`tcp_flags_from_string('')` is `0`, the mask of no names; PostgreSQL has no such function. An empty element inside a list (`'SYN,,ACK'`, `'SYN,'`) is 22023 naming its position, and an unknown name is 22023 naming it. (catalog: [extensions#r13](adr/0012-divergences/extensions.md#catalog))	| **r13** `SELECT tcp_flags_from_string(''), tcp_flags_from_string('SYN,,ACK')` | ERROR 42883 | '' is 0 (the mask of no names); an empty element is ERROR 22023 naming its position | 22023 | kept superset | 2026-09-08 · [E81](#e81) | #966 | — |
docs/postgres-differences.md	573	extensions#r14	exists	"`has_tcp_flag(256, 'AE')` is `t` and `tcp_flags_to_string(256)` is `AE`; PostgreSQL has neither function. An unknown flag name, or a flags argument that is not an integer, is 22023 rather than NULL, a smaller mask, or ""no flags set"". (catalog: [extensions#r14](adr/0012-divergences/extensions.md#catalog))"	| **r14** `SELECT has_tcp_flag(256, 'AE'), tcp_flags_to_string(256)` | ERROR 42883 | t, 'AE' (measured); an unknown name or a non-integer flags argument is ERROR 22023 | 22023 | kept superset | 2026-09-08 · [E84](#e84) | #966 | — |
docs/postgres-differences.md	577	extensions#r31	exists	`semver_satisfies('0.0.0-alpha', '>=0.0.0 <=0.0.0-alpha')` is `t`, matching node-semver 7.7.3, where reading the bound numerically would admit nothing; PostgreSQL has no semver functions. This makes ranges over Go pseudo-versions (`v0.0.0-…`) answer. `>=0.0.0-0` is a different comparator and is kept. (catalog: [extensions#r31](adr/0012-divergences/extensions.md#catalog))	| **r31** `SELECT semver_satisfies('0.0.0-alpha', '>=0.0.0 <=0.0.0-alpha')` | ERROR 42883 (node-semver 7.7.3: true) | t (measured): >=0.0.0 is deleted from every comparator set, as node-semver deletes it | — | kept superset | 2026-09-11 · [E85](#e85) | #967 | `expr.TestTheTrivialLowerBoundAnswersWhatNodeSemverAnswers`, `wadjet.TestARangeWithATrivialLowerBoundAnswersWhatNodeSemverAnswers` |
docs/postgres-differences.md	581	extensions#r32	exists	`semver_satisfies('9223372036854775807.5.0', '^9223372036854775807.0.0')` is `t`: an upper bound that would need a component past int64 is rewritten to the largest version below it rather than wrapped. node-semver refuses components past 2^53-1; this engine accepts and compares components up to 2^63-1 exactly, and PostgreSQL has no semver functions. (catalog: [extensions#r32](adr/0012-divergences/extensions.md#catalog))	| **r32** `SELECT semver_satisfies('9223372036854775807.5.0', '^9223372036854775807.0.0')` | ERROR 42883 (node-semver refuses components past 2^53-1) | t (measured): a generated bound at the top of int64 saturates rather than wrapping | — | kept superset | 2026-09-11 · [E85](#e85) | #967 | `expr.TestEveryGeneratedBoundSaturatesAtTheAcceptanceBound`, `wadjet.TestARangeAtTheAcceptanceBoundKeepsTheRowsItNames` |
docs/postgres-differences.md	585	extensions#r33	exists	`semver_parse('1.2.3-rc.1+b')` answers `(1,2,3,rc.1,b)` as `(major bigint, minor bigint, patch bigint, prerelease text, build text)`; PostgreSQL has no equivalent. An invalid string is NULL, and `semver_parse_strict` raises 22023 for it; a missing pre-release or build is the empty string. (catalog: [extensions#r33](adr/0012-divergences/extensions.md#catalog))	| **r33** `SELECT semver_parse('1.2.3-rc.1+b')` | ERROR 42883 | ROW(1, 2, 3, 'rc.1', 'b') as (major bigint, minor bigint, patch bigint, prerelease text, build text) | — | kept superset | 2026-09-12 · [E85](#e85) | #967, #1017 | — |
docs/postgres-differences.md	589	temporal#r8	exists	`SELECT TO_ISO8601(CAST('2023-11-14 05:06:07' AS TIMESTAMP))` answers `2023-11-14T05:06:07Z`; PostgreSQL has no such function and spells it with `to_char`. Every other timestamp-valued function renders PostgreSQL's `2023-11-14 05:06:07` and declares `timestamp`. `AT_TIMEZONE` keeps the ISO rendering because its result is a wall clock in another zone, which a zoneless rendering would publish as UTC. (catalog: [temporal#r8](adr/0012-divergences/temporal.md#catalog))	| **r8** `SELECT TO_ISO8601(CAST('2023-11-14 05:06:07' AS TIMESTAMP))` | ERROR 42883 (no to_iso8601 function) | 2023-11-14T05:06:07Z (measured); AT_TIMEZONE likewise keeps an ISO 8601 rendering | — | kept superset | 2026-09-04 · [E59](#e59) | #544 | — |
docs/postgres-differences.md	593	parameters-pgwire#r5	exists	A parameter declared `text` or `varchar` is read by the position it lands in, as an untyped literal is: `WHERE n = $1` with `$1` text `'7'` over an integer `n` answers the row where PostgreSQL raises 42883 (`integer = text`). `SELECT $1` declared `varchar` declares `text`, and an undeclared parameter beside a VARCHAR column is typed `text`, as such a column declares here. (catalog: [parameters-pgwire#r5](adr/0012-divergences/parameters-pgwire.md#catalog); #1410)	| **r5** `SELECT id FROM p WHERE n = $1` — `$1` declared text, bound `'7'` (n integer) | ERROR 42883 operator does not exist: integer = text | id 1: a text or varchar parameter is spliced as SQL's unknown literal, which the integer column's input reads (measured); `SELECT $1` declared varchar declares text (OID 25) where PostgreSQL declares varchar, and an undeclared parameter beside a VARCHAR column is typed text, as such a column declares here | — | kept superset | 2026-10-02 · [PW](../0012-amendments.md#2026-10-02-a-bound-parameters-type-arc-pw-1426-1410) | #1410 | `pgwire.TestArcPWParameterTypesMatchPostgres` (eq/n/25/\*, eq/d/25/\*, select/1043/\*, insert/VARCHAR/0/oid0) |
docs/postgres-differences.md	597	parameters-pgwire#r6	exists	An undeclared parameter in a FROM-less subquery — `n IN (SELECT $1)`, `n = (SELECT $1)` — takes the comparison's type and answers, where PostgreSQL types it text and raises 42883; `SELECT $1 IS NULL, $1` declares the parameter `text` and `WHERE $1 IS NULL` leaves it undetermined (OID 0), both answering where PostgreSQL raises 42P08 / 42P18. (catalog: [parameters-pgwire#r6, r7](adr/0012-divergences/parameters-pgwire.md#catalog); #1410)	| **r6** `SELECT id FROM p WHERE n IN (SELECT $1)` — `$1` undeclared, bound `'7'` (likewise `n = (SELECT $1)`, `d IN (SELECT $1)`) | ERROR 42883 operator does not exist: integer = text (the subquery's unknown output is text) | id 1: the parser reads a FROM-less one-item subquery as its item, so the parameter is typed as the comparison's other side (integer, date) and answers (measured). `= ANY (SELECT $1 UNION ALL SELECT $2)` is text and 42883 on both | — | kept superset | 2026-10-02 · [PW](../0012-amendments.md#2026-10-02-a-bound-parameters-type-arc-pw-1426-1410) | #1410 | `pgwire.TestArcPWParameterTypesMatchPostgres` (infer/n IN (SELECT $1), infer/n = (SELECT $1), date/d IN (SELECT $1)/\*/unk) |
docs/postgres-differences.md	603	other#r25	exists	`WITH s AS MATERIALIZED (…)`, `WITH s AS NOT MATERIALIZED (…)` and `WITH s AS (…) INSERT INTO …` raise 42601. A CTE whose body is volatile is evaluated once without the keyword; `INSERT INTO t WITH s AS (…) SELECT …` is the spelling that inserts. (catalog: [other#r25, r26](adr/0012-divergences/other.md#catalog))	| **r25** `WITH s AS MATERIALIZED (SELECT id, random() AS r FROM tb_big WHERE id <= 50) SELECT count(*) > 0 FROM s` (and `AS NOT MATERIALIZED`) | true; MATERIALIZED forces a `CTE Scan`, NOT MATERIALIZED inlines a non-volatile body — so `NOT MATERIALIZED` over a TABLESAMPLE body read twice makes PostgreSQL's own two references disagree (`(SELECT count(*) FROM s) - (SELECT count(*) FROM s)`: -166, 61, -177 in three runs; ADR-0013's legal nondeterminism) | ERROR 42601 on every arm (measured): the keywords are not parsed; a volatile body read more than once is evaluated once without them (ADR-0021 §2d) | 42601 | documented gap | 2026-10-05 · [CM](../0012-amendments.md#2026-10-05-a-volatile-cte-is-evaluated-once-arc-cm-1531) | — | `coordinator.TestArcCMVolatileCTEReadTwiceIsEvaluatedOnce` ref1\_from/matrnd, ref1\_from/nmatrnd |
docs/postgres-differences.md	607	dml-assignment#r8	exists	"`CREATE TABLE t (n SMALLINT)` and `(n INT2)` raise 42704 (`type ""SMALLINT"" does not exist`) where PostgreSQL creates an int2 column: there is no int16 storage. `CAST(x AS SMALLINT)` answers, declared bigint (see ""Integer expressions declare bigint""). (catalog: [dml-assignment#r8, r9](adr/0012-divergences/dml-assignment.md#catalog); #1353-int2, #1407)"	"| **r8** `CREATE TABLE sm (n SMALLINT)` | creates an int2 column | ERROR 42704 type ""SMALLINT"" does not exist (measured): no int16 storage | 42704 | documented gap | 2026-09-28 · [E93](#e93), P104 | #1353, #1407 | — |"
docs/postgres-differences.md	611	other#r13	exists	`pg_database` lists one database and `pg_roles` one role, the connection's identity, which is not a superuser; PostgreSQL also lists its templates and bootstrap superuser. `pg_class.relam` is 0 and `pg_am` is empty (a stored table has no PostgreSQL access method), `pg_type` lists the types the wire declares and their arrays but no DOMAIN types, `pg_proc` lists no functions, and the relations for objects this server does not have (indexes, triggers, rules, policies, publications, sequences) are empty. A column is typed by the engine type that carries it — an OID column declares `int8`, and `current_schemas()` is `text[]` where PostgreSQL's is `name[]`. A masked column's definition is listed and its values arrive masked; a denied column is absent. A string literal cast to `regclass` is read to its OID and prints as the OID where PostgreSQL prints the name. The server reports PostgreSQL 17 (`server_version` 17.0, `server_version_num` 170000), the major whose catalog it models, so psql and pgJDBC send the catalog spellings this catalog has. (catalog: [other#r13, r14, r15](adr/0012-divergences/other.md#catalog); ADR-0044, #1251)	| **r13** `SELECT datname FROM pg_database` | postgres, template0, template1 and user databases | one row, wadjet (measured); pg_roles one non-superuser role | — | documented gap | — · P105 | #1251 | — |
docs/postgres-differences.md	615	parameters-pgwire#r4	exists	"A statement the parser cannot read is 42601 with PostgreSQL's sentence — `syntax error at or near ""…""`, `syntax error at end of input`, and for `E'…'` strings `invalid Unicode surrogate pair at or near ""…""` (42601), `invalid Unicode escape` (22025), `invalid Unicode escape value at or near ""…""` (42601) and `invalid byte sequence for encoding ""UTF8"": 0x…` (22021) — the escape errors' own `at or near ""…""` suffix names the offending escape's own source text (`\uDE00`, `\U00110000`) or the character that broke a surrogate pair, matching PostgreSQL's wording (#1307). PostgreSQL also sends a structured error POSITION field, which psql renders separately as `LINE 1: …` with a caret; this server sends none — the sentence carries the location, the wire protocol's own position field does not. Where the parser stops early inside a subquery, the token named is the `)` that closes it, as in PostgreSQL. (catalog: [parameters-pgwire#r4](adr/0012-divergences/parameters-pgwire.md#catalog); ADR-0044)"	| **r4** `SELECT 1 +` | ERROR 42601 syntax error at end of input, with a POSITION field (psql LINE 1 and caret) | ERROR 42601 same sentence; no POSITION field (measured) | 42601 | documented gap | — · P106 | #1307 | — |
docs/postgres-differences.md	619	table-functions#r13	exists	`unnest(array)`, `generate_subscripts(array, dim)` and `information_schema._pg_expandarray(array)` expand each row when they ARE a SELECT item, by PostgreSQL 10's rule (the longest set decides the row count, shorter sets are padded with NULL). Inside an expression, in WHERE, beside an aggregate, a window function or DISTINCT they are refused 0A000 where PostgreSQL answers (or, in WHERE, refuses with the same code). `generate_subscripts`' dimension must be a constant, and a table function's arguments must be constants: `generate_series(1, t.n)` is 0A000. An `ARRAY[…]` constructor's elements take one common type, as in PostgreSQL; a constructor of constants only is typed by ADR-0024's literal rule, so `unnest(ARRAY[1,2.5])` answers 1, 2.5 declared `double precision` where PostgreSQL declares `numeric`. (catalog: [table-functions#r13, r14, r15](adr/0012-divergences/table-functions.md#catalog); ADR-0044)	| **r13** `SELECT 1 + unnest(ARRAY[1, 2])` | 2, 3 | ERROR 0A000: an SRF answers only as a whole SELECT item (measured) | 0A000 | refusal | — · P107 | — | — |
docs/postgres-differences.md	623	dml-assignment#r15	exists	PostgreSQL accepts a scalar subquery in a plain `INSERT INTO t VALUES (...)` cell — it is a constant to the statement, the same as it is in a `SELECT` list. Each VALUES cell here is a full scalar expression (#1252) evaluated with no row and no query environment, so a subquery is refused 0A000 rather than run. `MERGE ... WHEN NOT MATCHED THEN INSERT ... VALUES` is not this restriction: its VALUES clause has the merged row's environment already, and a subquery there compiles and runs as it does in a `WHEN` condition. (catalog: [dml-assignment#r15](adr/0012-divergences/dml-assignment.md#catalog))	| **r15** `INSERT INTO t VALUES (3, (SELECT max(n) FROM t))` | inserts the subquery's value | ERROR 0A000 a subquery in an INSERT ... VALUES expression is not supported (measured); MERGE's INSERT VALUES runs one | 0A000 | refusal | — · P108 | #1252 | — |
docs/postgres-differences.md	627	temporal#r23	exists	This engine has no TIME type among its 22 (`Type System`), so `CURRENT_TIME`'s SQL-standard niladic spelling parses — the parser recognizes it as a reserved keyword the way it does `CURRENT_DATE` — but the call itself is refused, `unknown function: current_time`, rather than declaring a value with no representation. `CURRENT_DATE`, `CURRENT_TIMESTAMP`, `LOCALTIMESTAMP` and `NOW()` are unaffected (#1254). (catalog: [temporal#r23](adr/0012-divergences/temporal.md#catalog))	| **r23** `SELECT CURRENT_TIME` | the current time, time with time zone | ERROR 42883 unknown function: current_time (measured); there is no TIME type | 42883 | documented gap | — · P109 | #1254 | — |
docs/postgres-differences.md	631	text-collation#r3	exists	`~ ~* !~ !~*` translate PostgreSQL's ARE form by form; a back reference, lookahead/lookbehind, `\m`/`\M`, `[[:<:]]`, a collating element and the `b e n p w x` embedded options are refused 0A000. Case-insensitive matching folds ASCII letters only, as PostgreSQL does under the C collation. `regexp_replace` reads its pattern through the same translation; its `n`, `m`, `p`, `w`, `x`, `b` and `e` flags and an integer start position are refused 0A000, and an RE holding a non-greedy quantifier is matched leftmost-first rather than shortest-first (`regexp_replace('Hello', 'x*?H*', '#')` is `#ello`; PostgreSQL `#Hello`). (catalog: [text-collation#r3, r4, r23, r24](adr/0012-divergences/text-collation.md#catalog); ADR-0044)	| **r3** `SELECT 'abab' ~ '(a)b\1'` | t | ERROR 0A000 regular expression back reference \1 is not supported (measured): RE2 matches; `regexp_replace` reads its pattern through the same translation and refuses the same forms (2026-10-02) | 0A000 | refusal | — · P110, [RN](../0012-amendments.md#2026-10-02-the-scalar-renderers-write-a-value-as-its-declared-types-text-arc-rn-1474-1466-1467-1481) | #1481 | `coordinator.TestArcRNRendererTableEveryArm` rx/backrefPattern |
docs/postgres-differences.md	637	text-collation#r2	exists	[SQL reference](sql-reference.md). (catalog: [text-collation#r2](adr/0012-divergences/text-collation.md#catalog))	"| **r2** `SELECT 'a' < 'b' COLLATE ""en_US""` | t (compared under en_US) | ERROR 0A000 collation ""en_US"" is not supported (measured); C, POSIX, ucs_basic and default are accepted | 0A000 | refusal | — · P111 | — | — |"
docs/postgres-differences.md	641	text-collation#r20	exists	`LOCALTIME` needs a TIME type this engine does not have; `'abc' IS NORMALIZED` and `U&'\0065\0301'` are 42601 where PostgreSQL answers. `LOCALTIMESTAMP` and `NORMALIZE(s, form)` are supported. (catalog: [text-collation#r20, r21, r22](adr/0012-divergences/text-collation.md#catalog); #1169)	"| **r20** `SELECT LOCALTIME` | the current local time, declared time | ERROR 42703 unknown column ""localtime"" (measured): no TIME type | 42703 | documented gap | — · P112 | #1169 | — |"
docs/postgres-differences.md	645	names-scopes#r15	exists	A star without a known width cannot be renamed positionally: 0A000 where PostgreSQL answers. (catalog: [names-scopes#r15](adr/0012-divergences/names-scopes.md#catalog); #958)	| **r15** `SELECT * FROM (SELECT * FROM ka JOIN kb ON ka.k = kb.k) AS b(p, q, r, s)` | p, q, r, s renamed positionally | ERROR 0A000 (measured); a list over a star of a base table, CTE, derived table or set operation applies | 0A000 | refusal | 2026-09-07 · [E22](#e22), P113 | #613, #958 | `coordinator.TestArcK1AColumnAliasListRenamesPositionally` |
docs/postgres-differences.md	649	set-operations#r6	exists	Unknown types/scales cause distributed refusal to avoid decimal reinterpretation; local execution and PostgreSQL can answer. (catalog: [set-operations#r6](adr/0012-divergences/set-operations.md#catalog); ADR-0012 §12/#551)	| **r6** `SELECT d FROM a UNION ALL SELECT x FROM b` | answers | distributed arm refuses when an arm's decimal type or scale is unresolved; the single-process arm answers | — | documented gap | — · P114 | #551 | — |
docs/postgres-differences.md	653	names-scopes#r19	exists	`SELECT *` over a `JOIN … USING` publishes the joined column once and first, as PostgreSQL does, and publishes a name the two arms share OUTSIDE the USING list twice, as PostgreSQL does. A chain of USING joins (`FROM ua JOIN ub USING (id) JOIN uc USING (id)`) and an arm that publishes one name twice both raise 0A000 where PostgreSQL answers. Name the columns, or write the join condition with ON. (catalog: [names-scopes#r19, r20](adr/0012-divergences/names-scopes.md#catalog))	| **r19** `SELECT * FROM ua JOIN ub USING (id) JOIN uc USING (id)` | id, v, w, z | ERROR 0A000 (measured): a chain of USING joins is not expanded | 0A000 | refusal | 2026-09-18 · [E54](#e54), [A11](../0012-amendments.md#a11), P115 | #810, #655, #1177 | `coordinator.TestSRAStarPublishesItsArmsOwnColumns` |
docs/postgres-differences.md	657	names-scopes#r21	exists	`SELECT * FROM lat_ord o JOIN LATERAL (SELECT i.id FROM lat_item i WHERE i.order_id = o.id) l USING (id)` publishes `id, customer, total, id` where PostgreSQL publishes `id, customer, total`: the star is expanded into both arms' own lists, but the USING merge is not applied over a LATERAL's lowered join, so the joined column is published a second time. (catalog: [names-scopes#r21](adr/0012-divergences/names-scopes.md#catalog); #1177-lateral-using)	| **r21** `SELECT * FROM lat_ord o JOIN LATERAL (SELECT i.id FROM lat_item i WHERE i.order_id = o.id) l USING (id)` | id, customer, total | id, customer, total, id (measured): the merge is not applied over a LATERAL | — | value divergence | — · P116 | #1177 | — |
docs/postgres-differences.md	661	names-scopes#r22	exists	`SELECT * FROM zzp JOIN zzj USING (id, d92)` declares the merged `d92` at the left arm's DECIMAL(9,2) where PostgreSQL declares unconstrained `numeric`, the common type of the two. The merged column's VALUE is the left arm's by the same rule on both engines; only the declaration differs. (catalog: [names-scopes#r22](adr/0012-divergences/names-scopes.md#catalog); #1177)	| **r22** `SELECT * FROM zzp JOIN zzj USING (id, d92)` | d92 declared numeric (common type) | d92 declared numeric(9,2), the left arm's (measured); value the left arm's on both | — | value divergence | — · P117 | #1177 | — |
docs/postgres-differences.md	665	names-scopes#r16	exists	`SELECT id FROM a JOIN b USING (id)` raises 42702 where PostgreSQL answers, because USING merges the column and the reference is not ambiguous there; the same for a WHERE, a GROUP BY, a HAVING and a DISTINCT. Qualify it (`a.id`). In an ORDER BY or a window key the same reference BINDS THE MERGE and answers. (catalog: [names-scopes#r16](adr/0012-divergences/names-scopes.md#catalog); #655)	| **r16** `SELECT id FROM a JOIN b USING (id)` | the merged id | ERROR 42702; a.id answers; in ORDER BY or a window key the bare name binds the merge | 42702 | refusal | 2026-09-18 · [E25](#e25), P118 | #655 | — |
docs/postgres-differences.md	669	names-scopes#r17	exists	It raises 0A000 where PostgreSQL answers: the merged value is COALESCE of the two sides, computed by the projection the star expands into, and this planner materializes a computed sort key beside a NAMED select list. Name the columns, which answers; so does the same statement without the ORDER BY. The positional spelling is the same refusal. (catalog: [names-scopes#r17](adr/0012-divergences/names-scopes.md#catalog); #655)	| **r17** `SELECT * FROM psb FULL JOIN psa USING (id) ORDER BY id` | 1, 2, 3 (ordered by COALESCE of the two sides) | ERROR 0A000; a named select list, or no ORDER BY, answers | 0A000 | refusal | 2026-09-18 · [E26](#e26), P119 | #655 | — |
docs/postgres-differences.md	673	names-scopes#r18	exists	It raises 0A000 where PostgreSQL answers: the merged value is a COALESCE and a window PARTITION BY / ORDER BY key here is a column name. Write the expression. A window ARGUMENT is an expression and binds the merge on RIGHT and FULL alike. The refusal is drawn on the SHAPE, so on data where the merged and left-arm partitionings coincide it withdraws an answer that would have been right. (catalog: [names-scopes#r18](adr/0012-divergences/names-scopes.md#catalog); #655)	| **r18** `SELECT COUNT(*) OVER (PARTITION BY id) FROM psb FULL JOIN psa USING (id)` | answers, partitioned by the merged key | ERROR 0A000, drawn on the shape; a window argument binds the merge | 0A000 | refusal | 2026-09-18 · [E26](#e26), P120 | #655 | — |
docs/postgres-differences.md	677	aggregates-windows#r19	exists	`LAG(x, o)`, `LAG(x, o + 1)`, `NTILE(o)` and `LAG(x, (SELECT 1))` raise `0A000`; PostgreSQL evaluates the argument (LAG / LEAD per row, NTILE / NTH_VALUE once per partition). A constant expression (`LAG(x, 2 - 1)`, `NTILE(abs(-2))`) is folded when the query is planned and answers as on PostgreSQL, except `'1' + 1`, which the fold types numeric (`42883`; PostgreSQL reads 2). An integer literal (the int4 minimum included), a quoted or cast integer, NULL and a bound `integer` or untyped parameter are read as PostgreSQL reads them. (catalog: [aggregates-windows#r19](adr/0012-divergences/aggregates-windows.md#catalog); #1399, #1440)	| **r19** `SELECT LAG(x, o) OVER (ORDER BY id), LAG(x, o + 1) OVER (ORDER BY id), NTILE(o) OVER (ORDER BY id), LAG(x, (SELECT 1)) OVER (ORDER BY id) FROM t` | evaluates the argument: LAG / LEAD read a per-row offset per row, NTILE / NTH_VALUE read it once per partition | ERROR 0A000 the integer argument of lag must be a constant here; a constant expression is folded and answers (`LAG(x, 2 - 1)`), except `LAG(x, '1' + 1)`, typed numeric by the fold: 42883 where PostgreSQL reads 2 | 0A000 | refusal | 2026-09-29 · [WA](../0012-amendments.md#2026-09-29-a-window-functions-argument-list-arc-wa-1394-1399) | #1399, #1440 | `coordinator.TestArcWAWindowArgumentsEveryArm` (off/*/{col,colexpr,subq,q_plus}, n/*/{col,colexpr}) |
docs/postgres-differences.md	681	names-scopes#r23	exists	It raises 0A000 where PostgreSQL answers: the keys are whatever columns the two sides share, which is a catalog question the parser cannot answer. Write the condition with ON or USING. (catalog: [names-scopes#r23](adr/0012-divergences/names-scopes.md#catalog); #655)	| **r23** `SELECT * FROM na NATURAL JOIN nb` | joins on the shared columns | ERROR 0A000 NATURAL JOIN is not supported (measured); write ON or USING | 0A000 | documented gap | — · P121, P143 | #655 | — |
docs/postgres-differences.md	685	names-scopes#r14	exists	`FROM c z(x, y)` raises 0A000 where PostgreSQL answers; the rename would land above the query's own block and every renamed reference would read NULL. Put the list on the definition, `WITH c(x, y) AS (…)`. (catalog: [names-scopes#r14](adr/0012-divergences/names-scopes.md#catalog); #959)	| **r14** `WITH c AS (SELECT 1 AS a, 2 AS b) SELECT * FROM c z(x, y)` | x=1, y=2 | ERROR 0A000; WITH c(x, y) AS (…) answers | 0A000 | refusal | 2026-09-18 · [E24](#e24), P122 | #959, #1158 | `coordinator.TestArcPSGrammarAnswersTheSameOnEveryArm` |
docs/postgres-differences.md	689	names-scopes#r13	exists	`FROM t a(k, k)` raises 42701 where PostgreSQL accepts the list and refuses only a reference to `k` (42702). This planner renames positionally and cannot publish one name for two columns; refusing the list is narrower than PostgreSQL, never a wrong value. (catalog: [names-scopes#r13](adr/0012-divergences/names-scopes.md#catalog); #959)	| **r13** `SELECT * FROM t a(k, k)` | accepts the list; 42702 at every reference to k (42P10 on a table function narrower than the list) | ERROR 42701 at the list | 42701 | refusal | 2026-09-18 · [E23](#e23), P039, P123 | #959, #1184 | `sql.TestArcPSParserReadsTheColumnAliasListGrammar` |
docs/postgres-differences.md	693	lateral-subqueries#r1	exists	`LEFT JOIN b ON a.x = (SELECT max(y) FROM c)` raises where PostgreSQL answers. An outer join's ON is evaluated AT the join, per probe row against each candidate build row, because a conjunct lifted above it would delete the rows the join preserves — and a subquery's value is not available there. The refusal names the construct. An INNER join lifts the same ON into a filter above the join and answers it. (catalog: [lateral-subqueries#r1](adr/0012-divergences/lateral-subqueries.md#catalog); #1153)	| **r1** `SELECT * FROM a LEFT JOIN b ON a.x = (SELECT max(y) FROM c)` | answers; the ON is evaluated per candidate row and unmatched a rows are padded | ERROR 42000 join ON residual on a left join is not evaluable at the join (measured); the INNER JOIN spelling answers | 42000 | refusal | 2026-09-18 · [E28](#e28), P124 | #1153 | — |
docs/postgres-differences.md	697	other#r2	exists	These types lack representations: casts/declarations raise 42704 versus PostgreSQL values. (catalog: [other#r2](adr/0012-divergences/other.md#catalog); #652)	"| **r2** `SELECT CAST('abc' AS bytea)` | \x616263 (money and inet likewise answer: $1.50, 192.168.1.1/32) | ERROR 42704 type ""bytea"" does not exist; money and inet the same (measured) | 42704 | refusal | 2026-09-04 · [E58](#e58), P125 | #652 | `wadjet.TestUnknownCastDestinationIsUndefinedObject` |"
docs/postgres-differences.md	701	network#r6	exists	A value PostgreSQL inet holds can exceed IPV4/IPV6’s representation: `CAST('10/8' AS IPV4)` raises 0A000. Host-width prefixes are accepted. (catalog: [network#r6](adr/0012-divergences/network.md#catalog); #627, #1092)	| **r6** `SELECT CAST('10/8' AS IPV4)` | 10.0.0.0/8 (an inet network) | ERROR 0A000 a network prefix is not representable in an IPV4 column (measured); 10.0.0.1/32 and ::1/128 are accepted | 0A000 | refusal | 2026-09-05 · [E61](#e61), [A12](../0012-amendments.md#a12), P126 | #627, #1092 | `kernel.TestNetworkLiteralRefusalIsOnePredicate`, `physical.TestPlanTimeNeverRefusesPGValidNetworkLiteral` |
docs/postgres-differences.md	705	set-operations#r7	exists	Missing representations cause 0A000 versus PostgreSQL values: DATE/TIMESTAMP, different address types, or PORT/PROTOCOL/DURATION with DECIMAL, in either order. (catalog: [set-operations#r7](adr/0012-divergences/set-operations.md#catalog); ADR-0012 §12/carrier-pairs; DATE/TIMESTAMP #1430)	| **r7** `SELECT DATE '2024-01-01' UNION ALL SELECT TIMESTAMP '2024-01-01 00:00:00'` | two timestamp rows | ERROR 0A000 no common carrier for DATE and TIMESTAMP (measured); INTERSECT, EXCEPT and a membership body mixing the two the same | 0A000 | refusal | — · P127 | #1378, #1430 | `coordinator.TestArcDTDateTimestampEveryArm` |
docs/postgres-differences.md	709	temporal#r24	exists	PostgreSQL resolves the arms to timestamp, a DATE arm at its midnight; here the choice has no carrier for a DATE arm in a TIMESTAMP result and raises 0A000 — `CAST` the DATE arm to TIMESTAMP. The refusal holds whatever the arm is: a column (of a table, a derived table, a CTE or recursive CTE — inside the recursive CTE's own recursive term too — a join, a set operation, VALUES or a LATERAL output, whatever produced it there), a literal, an expression, a scalar subquery (correlated or not), a window call such as `max(ts) OVER ()` or `lag(ts) OVER (…)`, or an aggregate. `NULLIF(d, ts)` is declared by its first argument and answers. A comparison (a scalar-subquery operand included), an IN / EXISTS membership and a join key between the two answer PostgreSQL's rows. A bind parameter typed TIMESTAMP (OID 1114) against a DATE column answers PostgreSQL's rows as well: `d = $1` with `'1969-12-31 23:59:59.999'` matches nothing (#1426). (catalog: [temporal#r24](adr/0012-divergences/temporal.md#catalog); #1378, #1316)	| **r24** `SELECT COALESCE(d, ts) FROM t` | the first non-null arm as timestamp without time zone, a DATE arm at its midnight | ERROR 0A000 COALESCE types date and timestamp without time zone are not supported together (measured, every arm); CASE, GREATEST and LEAST the same, whatever the arm's shape — a column (of a table, a derived table, a CTE or recursive CTE — read by the statement or inside the recursive CTE's own recursive term — a join, a set operation, VALUES or a LATERAL output, whatever expression produced it there), a literal, an expression, a scalar subquery (correlated or not, a union, CTE or derived-table body included), a window aggregate or value function (`max(ts) OVER ()`, `lag(ts) OVER (…)`), an aggregate — in the SELECT list, WHERE, ORDER BY, GROUP BY and HAVING alike. NULLIF(d, ts), declared by its first argument, answers PostgreSQL's rows. The DATE / TIMESTAMP declaration such a column carries (a scalar subquery, a window call or a recursive CTE's non-recursive term) is read by every other operator too, as a stored column's is: `ts ± 1`, `ts + ts`, `d + d`, `sum(d)`, `avg(ts)` and an integer = DATE / TIMESTAMP key (EXISTS, IN, JOIN, scalar comparison) over it raise 42883 as PostgreSQL does, and `ts − d` raises r18's 42883 (at v0.25.2 they answered a number, a day count or 0 rows). A comparison (a scalar-subquery operand on either side, correlated or not, included), an IN / = ANY / NOT IN / <> ALL membership, an EXISTS or LATERAL key and a JOIN key between the two answer PostgreSQL's rows (the DATE at its midnight); a TIMESTAMP-typed bind parameter against a DATE answers PostgreSQL's rows too — it is spliced as a TIMESTAMP literal since 2026-10-02 ([PW](../0012-amendments.md#2026-10-02-a-bound-parameters-type-arc-pw-1426-1410), #1426; at v0.25.3 it was read at DATE) | 0A000 | refusal | 2026-09-29 · [DT](../0012-amendments.md#2026-09-29-a-date-against-a-timestamp-arc-dt-1378) | #1378, #1316 | `coordinator.TestArcDTDateTimestampEveryArm`, `coordinator.TestArcDTR2ScalarAndFoldArmsEveryArm` |
docs/postgres-differences.md	713	set-operations#r8	exists	Text cannot initialize BOOL/integer/float/TIMESTAMP/PORT/PROTOCOL/DURATION vectors: 0A000 versus PostgreSQL values. NULL works. (catalog: [set-operations#r8](adr/0012-divergences/set-operations.md#catalog); ADR-0012 §12/quoted-literals)	| **r8** `SELECT TRUE UNION ALL SELECT 'true'` | t, t (the literal is typed from the other arm) | ERROR 0A000 cannot build a BOOL value from a quoted literal's text (measured) | 0A000 | refusal | — · P128 | — | — |
docs/postgres-differences.md	717	set-operations#r9	exists	A common scale can leave insufficient integer digits; the query raises 22003 where PostgreSQL numeric answers rather than discarding stored digits. (catalog: [set-operations#r9](adr/0012-divergences/set-operations.md#catalog); ADR-0012 §12/precision-cap)	| **r9** `SELECT CAST(12345678901234567890123456789012345678 AS DECIMAL(38,0)) UNION ALL SELECT 0.5` | answers (numeric is unconstrained) | ERROR 22003 (the common scale leaves too few integer digits) | 22003 | refusal | — · P129 | — | — |
docs/postgres-differences.md	721	lateral-subqueries#r7	exists	Reconstructing their window clauses is unsupported: 0A000 where PostgreSQL answers. (catalog: [lateral-subqueries#r7](adr/0012-divergences/lateral-subqueries.md#catalog); #1045)	| **r7** `SELECT id, (SELECT 1+SUM(u.id) OVER () FROM users x WHERE x.id=1) FROM users u` | 2, 3, 4 | ERROR 0A000 correlated scalar subquery holds a window function (measured) | 0A000 | refusal | 2026-09-12 · [E74](#e74), P130 | #1045 | `coordinator.TestArcC2ASubqueryReadsTheRowItIsCorrelatedOn` |
docs/postgres-differences.md	725	lateral-subqueries#r3	exists	Set-operation/LATERAL bodies and outer-level aggregates lack the required evaluation form: 0A000 where PostgreSQL answers. (catalog: [lateral-subqueries#r3, r4, r5](adr/0012-divergences/lateral-subqueries.md#catalog); #1044)	| **r3** `SELECT (SELECT MAX(u.id) FROM x) FROM users u` | one row, 3: the aggregate is promoted to the enclosing level | ERROR 0A000 no lowering for an aggregate level above the block it is written in (measured) | 0A000 | refusal | 2026-09-12 · [E75](#e75), P131 | #1044 | `coordinator.TestArcC2ASubqueryReadsTheRowItIsCorrelatedOn` |
docs/postgres-differences.md	729	lateral-subqueries#r8	exists	"An unqualified name inside a correlated subquery binds to the enclosing row when the subquery's own relations do not have it, as on PostgreSQL. When the subquery's FROM reads a table function, its columns are not known at that point: `o.id IN (SELECT b.k FROM dc_in b JOIN generate_series(1, 9) g(x) ON g.x = b.k WHERE total > 100)` fails with `filter column ""total"" does not exist in the input schema` where PostgreSQL answers. Write the qualifier — `o.total > 100`. (catalog: [lateral-subqueries#r8](adr/0012-divergences/lateral-subqueries.md#catalog); #1104, ADR-0021 §1r)"	"| **r8** `SELECT id FROM o WHERE o.id IN (SELECT b.k FROM dc_in b JOIN generate_series(1, 9) g(x) ON g.x = b.k WHERE total > 100)` | answers; total binds to the enclosing row | ERROR 42000 filter column ""total"" does not exist in the input schema (measured); o.total answers | 42000 | refusal | 2026-09-22 · [E76](#e76), P132 | #1104 | `coordinator.TestArcDCAnUnqualifiedOuterReferenceBindsWhereTheBodyCannotSupplyIt` |"
docs/postgres-differences.md	733	lateral-subqueries#r10	exists	`WITH d AS (…) SELECT … WHERE EXISTS (WITH d AS (…) SELECT 1 FROM d …)` reads the subquery's own `d` on PostgreSQL; here it is 0A000 `a WITH item inside a correlated subquery that shadows an outer WITH item is not supported`, because the per-row execution would read the outer `d`. Rename one of the two items. (catalog: [lateral-subqueries#r10](adr/0012-divergences/lateral-subqueries.md#catalog); ADR-0021 §1r)	| **r10** `WITH d AS (SELECT 1 AS k) SELECT o.id FROM o WHERE EXISTS (WITH d AS (SELECT 2 AS k) SELECT 1 FROM d WHERE d.k = o.k)` | reads the subquery's own d: the rows with k = 2 | ERROR 0A000 a WITH item inside a correlated subquery that shadows an outer WITH item is not supported (measured) | 0A000 | refusal | — · P133 | — | — |
docs/postgres-differences.md	737	lateral-subqueries#r2	exists	The standalone subquery cannot retain the aggregate’s outer scope: 42803 where PostgreSQL answers. (catalog: [lateral-subqueries#r2](adr/0012-divergences/lateral-subqueries.md#catalog); #809)	| **r2** `SELECT g FROM t GROUP BY g HAVING (SELECT MAX(k) FROM dim d WHERE d.k = SUM(t.g)) > 0` | answers; SUM(t.g) belongs to the enclosing grouped level | ERROR 42803 aggregate functions are not allowed in WHERE (measured) | 42803 | refusal | 2026-09-03 · [E49](#e49), P134 | #809 | `boundary_outer_level_aggregate_inside_a_subquery_is_refused` |
docs/postgres-differences.md	741	lateral-subqueries#r13	exists	An outer LATERAL’s ON retaining an empty-input default raises 0A000: `ON s.n = 0` requires PostgreSQL’s `Carol, 0`, which this evaluation cannot produce. (catalog: [lateral-subqueries#r13](adr/0012-divergences/lateral-subqueries.md#catalog); #977)	| **r13** `SELECT o.id, s.n FROM lat_ord o LEFT JOIN LATERAL (SELECT count(*) AS n FROM lat_item i WHERE i.order_id = o.id) s ON s.n = 0` | Carol, 0 for the order with no items | ERROR 0A000 naming the condition and pointing at WHERE (measured); ON s.n > 1 answers | 0A000 | refusal | 2026-09-07 · [E70](#e70), P135 | #977 | `coordinator.TestArcJ1AnOnConditionOverADefaultedColumnIsRightOrLoud` |
docs/postgres-differences.md	745	lateral-subqueries#r14	exists	`SELECT * FROM o JOIN LATERAL (SELECT i.id AS m, i.v AS m FROM i WHERE i.k = o.k - 0) s ON true` raises 0A000 where PostgreSQL answers: a list naming one column twice cannot be enumerated by name, so the star reads the join's output, which carries the body's key column the equality is evaluated against. A bare star over any other LATERAL — an expression key included — is expanded into the FROM items' own lists and answers. (catalog: [lateral-subqueries#r14](adr/0012-divergences/lateral-subqueries.md#catalog); #1302)	| **r14** `SELECT * FROM o JOIN LATERAL (SELECT i.id AS m, i.v AS m FROM i WHERE i.k = o.k - 0) s ON true` | answers, two columns named m | ERROR 0A000 the star could not be expanded (a list naming one column twice) (measured) | 0A000 | refusal | 2026-09-25 · [E71](#e71), P136 | #1302 | `coordinator.TestArcJP4RoutedLateralIsRightOnlyWhenSingleIsRight` |
docs/postgres-differences.md	749	lateral-subqueries#r19	exists	`SELECT … FROM o JOIN LATERAL (SELECT … FROM i JOIN LATERAL (SELECT j.k FROM i j WHERE j.k = o.k) t ON true …) s ON true` raises 0A000 where PostgreSQL answers: a LATERAL is decorrelated against the relation it joins, and `o` is two levels out. Any condition of a LATERAL body naming a relation that is neither the body's nor to its left is refused the same way. Before 2026-09-24 the reference was compared as the text `o.k` — an error for an integer key and zero rows for a text key; until 2026-09-25 it was refused 42000. (catalog: [lateral-subqueries#r19](adr/0012-divergences/lateral-subqueries.md#catalog); arc JP)	| **r19** `SELECT o.id, s.* FROM o JOIN LATERAL (SELECT i.id FROM i JOIN LATERAL (SELECT j.k FROM i j WHERE j.k = o.k) t ON true) s ON true` | answers | ERROR 0A000 the condition names a relation neither the body's nor to its left (measured) | 0A000 | refusal | 2026-09-25 · [E72](#e72), P137 | — | — |
docs/postgres-differences.md	753	lateral-subqueries#r17	exists	`SELECT o.id, s.* FROM o JOIN LATERAL (SELECT q.qid FROM q WHERE q.qk = o.k AND EXISTS (SELECT 1 FROM j JOIN LATERAL (SELECT x.v AS xv FROM x WHERE x.oid = j.oid) t ON true WHERE j.id = q.qid AND t.xv > o.id)) s ON true` raises 0A000 where PostgreSQL answers, and so does the same EXISTS reading only the body's `q.qid`: a subquery whose FROM holds a LATERAL join does not keep its correlation with the query around it (the same EXISTS at top level admits every row — a wrong answer this engine has at every level, recorded for repair), so the condition would not be evaluated per row. An uncorrelated one answers. (catalog: [lateral-subqueries#r17](adr/0012-divergences/lateral-subqueries.md#catalog); arc JP)	| **r17** `SELECT o.id, s.* FROM o JOIN LATERAL (SELECT q.qid FROM q WHERE q.qk = o.k AND EXISTS (SELECT 1 FROM j JOIN LATERAL (SELECT x.v AS xv FROM x WHERE x.oid = j.oid) t ON true WHERE j.id = q.qid AND t.xv > o.id)) s ON true` | answers per outer row | ERROR 0A000 the predicate reads the enclosing relation inside a subquery whose FROM holds a LATERAL join (measured) | 0A000 | refusal | 2026-09-25 · [E72](#e72), P138 | — | — |
docs/postgres-differences.md	757	lateral-subqueries#r20	exists	`JOIN LATERAL (SELECT i.v, row_number() OVER (ORDER BY i.v) FROM i WHERE i.k = o.k AND i.v < o.total) s` raises 0A000 where PostgreSQL answers: the correlation is evaluated as a join, the inequality as a filter over it, and the window would number rows that filter then removes. So does a window in an ungrouped aggregate body (`SELECT count(*), rank() OVER (…)`), whose row for an outer row with no matches is supplied by the join. A window beside equality correlations answers PostgreSQL's rows in every body position, `QUALIFY` included. (catalog: [lateral-subqueries#r20, r21](adr/0012-divergences/lateral-subqueries.md#catalog); arc JP)	| **r20** `SELECT o.id, s.* FROM o JOIN LATERAL (SELECT i.v, row_number() OVER (ORDER BY i.v) FROM i WHERE i.k = o.k AND i.v < o.total) s ON true` | answers per outer row | ERROR 0A000 window beside a non-equality correlated condition (measured); the equality-only body answers | 0A000 | refusal | 2026-09-25 · [E73](#e73), P139 | — | — |
docs/postgres-differences.md	761	names-scopes#r24	exists	Name-based expansion cannot distinguish positions: `SELECT x.*` raises 0A000 where PostgreSQL returns both columns. A bare star reads positions and answers. (catalog: [names-scopes#r24](adr/0012-divergences/names-scopes.md#catalog); 2026-09-13/duplicate-star)	| **r24** `SELECT x.* FROM (SELECT a.id, b.id FROM lat_item a JOIN lat_item b ON a.order_id = b.order_id) x` | both id columns | ERROR 0A000 (measured); the bare star answers the pair; x.id is 42702 as in PostgreSQL | 0A000 | refusal | 2026-09-13 · [E89](#e89), [E32](#e32), P140 | #1094 | `coordinator.TestArcO2ADerivedBlockPublishesItsVisibleList`, `coordinator.TestArcJ1AQualifiedStarExpandsFromTheRelationsOutput` |
docs/postgres-differences.md	765	lateral-subqueries#r22	exists	Equality-keyed correlated bodies apply `LIMIT`/`OFFSET` per outer row, including `SELECT s.*`. A bound over an inequality correlation, a mixed inner/outer key expression, an outer-side expression, a DISTINCT body other than exactly the key, a set operation or a body with its own QUALIFY raises `0A000` where PostgreSQL evaluates it per outer row. This engine has no general relation-valued per-row runner. See [LATERAL joins](sql-reference.md#lateral-joins). (catalog: [lateral-subqueries#r22](adr/0012-divergences/lateral-subqueries.md#catalog); ADR-0021 §1s)	| **r22** `SELECT o.id, s.v FROM o JOIN LATERAL (SELECT i.v FROM i WHERE i.k <= o.k ORDER BY i.v LIMIT 1) s ON true` | LIMIT applied per outer row | ERROR 0A000 the bound has no equality key to partition by (measured); i.k = o.k answers per outer row | 0A000 | refusal | 2026-09-24 · [E90](#e90), P141 | #1019 | `TestArcLTACorrelatedBodyIsEvaluatedPerOuterRowOnEveryArm` |
docs/postgres-differences.md	769	aggregates-windows#r14	exists	Only SUM/COUNT/AVG/MIN/MAX aggregates support OVER; others raise 0A000 where PostgreSQL supports windows. (catalog: [aggregates-windows#r14](adr/0012-divergences/aggregates-windows.md#catalog); #965-window-forms)	| **r14** `SELECT STDDEV(x) OVER (PARTITION BY g ORDER BY x) FROM t` | answers (any aggregate is a window function) | ERROR 0A000 listing the sixteen window functions (aggregates: SUM, COUNT, AVG, MIN, MAX) | 0A000 | refusal | 2026-09-08 · [E80](#e80), P142 | #965 | `wadjet.TestAnAggregateWithNoWindowFormRefusesRatherThanCrashing` |
docs/postgres-differences.md	773	names-scopes#r23	exists	It raises 0A000; use ON. PostgreSQL supports the implicit matching-column join. (catalog: [names-scopes#r23](adr/0012-divergences/names-scopes.md#catalog))	| **r23** `SELECT * FROM na NATURAL JOIN nb` | joins on the shared columns | ERROR 0A000 NATURAL JOIN is not supported (measured); write ON or USING | 0A000 | documented gap | — · P121, P143 | #655 | — |
docs/postgres-differences.md	777	dml-assignment#r17	exists	No executor exists: 0A000 versus PostgreSQL creating the view. (catalog: [dml-assignment#r17](adr/0012-divergences/dml-assignment.md#catalog))	| **r17** `CREATE VIEW v AS SELECT id FROM t` | creates the view | ERROR 0A000 CREATE VIEW is not supported (measured) | 0A000 | documented gap | — · P144 | — | — |
docs/postgres-differences.md	781	dml-assignment#r19	exists	Schema evolution is unavailable: 0A000 versus PostgreSQL performing the alteration. (catalog: [dml-assignment#r19](adr/0012-divergences/dml-assignment.md#catalog))	| **r19** `ALTER TABLE t ADD COLUMN z INT` | adds the column | ERROR 0A000 ALTER TABLE is not supported (measured) | 0A000 | documented gap | — · P145 | — | — |
docs/postgres-differences.md	785	dml-assignment#r18	exists	No executor exists: 0A000 versus PostgreSQL dropping the view. (catalog: [dml-assignment#r18](adr/0012-divergences/dml-assignment.md#catalog))	| **r18** `DROP VIEW v` | drops the view | ERROR 0A000 DROP VIEW is not supported (measured) | 0A000 | documented gap | — · P146 | — | — |
docs/postgres-differences.md	789	dml-assignment#r16	exists	`SET n = (SELECT max(n) FROM s)` raises 0A000 where PostgreSQL answers; assignment subqueries are unsupported, and so is one in `INSERT … VALUES`. A MERGE action's `SET` and `INSERT … VALUES` answer one, declared from the subquery's own plan. (catalog: [dml-assignment#r16](adr/0012-divergences/dml-assignment.md#catalog))	| **r16** `UPDATE t SET n = (SELECT max(i) FROM s)` | updates every row to the subquery's value | ERROR 0A000 SET n: a subquery in an UPDATE's SET list is not supported (measured); a MERGE SET answers one | 0A000 | refusal | — · P147 | — | — |
docs/postgres-differences.md	793	dml-assignment#r20	exists	INSERT/UPDATE/DELETE/MERGE RETURNING raises 0A000 versus PostgreSQL rows; that result form is unsupported. (catalog: [dml-assignment#r20](adr/0012-divergences/dml-assignment.md#catalog))	| **r20** `INSERT INTO t VALUES (4, 4) RETURNING id` | returns the inserted row | ERROR 0A000 RETURNING is not supported (measured); UPDATE, DELETE and MERGE likewise | 0A000 | documented gap | — · P148 | — | — |
docs/postgres-differences.md	797	dml-assignment#r21	exists	Both WHEN NOT MATCHED variants raise 0A000 versus PostgreSQL support; these forms are unimplemented. (catalog: [dml-assignment#r21](adr/0012-divergences/dml-assignment.md#catalog))	| **r21** `MERGE INTO t USING s ON t.id = s.id WHEN NOT MATCHED BY SOURCE THEN DELETE` | deletes the unmatched target rows | ERROR 0A000 MERGE: WHEN NOT MATCHED BY SOURCE is not supported (measured); BY TARGET likewise | 0A000 | documented gap | — · P149 | — | — |
docs/postgres-differences.md	801	dml-assignment#r22	exists	Other conditions raise 0A000 versus PostgreSQL joins; matching requires equality keys. (catalog: [dml-assignment#r22](adr/0012-divergences/dml-assignment.md#catalog))	| **r22** `MERGE INTO t USING s ON t.id < s.id WHEN MATCHED THEN UPDATE SET n = 0` | joins on the condition and updates | ERROR 0A000 MERGE ON supports only equality between the target and the source (measured) | 0A000 | refusal | — · P150 | — | — |
docs/postgres-differences.md	805	aggregates-windows#r15	exists	`ORDER BY COUNT(*) * 2` raises 0A000 versus PostgreSQL values; select it and sort by its alias because intermediate evaluation is unavailable. (catalog: [aggregates-windows#r15](adr/0012-divergences/aggregates-windows.md#catalog))	| **r15** `SELECT g, COUNT(*) FROM ob GROUP BY g ORDER BY COUNT(*) * 2` | answers, sorted | ERROR 0A000 an aggregate expression that is not itself a select item cannot be sorted on (measured) | 0A000 | refusal | — · P151 | — | — |
docs/postgres-differences.md	809	lateral-subqueries#r11	exists	`x < ALL (SELECT ...)` raises 0A000 where PostgreSQL answers; only equality forms are implemented. (catalog: [lateral-subqueries#r11](adr/0012-divergences/lateral-subqueries.md#catalog))	| **r11** `SELECT id FROM o WHERE k < ALL (SELECT k FROM i)` | answers | ERROR 0A000 < ALL (subquery) is not supported; only = ANY and <> ALL are (measured; > ANY the same) | 0A000 | refusal | — · P152 | — | — |
docs/postgres-differences.md	813	lateral-subqueries#r9	exists	A subquery’s derived table cannot evaluate enclosing-query references: 0A000 versus PostgreSQL values. (catalog: [lateral-subqueries#r9](adr/0012-divergences/lateral-subqueries.md#catalog))	"| **r9** `SELECT o.id FROM o WHERE EXISTS (SELECT 1 FROM (SELECT i.k FROM i WHERE i.k = o.k) d)` | answers the rows with a match | ERROR 0A000 a derived table in FROM that references ""o"" from an enclosing query is not supported (measured) | 0A000 | refusal | 2026-09-22 · [E76](#e76), P153 | #1104 | `coordinator.TestArcDCAnUnqualifiedOuterReferenceBindsWhereTheBodyCannotSupplyIt` |"
docs/postgres-differences.md	817	lateral-subqueries#r12	exists	A correlated subquery this engine re-runs per outer row substitutes the outer values as literals, and a value with no literal that reads back as itself stops the query: `(SELECT c.f + x.v FROM x WHERE x.id = 1)` raises 0A000 when a row of `c.f` is a non-finite `DOUBLE`, where PostgreSQL answers per row. An `ARRAY` outer value is substituted and its expressions answer (`c.arr[1]`, `c.arr = ARRAY[…]`), and so does a subquery that returns the array itself, `(SELECT c.arr …)`, declared as the column is. Where the correlation can be written as a join, write it as one. (catalog: [lateral-subqueries#r12](adr/0012-divergences/lateral-subqueries.md#catalog))	| **r12** `SELECT c.id, (SELECT c.f + x.v FROM x WHERE x.id = 1) FROM c` | answers per row, Infinity included | ERROR 0A000 when a re-run outer value is a non-finite FLOAT64 (measured); a BYTES outer value is its typed hex value and answers, a NUL and invalid UTF-8 included (amended 2026-10-05, #1501; 0A000 at c67ebf5b); array expressions answer (`c.arr[1]`, `c.arr = ARRAY[…]`), and so does a subquery returning the array itself, `(SELECT c.arr …)`, declared as the column is (integer[] for an integer[] column, as on PostgreSQL) | 0A000 | refusal | 2026-09-30 · P154 | #1422 | `coordinator.TestArcSSScalarSubqueryTypedOperandEveryArm`, `pgwire.TestArcSSScalarSubqueryTypedOnTheWire` |
docs/postgres-differences.md	821	recursion#r5	exists	It raises 0A000 where PostgreSQL deduplicates each step; this recursive evaluation form is unavailable. (catalog: [recursion#r5](adr/0012-divergences/recursion.md#catalog))	| **r5** `WITH RECURSIVE r(n) AS (SELECT 1 UNION SELECT n+1 FROM r WHERE n < 5) SELECT n FROM r` | 1, 2, 3, 4, 5 (duplicates removed at every step) | ERROR 0A000 recursive CTE written with UNION rather than UNION ALL is not supported (measured) | 0A000 | documented gap | — · P155 | — | — |
docs/postgres-differences.md	825	recursion#r1	exists	PostgreSQL has no iteration limit and runs a recursion that never reaches a fixed point until `statement_timeout` or `temp_file_limit` ends it. This engine iterates to the fixed point the same way and raises 54000 at the millionth iteration of a recursive term that still produces rows; one iteration larger than the memory budget is 53200. Nothing is truncated: the error replaces the answer. (catalog: [recursion#r1](adr/0012-divergences/recursion.md#catalog); ADR-0021 §1o-b, #1246)	| **r1** `WITH RECURSIVE r(n) AS (SELECT 1 UNION ALL SELECT n+1 FROM r) SELECT count(*) FROM r` | no iteration limit; runs until statement_timeout or temp_file_limit ends it | ERROR 54000 at the 1,000,000th iteration (53200 for one iteration larger than the budget); no partial rows | 54000 | documented gap | 2026-09-22 · [E92](#e92), P156 | #1246 | `wadjet.TestArcRCRecursiveCTEAnswersItsWholeClosureOrFails` |
docs/postgres-differences.md	829	recursion#r2	exists	PostgreSQL evaluates a recursive CTE lazily, so `WITH RECURSIVE r(n) AS (SELECT 1 UNION ALL SELECT n+1 FROM r) SELECT n FROM r LIMIT 5` answers five rows there. This engine materializes the closure before it is read, so the same statement is 54000 at the iteration limit. Write the stop into the recursive term's WHERE. (catalog: [recursion#r2](adr/0012-divergences/recursion.md#catalog); ADR-0021 §1o-b)	| **r2** `WITH RECURSIVE r(n) AS (SELECT 1 UNION ALL SELECT n+1 FROM r) SELECT n FROM r LIMIT 5` | 1, 2, 3, 4, 5 (lazy evaluation) | ERROR 54000 (closure materialized before it is read) | 54000 | refusal | 2026-09-22 · [E92](#e92), P157 | — | `wadjet.TestArcRCRecursiveCTEAnswersItsWholeClosureOrFails` |
docs/postgres-differences.md	833	recursion#r3	exists	PostgreSQL lets any item of a `WITH RECURSIVE` list name a LATER item; this engine resolves an item's body against the items before it, so the later name is 42P01. Mutual recursion between items is 42P01 here and 0A000 there. Both are refusals; reorder the items. (catalog: [recursion#r3, r4](adr/0012-divergences/recursion.md#catalog); arc RC)	"| **r3** `WITH RECURSIVE a(n) AS (SELECT n FROM b), b(n) AS (SELECT 1) SELECT n FROM a` | 1 | ERROR 42P01 relation ""b"" does not exist | 42P01 | refusal | 2026-09-22 · [E92](#e92), P158 | — | `wadjet.TestArcRCRecursiveCTEAnswersItsWholeClosureOrFails` |"
docs/postgres-differences.md	837	recursion#r6	exists	An `ORDER BY` or `LIMIT` on the whole recursive body (0A000 there), a term whose integer width differs from the seed's (`SELECT 1 UNION ALL SELECT (n + 1)::bigint …`, 42804 there — the value is range-checked into the seed's width here), a `text` term under a `varchar(n)` seed (one carrier here), and a term of the wrong type that never produces a row (42804 there at parse time; this engine checks the values the term produces) are answered here. A quoted seed (`SELECT '5' UNION ALL SELECT 2 …`) is text here and resolved from the term there, so a non-text term under it is 42804 here. The measured table is `wadjet.TestArcRCRecursiveCTESeedTypeDecidesAgainstEveryTermType`. Two seeds PostgreSQL types `numeric(p,s)` seed an unconstrained `numeric` here, so a term such as `v + 1` answers where PostgreSQL raises 42804: a scalar subquery over a `numeric(p,s)` column (`SELECT 1, (SELECT x.n FROM t x WHERE x.id = 1) UNION ALL …`; this engine declares the subquery's answer without the column's modifier), and a `numeric(38,s)` column or CAST (38 digits is the widest this engine holds). Superset, kept: none of them answers a value PostgreSQL would answer differently. (catalog: [recursion#r6, r7, r8, r9, r10, r11, r12](adr/0012-divergences/recursion.md#catalog); arc RC, arc SS)	| **r6** `WITH RECURSIVE r(n) AS (SELECT 1 UNION ALL SELECT n+1 FROM r WHERE n < 3 ORDER BY 1) SELECT n FROM r` | ERROR 0A000 (ORDER BY or LIMIT on the whole recursive body) | answers 1, 2, 3 | — | kept superset | 2026-09-22 · [E92](#e92), P159 | — | `wadjet.TestArcRCRecursiveCTESeedTypeDecidesAgainstEveryTermType` |
docs/postgres-differences.md	841	other#r21	exists	`SELECT count(*) FROM e JOIN t TABLESAMPLE BERNOULLI (101) ON e.id = t.id` with `e` empty raises 2202H here in either join order; PostgreSQL answers 0 when its plan reads `e` first and raises when it reads the sample first. `WHERE id < 0 AND EXISTS (SELECT 1 FROM big TABLESAMPLE BERNOULLI (101))`, and `WHERE EXISTS (…)` over an empty table, answer 0 on the embedded engine, which evaluates the conjunction per row; PostgreSQL and a cluster evaluate a conjunct that reads no row once, before any row, and raise 2202H. `WHERE id IN (SELECT id FROM big TABLESAMPLE BERNOULLI (101))`, and its `= ANY` form, over an empty table raise 2202H on the embedded engine, which builds the set before it reads a row; PostgreSQL builds it on the first probe and answers 0. (catalog: [other#r21](adr/0012-divergences/other.md#catalog); #1411)	| **r21** `SELECT count(*) FROM e JOIN t TABLESAMPLE BERNOULLI (101) ON e.id = t.id` (e empty) and `SELECT count(*) FROM t WHERE id < 0 AND EXISTS (SELECT 1 FROM big TABLESAMPLE BERNOULLI (101))` | the join 0 (its Nested Loop reads e first and never begins the sample; `FROM t TABLESAMPLE BERNOULLI (101) JOIN e …` is 2202H — the answer follows PostgreSQL's join order); the EXISTS 2202H (an InitPlan in a one-time filter) | the join ERROR 2202H in either order on the embedded engine (a coordinator arm raises 2202H or #1190's refusal of the empty relation); the EXISTS 0 on the embedded engine (the conjunction is evaluated per row and no row reaches the subquery), 2202H on a cluster (a conjunct that reads no row is evaluated once at plan time, as PostgreSQL's one-time filter is); the same over an empty table for every conjunct PostgreSQL evaluates that way — `WHERE EXISTS (…)`, `NOT EXISTS`, `NOT (…)`, `CASE WHEN EXISTS (…) THEN …`, `(EXISTS (…)) = true`, `HAVING EXISTS (…)`, `JOIN … ON … AND EXISTS (…)`: 0 on the embedded engine, the subquery's error on a cluster (measured). The semi-join spelling is the same class: `SELECT count(*) FROM e WHERE id IN (SELECT id FROM big TABLESAMPLE BERNOULLI (101))` and its `= ANY` form over the empty `e` answer 0 on PostgreSQL, which builds the set on the first probe, and raise 2202H on the embedded engine, which builds the set before it reads an outer row (measured) | 2202H | value divergence | 2026-10-03 · [TB](../0012-amendments.md#2026-10-03-the-tablesample-argument-arc-tb-1411) | #1411 | `coordinator.TestArcTBTablesampleArgumentOnEveryArm` empty\_join/\*, exists\_coded/id\_negative\_and\_exists; `coordinator.TestArcTBDeferredSubqueryFailureOnEveryArm` (the r21 pins) |
docs/postgres-differences.md	845	other#r22	exists	`SELECT count(*) FROM t WHERE CASE WHEN id > 5 THEN EXISTS (SELECT 1 FROM big TABLESAMPLE BERNOULLI (1e400)) ELSE true END` over ids 1–3 answers 3: a subquery's failure is raised when a row evaluates it, and no row reaches the arm. PostgreSQL plans the subquery with the statement, and the argument's coercion to real raises 22003 there. Over ids 1–7, where rows reach the arm, both raise 22003. The same holds for a subquery PostgreSQL fails while planning by folding a constant (`EXISTS (SELECT 1 FROM t WHERE id = CAST('x' AS INT))` in a CASE arm or an OR arm no row needs: PostgreSQL 22P02, 3 here), and for a WHERE CASE over a join input, which PostgreSQL pushes to that input's scan (rows of the input that the join later drops reach the arm there and raise; here the condition is evaluated over the joined rows and the statement answers). The answer is the value the statement has without the raise. (catalog: [other#r22](adr/0012-divergences/other.md#catalog); #1411)	| **r22** `SELECT count(*) FROM t WHERE CASE WHEN id > 5 THEN EXISTS (SELECT 1 FROM big TABLESAMPLE BERNOULLI (1e400)) ELSE true END` (t holds ids 1–3) | ERROR 22003: the subquery is planned with the statement and its argument's coercion to real fails there, though no row reaches the arm (under `CASE WHEN false` the arm is folded away before planning and the statement answers 3) | 3 on every arm (measured): a subquery's failure — its planning's as well as its run's — is raised when a row evaluates it, so an arm no row reaches answers; over ids 1–7, where rows reach the arm, 22003 as on PostgreSQL. The same for a SELECT-list `CASE WHEN id > 5 THEN EXISTS (…1e400…) ELSE false END`, and over an empty table for a conjunct that reads a row (`WHERE id = 1 OR EXISTS (…1e400…)`, `WHERE id IN (1, (SELECT … 1e400 …))`: 0 on the embedded engine and the asynchronous door, #1190's refusal on the DAG arms). The same for a subquery PostgreSQL fails while it plans the statement by folding a constant: `WHERE CASE WHEN id > 5 THEN EXISTS (SELECT 1 FROM t WHERE id = CAST('x' AS INT)) ELSE true END` and `WHERE id < 5 OR EXISTS (SELECT 1 FROM t WHERE id = CAST('x' AS INT))` over ids 1–3 are 22P02 on PostgreSQL and answer 3 on every arm (measured). And for a WHERE CASE over a join input: `SELECT count(*) FROM t JOIN t7 ON t.id = t7.id WHERE CASE WHEN t7.id > 5 THEN EXISTS (SELECT 1 FROM big TABLESAMPLE BERNOULLI (101)) ELSE true END` (t7 holds ids 1–7) is 2202H on PostgreSQL, which pushes the condition to t7's scan where ids 6 and 7 reach the arm, and answers 3 on every arm here, where a condition holding a subquery is evaluated over the joined rows (measured); the unsampled `EXISTS (SELECT 1 FROM t WHERE 1/(id-id) > 0)` likewise (PostgreSQL 22012). Each answer is the value PostgreSQL's statement has without the raise | PG 22003 / 22P02 / 2202H / 22012 | kept superset | 2026-10-03 · [TB](../0012-amendments.md#2026-10-03-the-tablesample-argument-arc-tb-1411) | #1411 | `coordinator.TestArcTBDeferredSubqueryFailureOnEveryArm` case\_col/E/22003/\*, select\_case\_col/E/22003/\* |
docs/postgres-differences.md	849	other#r23	exists	`SELECT count(*) FROM t WHERE EXISTS (SELECT 1 FROM big TABLESAMPLE BERNOULLI (101)) AND 1/0 = 1` raises 2202H; PostgreSQL folds the constant `1/0` when it plans the statement and raises 22012 first. (catalog: [other#r23](adr/0012-divergences/other.md#catalog); #1411)	| **r23** `SELECT count(*) FROM t WHERE EXISTS (SELECT 1 FROM big TABLESAMPLE BERNOULLI (101)) AND 1/0 = 1` | ERROR 22012: the constant `1/0` is folded, and raises, when the statement is planned, before any subquery runs | ERROR 2202H on every arm (measured): `1/0 = 1` is evaluated as a conjunct, after the sample's range check; both statements are refused, with a different SQLSTATE | 2202H | refusal | 2026-10-03 · [TB](../0012-amendments.md#2026-10-03-the-tablesample-argument-arc-tb-1411) | #1411 | `coordinator.TestArcTBTablesampleArgumentOnEveryArm` exists\_coded/exists\_and\_division\_by\_zero |
docs/postgres-differences.md	853	other#r17	exists	The repeatable-seed clause is not parsed (42601); PostgreSQL samples with the seed's sequence, so the same seed answers the same rows. (catalog: [other#r17](adr/0012-divergences/other.md#catalog); #1411)	| **r17** `SELECT count(*) FROM t TABLESAMPLE BERNOULLI (100) REPEATABLE (1)` | every row; the seed is any float8 (`REPEATABLE (NULL)` 2202G, `(1e400)` 22003) | ERROR 42601 syntax error: REPEATABLE is not parsed (measured) | 42601 | refusal | 2026-10-03 · [TB](../0012-amendments.md#2026-10-03-the-tablesample-argument-arc-tb-1411) | #1411 | `coordinator.TestArcTBTablesampleArgumentOnEveryArm` |
docs/releases/v0.25.3.md	69	temporal r24	exists	417 built-in scalar functions and 29 aggregate registry entries. The divergence catalog records this release's new rows: temporal r24 and aggregates-windows r18–r20. ADR-0021 §2c carries the scan-cache amendment.	| **r24** `SELECT COALESCE(d, ts) FROM t` | the first non-null arm as timestamp without time zone, a DATE arm at its midnight | ERROR 0A000 COALESCE types date and timestamp without time zone are not supported together (measured, every arm); CASE, GREATEST and LEAST the same, whatever the arm's shape — a column (of a table, a derived table, a CTE or recursive CTE — read by the statement or inside the recursive CTE's own recursive term — a join, a set operation, VALUES or a LATERAL output, whatever expression produced it there), a literal, an expression, a scalar subquery (correlated or not, a union, CTE or derived-table body included), a window aggregate or value function (`max(ts) OVER ()`, `lag(ts) OVER (…)`), an aggregate — in the SELECT list, WHERE, ORDER BY, GROUP BY and HAVING alike. NULLIF(d, ts), declared by its first argument, answers PostgreSQL's rows. The DATE / TIMESTAMP declaration such a column carries (a scalar subquery, a window call or a recursive CTE's non-recursive term) is read by every other operator too, as a stored column's is: `ts ± 1`, `ts + ts`, `d + d`, `sum(d)`, `avg(ts)` and an integer = DATE / TIMESTAMP key (EXISTS, IN, JOIN, scalar comparison) over it raise 42883 as PostgreSQL does, and `ts − d` raises r18's 42883 (at v0.25.2 they answered a number, a day count or 0 rows). A comparison (a scalar-subquery operand on either side, correlated or not, included), an IN / = ANY / NOT IN / <> ALL membership, an EXISTS or LATERAL key and a JOIN key between the two answer PostgreSQL's rows (the DATE at its midnight); a TIMESTAMP-typed bind parameter against a DATE answers PostgreSQL's rows too — it is spliced as a TIMESTAMP literal since 2026-10-02 ([PW](../0012-amendments.md#2026-10-02-a-bound-parameters-type-arc-pw-1426-1410), #1426; at v0.25.3 it was read at DATE) | 0A000 | refusal | 2026-09-29 · [DT](../0012-amendments.md#2026-09-29-a-date-against-a-timestamp-arc-dt-1378) | #1378, #1316 | `coordinator.TestArcDTDateTimestampEveryArm`, `coordinator.TestArcDTR2ScalarAndFoldArmsEveryArm` |
docs/releases/v0.25.3.md	69	aggregates-windows r18	exists	417 built-in scalar functions and 29 aggregate registry entries. The divergence catalog records this release's new rows: temporal r24 and aggregates-windows r18–r20. ADR-0021 §2c carries the scan-cache amendment.	| **r18** `SELECT FIRST_VALUE('b') OVER (ORDER BY id), LAG(NULL) OVER (ORDER BY id) FROM t` | ERROR 42804 could not determine polymorphic type because input has type unknown (likewise LAST_VALUE, NTH_VALUE, LEAD) | 'b' as text on every row; NULL on every row | — | kept superset | 2026-09-29 · [WA](../0012-amendments.md#2026-09-29-a-window-functions-argument-list-arc-wa-1394-1399) | #1394 | `coordinator.TestArcWAWindowArgumentsEveryArm` (arg/{first,last,nth}_value, lag, lead × text, null) |
docs/releases/v0.25.4.md	22	temporal r25	exists	- Comparisons `ts < 'now'` and `ts < 'today'` now raise `22007` over a TIMESTAMP row at `1970-01-01 00:00:00`, where v0.25.3 returned no rows ([temporal r25](../adr/0012-divergences/temporal.md)).	"| **r25** `SELECT CAST('2024-03-04 12:00:00 UTC' AS TIMESTAMP)` (likewise `… America/New_York`, `… EST`, `…12:00:00Z+05`, `…12:00:00z+05`, `12:00 PM`, `2024-03-04 BC`, `March 4 2024`, `Mar 4, 2024 12:00`, `J2460374`, `20240304T120000`, `2024-03-04 012:00`; as DATE, TIMESTAMP, a TIMESTAMP literal or a timestamp / timestamptz parameter; the special words `now`, `today`, `tomorrow`, `yesterday`; the infinite value beside an era, a meridiem or punctuation, which PostgreSQL's lexer drops — `infinity BC`, `infinity AM`, `infinity,`, `""infinity""` (since 2026-10-04, arc TI; the bare word with its sign is read, r2's mechanism); and, since 2026-10-04, a quoted text compared with a DATE or TIMESTAMP operand in any position, as CAST refuses it — `ts < 'now'`, `d = 'today'`, `d = 'Jan 15 2024'`, `ts = 'J2460325'`, `ts = '2024-01-15 BC'`, `ts = '…Z+05'`, `ORDER BY ts < 'now'`, an UPDATE / DELETE WHERE; write `CURRENT_TIMESTAMP` / `CURRENT_DATE` for `'now'` / `'today'`. `epoch` is not in this list: the grammar reads it as 1970-01-01 00:00:00 everywhere (#1512)) | 2024-03-04 12:00:00 (each read: a zone name or abbreviation — `Z+05` is the POSIX zone five hours WEST of UTC, `TIMESTAMPTZ '2024-03-04 12:00:00Z+05'` is 17:00 UTC, not `Z` and then an offset — a meridiem, the special values `now` / `today` (the transaction's clock), BC, month names, a Julian day, an ISO-basic clock, a three-digit hour) | ERROR 22007 invalid input syntax (measured): outside the one date/time grammar (E41) — refused, never guessed; `DATE '2024-03-04 12:00:00Z+05'` and `…z+05` read 2024-03-04 at 978cd0e5, which discarded what followed the clock | 22007 | refusal | 2026-10-02 · [PW](../0012-amendments.md#2026-10-02-a-bound-parameters-type-arc-pw-1426-1410) | #1426 | `pgwire.TestArcPWRound2MatchesPostgres` (b3/\*), `coordinator.TestArcPWZoneSpellingsEveryArm` (`…Z+05`, `…z+05`, kept), `coordinator.TestArcTCTimestampTextComparisonEveryArm` and `coordinator.TestArcTCBoundParameterEveryDoor` (kept, row temporal r25: sp/\*, pos/\*, spclock/\*), `wadjet.TestArcTCDMLSpecialWordsRefuseAsCastDoes` |"
docs/releases/v0.25.4.md	41	numeric-decimal r21	exists	- Over INTEGER `i = 3`, `SELECT MOD(i, '2.5') FROM t` now declares double precision and answers 0.5; v0.25.3 declared integer and answered 0 ([numeric-decimal r21](../adr/0012-divergences/numeric-decimal.md)).	"| **r21** `SELECT MOD(8, '2.5')` | ERROR 22P02 invalid input syntax for type integer: ""2.5"" (the unknown literal resolves to the integer argument's type) | 0.5, double precision (OID 701) (measured): beside an integer, a quoted literal whose text is not an integer is read as the number it spells, as `8 + '2.5'` is 10.5 and `MOD(t.b, '2.5')` over -70 is 0; a quoted integer keeps the integer type, `MOD(t.i, '3')` is integer (OID 23) as on PostgreSQL. The `%` operator is the `MOD` function, so the two spellings match each other where an expression must match a grouping key: `SELECT t.i % 2, count(*) FROM t GROUP BY mod(t.i, 2)` answers the groups here (measured 2026-10-04) where PostgreSQL raises 42803. 9420d256 answered `MOD(8, '2.5')` 0.5 and `8 + '2.5'` 10.5 the same, and `MOD(t.i, '2.5')` over 3 the integer 0; the `%` spelling is MOD (2026-10-04, #1527): `8 % '2.5'` is the same double 0.5 and `t.i % '2.5'` over 3, -7, 5 is 0.5, -2, 0 as `MOD(t.i, '2.5')` is (8ccfa832: `8 % '2.5'` 0 on the single-process arms and 0.5 on the DAG arms, `t.i % '2.5'` 1, -1, 1 single-process and 0.5, -2, 0 on the DAG, g/proj/l8_q25, g/proj/i_q25) | PG 22P02 | kept superset | 2026-10-03 · ADR-0024 §3 | — | `coordinator.TestArcNXNumericCarrierEveryArm` m/modLitQuoted\*, m/modColQuoted\*; `pgwire.TestArcNXNumericCarrierOnTheWire` w/modLitQuotedFracTbl, w/modColQuotedFracB; `coordinator.TestArcMOPercentIsModEveryArm` g/\*/i_q25, g/\*/l8_q25 (kept, both spellings) |"
docs/releases/v0.25.4.md	43	aggregates-windows r24	exists	- `CREATE TABLE c AS SELECT id, LAG(b, 1, CAST(NULL AS NUMERIC)) OVER (ORDER BY id) AS v FROM t` over bigint `b` now succeeds with a scale-zero numeric column, so `INSERT INTO c VALUES (9, 0.75)` stores 1; v0.25.3 refused the table creation ([aggregates-windows r24](../adr/0012-divergences/aggregates-windows.md)).	| **r24** `CREATE TABLE c AS SELECT id, LAG(b, 1, CAST(NULL AS NUMERIC)) OVER (ORDER BY id) AS v FROM t; INSERT INTO c VALUES (9, 0.75)` (b bigint) | the column is unconstrained numeric and stores 0.75 | the column is DECIMAL(38,0), the scale of the LAG result over a bigint, and stores 1; a column created from a numeric LAG / LEAD result takes the result's one scale where PostgreSQL's column is unconstrained (ADR-0024 §1; the unconstrained NUMERIC column, `CREATE TABLE t (v NUMERIC)`, is the same scale-0 rung, #1541). A default that is an expression over a typed NULL (`CAST(NULL AS NUMERIC) + 0`) is declared double precision, as that expression is everywhere (#1541), so `LAG(b * 1e15 + 1, 1, CAST(NULL AS NUMERIC) + 0)` answers the double 1e+16 where PostgreSQL answers 10000000000000001 (measured 2026-10-04). 8b00b112 refused the CREATE TABLE AS (`cannot store string into INT64 vector`) | — | value divergence | 2026-10-04 · [WD](../0012-amendments.md#2026-10-02-a-lag--lead-default-widens-the-result-arc-wd-1435) | #1436 | `wadjet.TestArcWDTypedNullCreateTableAs` c10 (pin: fails when 0.75 is stored) |
docs/releases/v0.25.4.md	50	recursion r11	exists	- A recursive CTE seeded by `(SELECT n FROM t)` over `NUMERIC(10,2) 2.25`, adding 1 twice, now answers `2.25, 3.25, 4.25` instead of v0.25.3’s `42804`; the remaining modifier difference is [recursion r11](../adr/0012-divergences/recursion.md).	| **r11** `WITH RECURSIVE r(k, v) AS (SELECT 1, (SELECT x.n FROM t x WHERE x.id = 1) UNION ALL SELECT k + 1, v + 1 FROM r WHERE k < 3) SELECT k, v FROM r` over a numeric(10,2) `x.n` | ERROR 42804 (numeric(10,2) in non-recursive term but type numeric overall) | 2.25, 3.25, 4.25: the subquery's answer is declared without the column's modifier, so it seeds an unconstrained column (likewise a correlated `(SELECT t.n …)`, a `CAST(x.n AS NUMERIC(10,2))` inside the subquery, and a numeric(5,2) answer under `v * 10`: 225.00, 2250.00, 22500.00); v0.25.3 raised 42804 (measured) | — | kept superset | 2026-10-01 · [SS](../0012-amendments.md#2026-09-30-a-scalar-subquerys-answer-is-a-typed-operand-arc-ss-1428-1431-1427-1422) | — | `pgwire.TestArcSSAuditConsumersOnTheWire` (r13/seed/subSeed*) |
docs/releases/v0.25.4.md	67	recursion r11	exists	"For a TIMESTAMP column containing `1969-12-31 23:59:59.999`, `SELECT CAST((SELECT ts FROM t) AS VARCHAR)` now prints that timestamp; v0.25.3 printed `-1`. Over `c.f = DOUBLE 6.5` and `x.v = INTEGER 1`, the correlated `(SELECT c.f + x.v FROM x WHERE x.id = c.id)` now declares double precision and answers 7.5; v0.25.3 declared integer and answered 7. Inserting that subquery into an INTEGER column now stores 8, where v0.25.3 stored 7. For `a = ARRAY[4]` and `n = NUMERIC(10,2) 10.00`, `SELECT a[1] * n FROM t` now writes the CLI JSON string `""40.00""`; v0.25.3 wrote the JSON number `40`. A recursive CTE seeded by `(SELECT n FROM t)` over `NUMERIC(10,2) 2.25`, adding 1 twice, now answers `2.25, 3.25, 4.25` instead of v0.25.3’s `42804`; the remaining modifier difference is [recursion r11](../adr/0012-divergences/recursion.md). For `d = DATE '9999-12-31'` and `ts = TIMESTAMP '2024-03-04 12:00:00'`, `SELECT d FROM t WHERE d = (SELECT d FROM t)` now finds the row and `SELECT (SELECT max(ts) FROM t) + INTERVAL '1 hour' AS v` answers `2024-03-04 13:00:00`; v0.25.3 found no row and left the timestamp at 12:00. (#1422, #1427, #1428, #1431)"	| **r11** `WITH RECURSIVE r(k, v) AS (SELECT 1, (SELECT x.n FROM t x WHERE x.id = 1) UNION ALL SELECT k + 1, v + 1 FROM r WHERE k < 3) SELECT k, v FROM r` over a numeric(10,2) `x.n` | ERROR 42804 (numeric(10,2) in non-recursive term but type numeric overall) | 2.25, 3.25, 4.25: the subquery's answer is declared without the column's modifier, so it seeds an unconstrained column (likewise a correlated `(SELECT t.n …)`, a `CAST(x.n AS NUMERIC(10,2))` inside the subquery, and a numeric(5,2) answer under `v * 10`: 225.00, 2250.00, 22500.00); v0.25.3 raised 42804 (measured) | — | kept superset | 2026-10-01 · [SS](../0012-amendments.md#2026-09-30-a-scalar-subquerys-answer-is-a-typed-operand-arc-ss-1428-1431-1427-1422) | — | `pgwire.TestArcSSAuditConsumersOnTheWire` (r13/seed/subSeed*) |
docs/releases/v0.25.4.md	71	other r16	exists	"`SELECT json_build_object('d', DATE '2024-03-04', 'ts', TIMESTAMP '2024-03-04 12:00:00')` now prints ISO strings for both values; v0.25.3 printed `19786` and `1709553600000`. `SELECT json_build_object('o', json_build_object('a', 1))` now prints `{""o"" : {""a"" : 1}}`, where v0.25.3 nested the inner object as a string. `SELECT format('%s|', NULL), regexp_replace('-10.50', '0', 'z')` now answers `|, -1z.50`; v0.25.3 answered `%!s(<nil>)|, -1z.5z`. A derived JSON value still nests as a string in both versions: `SELECT json_build_object('o', x) FROM (SELECT json_build_object('a', 1) AS x) s` prints `{""o"" : ""{\""a\"" : 1}""}` ([other r16](../adr/0012-divergences/other.md)). (#1466, #1467, #1474, #1481)"	"| **r16** `SELECT json_build_object('o', x) FROM (SELECT json_build_object('a', 1) AS x) s` | {""o"" : {""a"" : 1}}, declared json (OID 114) | {""o"" : ""{\""a\"" : 1}""} (measured): json_build_object declares text (OID 25), so a json value that reaches it declared text — a derived table's, a CTE's or a stored column, a scalar subquery over a table, a COALESCE with a text arm — is written as a JSON string; a FROM-less scalar subquery over its own `json_build_object` nests as an object; one its own argument expression produces (json_build_object, a CAST to json, a COALESCE or CASE of those) nests as an object. Being text, the object is also compared, grouped and md5'd where PostgreSQL raises 42883 for json | — | value divergence | 2026-10-02 · [RN](../0012-amendments.md#2026-10-02-the-scalar-renderers-write-a-value-as-its-declared-types-text-arc-rn-1474-1466-1467-1481) | #1470 | `pgwire.TestArcRNRenderersOnTheWire`, `coordinator.TestArcRNRendererTableEveryArm` jx/* |"
docs/releases/v0.25.4.md	79	parameters-pgwire r5	exists	With a DATE row `2024-03-04` and a TIMESTAMP parameter `2024-03-04 12:00:00`, `SELECT d FROM t WHERE d = $1` now returns no row; v0.25.3 returned the DATE. `SELECT $1` with a declared bigint parameter now declares bigint (OID 20), where v0.25.3 declared text (OID 25). A declared text parameter bound to `7` still matches an INTEGER 7 in `SELECT n FROM t WHERE n = $1` in both versions ([parameters-pgwire r5](../adr/0012-divergences/parameters-pgwire.md)). (#1410, #1426)	| **r5** `SELECT id FROM p WHERE n = $1` — `$1` declared text, bound `'7'` (n integer) | ERROR 42883 operator does not exist: integer = text | id 1: a text or varchar parameter is spliced as SQL's unknown literal, which the integer column's input reads (measured); `SELECT $1` declared varchar declares text (OID 25) where PostgreSQL declares varchar, and an undeclared parameter beside a VARCHAR column is typed text, as such a column declares here | — | kept superset | 2026-10-02 · [PW](../0012-amendments.md#2026-10-02-a-bound-parameters-type-arc-pw-1426-1410) | #1410 | `pgwire.TestArcPWParameterTypesMatchPostgres` (eq/n/25/\*, eq/d/25/\*, select/1043/\*, insert/VARCHAR/0/oid0) |
docs/releases/v0.25.4.md	91	dml-assignment r2	exists	`SELECT CASE WHEN true THEN 14.0000000000000000001 END = 14, CAST(5 / 2.0 AS INTEGER)` now answers false and 3; v0.25.3 answered true and 2. `SELECT CAST(9000000000 AS BIGINT) * 10000000 * CAST(10.00 AS NUMERIC(10,2)) - 3` now answers the exact `899999999999999997.00`; v0.25.3 answered `900000000000000000`. Over `t.id = 1`, `SELECT CAST(s.x AS INTEGER) FROM (SELECT DISTINCT 5 / 2.0 + t.id * 0 AS x FROM t) s` still answers 2 in both versions ([dml-assignment r2](../adr/0012-divergences/dml-assignment.md)). For `i = INTEGER 3` and `n = NUMERIC(10,2) 2.25`, `SELECT CAST(i AS INTEGER) / n FROM t` still answers double precision `1.3333333333333333` in both versions ([numeric-decimal r19](../adr/0012-divergences/numeric-decimal.md)). (#1386, #1392; #1450 remains open.)	| **r2** `SELECT CAST(s.x AS INTEGER) FROM (SELECT DISTINCT 5 / 2.0 + t.id * 0 AS x FROM ss_t t) s` | 3 | 2 (measured 2026-10-02 on every arm, roundOrigin/distinct; the same at c39858f3): a column a previous operator materialized is a float64 with no PostgreSQL category in the batch, so the cast rounds it half to even; the integer ASSIGNMENT of the same column rounds 3 (roundOrigin/insertDistinct). NARROWED 2026-10-02 (#1392): a cast whose operand computes the float-carried numeric itself rounds half away — `CAST(5 / 2.0 AS INTEGER)`, `CAST(SQRT(6.25) AS INTEGER)`, `CAST(POWER(2.5, 1) AS INTEGER)` are 3, negated -3, SMALLINT and BIGINT alike (2 and -2 at v0.25.3, issue/1392/*) | — | value divergence | 2026-09-28 · [E93](#e93), P015 | #1353, #1392 | `coordinator.TestArcNXNumericCarrierEveryArm` (kept roundOrigin/*) |
docs/releases/v0.25.4.md	91	numeric-decimal r19	exists	`SELECT CASE WHEN true THEN 14.0000000000000000001 END = 14, CAST(5 / 2.0 AS INTEGER)` now answers false and 3; v0.25.3 answered true and 2. `SELECT CAST(9000000000 AS BIGINT) * 10000000 * CAST(10.00 AS NUMERIC(10,2)) - 3` now answers the exact `899999999999999997.00`; v0.25.3 answered `900000000000000000`. Over `t.id = 1`, `SELECT CAST(s.x AS INTEGER) FROM (SELECT DISTINCT 5 / 2.0 + t.id * 0 AS x FROM t) s` still answers 2 in both versions ([dml-assignment r2](../adr/0012-divergences/dml-assignment.md)). For `i = INTEGER 3` and `n = NUMERIC(10,2) 2.25`, `SELECT CAST(i AS INTEGER) / n FROM t` still answers double precision `1.3333333333333333` in both versions ([numeric-decimal r19](../adr/0012-divergences/numeric-decimal.md)). (#1386, #1392; #1450 remains open.)	| **r19** `SELECT m / i FROM t -- m numeric(10,2) = 1.25, i integer = 3` | 0.41666666666666666667 | 0.4166666666667 (measured, the same at v0.25.3): a DECIMAL quotient keeps max(6, s1 + p2 + 1) fraction digits, the divisor's precision its column type's (an integer column DECIMAL(10,0), a bigint DECIMAL(19,0), a numeric(10,2) its 10); an integer LITERAL divisor is its digit count, so `m / 3` keeps 6 (0.416667). A correlated subquery's outer value is typed as its column, so `(SELECT x.m / o.i …)` and `(SELECT x.v / o.n …)` answer the column forms' digits exactly; inside a scalar subquery an integral EXTRACT divisor takes the int64 range at scale 0, so `(SELECT x.m / extract(year FROM o.d) …)` keeps 22 fraction digits, the value correctly rounded (0.0006175889328063241107; PostgreSQL 0.00061758893280632411; v0.25.3 double precision 0.0006175889328063241 — coordinator r9/a_mDivYear). A quotient over an operand a cast made exact keeps the float8 rung, OID 701 — an integer CAST the query wrote, bare or under NULLIF, COALESCE, CASE, GREATEST, LEAST, abs, unary minus, integer arithmetic or numeric arithmetic (`(CAST(t.i AS INTEGER) * 1.0) / t.n`); a bare `CAST(… AS NUMERIC)` (`CAST(t.i AS NUMERIC) / t.n`, `t.n / CAST(t.b AS NUMERIC)`, `CAST(t.n AS NUMERIC) / 3`); either of those under a function whose result is its argument's exact type — abs, mod, round, ceil, ceiling, floor, trunc, sign, one list the plan and the kernel read (`ceil(CAST(t.i AS NUMERIC)) / t.n`, `round(CAST(t.i AS INTEGER) * 1.0) / t.n`; qf/*): `CAST(t.i AS INTEGER) / t.n` is the double 1.3333333333333333, 2, 0.5, 100 where PostgreSQL answers numeric 1.3333333333333333, 2.0000000000000000, 0.50000000000000000000, 100.0000000000000000 (measured 2026-10-02, issue/1450/div; the same at c39858f3), because this rule's 11 fraction digits would drop the double's 16 significant digits, and `CAST(t.n AS NUMERIC) / 3` is 0.75, 0.0033333333333333335 (the double, as at c39858f3; this rule's 6 digits would print 0.003333, bareCast/numOperand). Every other operator over such an operand is exact (#1450), so `t.n / NULLIF(CAST(t.b AS BIGINT), 0)` = 0.0000000011111111111111111111 selects PostgreSQL's row 3 and a `PARTITION BY` over it partitions as PostgreSQL's (nx/icBigDiv/cmp, nx/icBigDiv/winKey, nx/wq*/cmp, nx/wn*/cmp, nx/wq*/winKey, nx/wn*/winKey, qn/*/cmp: the same at c39858f3), and the projection of the wrapped cast is the double 0.075 … 1.111111111111111e-09 where c39858f3 raised 22003 numeric field overflow (declared at this rule, computed as the double; nx/icBigDiv/proj), and `ceil(CAST(t.i AS NUMERIC)) / t.n = 1.3333333333333333` selects PostgreSQL's row 1 as at c39858f3 (qf/ceil/bareNum/cmp and the other qf/*/cmp, qf/*/win, qf/*/group, qf/*/inList). A quotient of two constants keeps the double too — an integer literal past int64 among them, `9223372036854775808 / 2` 4.611686018427388e+18 where PostgreSQL answers numeric 4611686018427387904 (negLit/pastInt64Quot, as at c39858f3) — while the same literal over a column is this rule's one-scale numeric: `t.n / 9223372036854775808` 0.0000000000000000002439 where PostgreSQL answers 0.000000000000000000243945488809238498 (negLit/colOverPastInt64, as at c39858f3), and `9223372036854775808 / t.n` 4099276460824344803.55555555556 where PostgreSQL answers 4099276460824344803.56 (alias/pastInt64QuotNoAlias). An aliased item is the same quotient: `7 / t.n AS x` prints 3.11111111111 and `9223372036854775808 / t.n AS x` 4099276460824344803.55555555556 on every arm (alias/smallQuot, alias/pastInt64Quot); c39858f3's single-process arms typed such an item by the column its text named after the first dot and printed 3.11 and 4099276460824344803.56 | — | value divergence | 2026-09-30 · ADR-0024 §3 | #1422, #1450 | `coordinator.TestArcSSOperandClassAndWidthEveryArm`, `coordinator.TestArcNXNumericCarrierEveryArm` |
docs/releases/v0.25.4.md	95	table-functions r3	exists	"For a JSON file with 100 rows containing only `id` followed by `{""id"":101,""k"":7}`, `SELECT * FROM read_json(f) WHERE id = 101` now refuses the late key `k`; v0.25.3 returned only `id = 101`. With `sample_size = -1`, that query now returns `id = 101, k = 7`; v0.25.3 refused the negative named argument. For a CSV column containing integers 1–100 followed by 0.75, `SELECT SUM(a) FROM read_csv(f, sample_size = -1)` now answers 5050.75; v0.25.3 refused the negative named argument. Whole-input inference requires a second pass over the input. Remaining reader grammar differences are listed in [table-functions r3–r6](../adr/0012-divergences/table-functions.md); [ADR-0039 §3](../adr/0039-a-table-function-in-from-is-a-relation.md) describes inference. (#1242)"	| **r3** `SELECT * FROM read_csv('/data/ts.csv') -- a timestamp field past the 100-row sample reads Jan 2 2024` | COPY reads Jan 2 2024 as a timestamp | ERROR 22007 naming reader, file, row, column and types: only the sample's own spellings are read | 22007 | refusal | — · P040 | #1184, #1210, #1230 | — |
docs/releases/v0.25.4.md	99	other r17	exists	Over three rows, `SELECT count(*) FROM t TABLESAMPLE BERNOULLI (0)` now answers 0 and the same statement with `(101)` refuses an out-of-range percentage; v0.25.3 answered 3 for both. `SELECT CAST('1_0' AS REAL)` and `SELECT CAST('1e-46' AS REAL)` now refuse the input text and the out-of-range value respectively; v0.25.3 answered 10 and 0. `SELECT count(*) FROM t TABLESAMPLE BERNOULLI (100) REPEATABLE (1)` still raises `42601` in both versions ([other r17](../adr/0012-divergences/other.md)). (#1411)	| **r17** `SELECT count(*) FROM t TABLESAMPLE BERNOULLI (100) REPEATABLE (1)` | every row; the seed is any float8 (`REPEATABLE (NULL)` 2202G, `(1e400)` 22003) | ERROR 42601 syntax error: REPEATABLE is not parsed (measured) | 42601 | refusal | 2026-10-03 · [TB](../0012-amendments.md#2026-10-03-the-tablesample-argument-arc-tb-1411) | #1411 | `coordinator.TestArcTBTablesampleArgumentOnEveryArm` |
docs/releases/v0.25.4.md	107	aggregates-windows r23	exists	Over bigint values 10 and 20 ordered by `id`, `SELECT LAG(b, 1, 2.5) OVER (ORDER BY id) FROM t` now declares numeric (OID 1700) and prints `2.5, 10.0`; v0.25.3 declared bigint (OID 20) and printed `2, 10`. Over bigint values 10 and 20, `SELECT LAG(b, 1, '7') OVER (ORDER BY id) FROM t` now answers `7, 10`; v0.25.3 failed with `cannot store string into INT64 vector`. Over bigint `b` and double `d`, `SELECT LAG(b, 1, (SELECT max(d) FROM t)) OVER (ORDER BY id) FROM t` still fails with `cannot store string into INT64 vector` in both versions ([aggregates-windows r23](../adr/0012-divergences/aggregates-windows.md)). The column-scale limitation is recorded in [numeric-decimal r18](../adr/0012-divergences/numeric-decimal.md) and [aggregates-windows r24](../adr/0012-divergences/aggregates-windows.md). (#1435, #1436)	"| **r23** `SELECT LAG(b, 1, (SELECT max(d) FROM t)) OVER (ORDER BY id) FROM t` (b bigint, d double precision) | evaluates the subquery once: double precision, the maximum on the row the default fills (6.5, 10, 20, NULL, 40, 50 over the gate's fixture) | ERROR: `cannot store string into INT64 vector` on the single-process arms (no engine SQLSTATE; pgwire sends 42000, measured 2026-10-05), `window key project: compile window key ""((SELECT max(d) FROM t))""` on the DAG arms; a constant subquery (`(SELECT 9)`) answers | — | refusal | 2026-10-03 · [WD](../0012-amendments.md#2026-10-02-a-lag--lead-default-widens-the-result-arc-wd-1435) | #1435 | `wadjet.TestArcWDWindowDefaultOnTheEmbeddedEngine` (pin: fails when the statement answers) |"
docs/releases/v0.25.4.md	107	numeric-decimal r18	exists	Over bigint values 10 and 20 ordered by `id`, `SELECT LAG(b, 1, 2.5) OVER (ORDER BY id) FROM t` now declares numeric (OID 1700) and prints `2.5, 10.0`; v0.25.3 declared bigint (OID 20) and printed `2, 10`. Over bigint values 10 and 20, `SELECT LAG(b, 1, '7') OVER (ORDER BY id) FROM t` now answers `7, 10`; v0.25.3 failed with `cannot store string into INT64 vector`. Over bigint `b` and double `d`, `SELECT LAG(b, 1, (SELECT max(d) FROM t)) OVER (ORDER BY id) FROM t` still fails with `cannot store string into INT64 vector` in both versions ([aggregates-windows r23](../adr/0012-divergences/aggregates-windows.md)). The column-scale limitation is recorded in [numeric-decimal r18](../adr/0012-divergences/numeric-decimal.md) and [aggregates-windows r24](../adr/0012-divergences/aggregates-windows.md). (#1435, #1436)	| **r18** `SELECT COALESCE(d152, 12.3456789012345) FROM t -- d152 numeric(15,2)` | 12.75 | 12.7500000000000 (one scale per column; wire typmod -1); the elements of a numeric[] array share one scale too: `ARRAY[n, 1]` over a numeric(10,2) is {2.25,1.00} where PostgreSQL prints {2.25,1} (measured, r12/b2/arrN1); a numeric constant a double cannot carry is its own DECIMAL in a fold, so `COALESCE(t.b, 14.0000000000000000001)` over a bigint prints 30.0000000000000000000 for PostgreSQL's 30 and 14.0000000000000000001 on the NULL row, and `CASE WHEN 14.0000000000000000001 > 14 THEN 14 ELSE 13.25 END` prints 14.00 for 14 (measured 2026-10-02, nx/ncCoalesceCol/*, nx/ncCaseChoice/*; at c39858f3 the first was the double 14 on the NULL row and the second 13.25, the wrong arm) | — | value divergence | 2026-09-05 · [E64](#e64), [A13](../0012-amendments.md#a13), P007 | #764, #1386 | `coordinator.TestLiteralScaleInADecimalFold`, `coordinator.TestArcNXNumericCarrierEveryArm` |
docs/releases/v0.25.4.md	107	aggregates-windows r24	exists	Over bigint values 10 and 20 ordered by `id`, `SELECT LAG(b, 1, 2.5) OVER (ORDER BY id) FROM t` now declares numeric (OID 1700) and prints `2.5, 10.0`; v0.25.3 declared bigint (OID 20) and printed `2, 10`. Over bigint values 10 and 20, `SELECT LAG(b, 1, '7') OVER (ORDER BY id) FROM t` now answers `7, 10`; v0.25.3 failed with `cannot store string into INT64 vector`. Over bigint `b` and double `d`, `SELECT LAG(b, 1, (SELECT max(d) FROM t)) OVER (ORDER BY id) FROM t` still fails with `cannot store string into INT64 vector` in both versions ([aggregates-windows r23](../adr/0012-divergences/aggregates-windows.md)). The column-scale limitation is recorded in [numeric-decimal r18](../adr/0012-divergences/numeric-decimal.md) and [aggregates-windows r24](../adr/0012-divergences/aggregates-windows.md). (#1435, #1436)	| **r24** `CREATE TABLE c AS SELECT id, LAG(b, 1, CAST(NULL AS NUMERIC)) OVER (ORDER BY id) AS v FROM t; INSERT INTO c VALUES (9, 0.75)` (b bigint) | the column is unconstrained numeric and stores 0.75 | the column is DECIMAL(38,0), the scale of the LAG result over a bigint, and stores 1; a column created from a numeric LAG / LEAD result takes the result's one scale where PostgreSQL's column is unconstrained (ADR-0024 §1; the unconstrained NUMERIC column, `CREATE TABLE t (v NUMERIC)`, is the same scale-0 rung, #1541). A default that is an expression over a typed NULL (`CAST(NULL AS NUMERIC) + 0`) is declared double precision, as that expression is everywhere (#1541), so `LAG(b * 1e15 + 1, 1, CAST(NULL AS NUMERIC) + 0)` answers the double 1e+16 where PostgreSQL answers 10000000000000001 (measured 2026-10-04). 8b00b112 refused the CREATE TABLE AS (`cannot store string into INT64 vector`) | — | value divergence | 2026-10-04 · [WD](../0012-amendments.md#2026-10-02-a-lag--lead-default-widens-the-result-arc-wd-1435) | #1436 | `wadjet.TestArcWDTypedNullCreateTableAs` c10 (pin: fails when 0.75 is stored) |
docs/releases/v0.25.4.md	111	numeric-decimal r11	exists	Over `i = INTEGER 3, n = NUMERIC(10,2) 2.25`, `SELECT SUM(n % '2.5'), SUM(i % NULL) FROM t` now answers `2.25, NULL`, where v0.25.3 answered `0, 0`. Over INTEGER `i`, `SELECT i % 3 FROM t` now declares integer (OID 23) instead of bigint (OID 20). `SELECT 2 ^ 3 % 5` still answers 3 in both versions, where PostgreSQL refuses the double operand ([numeric-decimal r11](../adr/0012-divergences/numeric-decimal.md)). (#1527)	| **r11** `SELECT 2 ^ 3 % 5` | ERROR no double precision % integer operator | 3 (`%` is MOD's spelling, 2026-10-04: over a double operand both compute the float remainder, a zero remainder an unsigned 0 — `t.f % 2.5` over -2.5 printed -0 at 8ccfa832, g/proj/f_ln) | PG 42883 | kept superset | 2026-09-18 · [E30](#e30), P086 | #1155 | `coordinator.TestArcMOPercentIsModEveryArm` g/\*/f_\* (kept); `pgwire.TestArcMOPercentIsModOnTheWire` g/proj/f_ln |
docs/releases/v0.25.4.md	115	temporal r25	exists	For a TIMESTAMP row at `1970-01-01 00:00:00`, `SELECT ts FROM t WHERE ts = 'garbage'` now raises `22007`; v0.25.3 returned the row. Comparisons `ts < 'now'` and `ts < 'today'` now raise `22007` over a TIMESTAMP row at `1970-01-01 00:00:00`, where v0.25.3 returned no rows ([temporal r25](../adr/0012-divergences/temporal.md)). Use CURRENT_TIMESTAMP and CURRENT_DATE for the clock words. (#1512)	"| **r25** `SELECT CAST('2024-03-04 12:00:00 UTC' AS TIMESTAMP)` (likewise `… America/New_York`, `… EST`, `…12:00:00Z+05`, `…12:00:00z+05`, `12:00 PM`, `2024-03-04 BC`, `March 4 2024`, `Mar 4, 2024 12:00`, `J2460374`, `20240304T120000`, `2024-03-04 012:00`; as DATE, TIMESTAMP, a TIMESTAMP literal or a timestamp / timestamptz parameter; the special words `now`, `today`, `tomorrow`, `yesterday`; the infinite value beside an era, a meridiem or punctuation, which PostgreSQL's lexer drops — `infinity BC`, `infinity AM`, `infinity,`, `""infinity""` (since 2026-10-04, arc TI; the bare word with its sign is read, r2's mechanism); and, since 2026-10-04, a quoted text compared with a DATE or TIMESTAMP operand in any position, as CAST refuses it — `ts < 'now'`, `d = 'today'`, `d = 'Jan 15 2024'`, `ts = 'J2460325'`, `ts = '2024-01-15 BC'`, `ts = '…Z+05'`, `ORDER BY ts < 'now'`, an UPDATE / DELETE WHERE; write `CURRENT_TIMESTAMP` / `CURRENT_DATE` for `'now'` / `'today'`. `epoch` is not in this list: the grammar reads it as 1970-01-01 00:00:00 everywhere (#1512)) | 2024-03-04 12:00:00 (each read: a zone name or abbreviation — `Z+05` is the POSIX zone five hours WEST of UTC, `TIMESTAMPTZ '2024-03-04 12:00:00Z+05'` is 17:00 UTC, not `Z` and then an offset — a meridiem, the special values `now` / `today` (the transaction's clock), BC, month names, a Julian day, an ISO-basic clock, a three-digit hour) | ERROR 22007 invalid input syntax (measured): outside the one date/time grammar (E41) — refused, never guessed; `DATE '2024-03-04 12:00:00Z+05'` and `…z+05` read 2024-03-04 at 978cd0e5, which discarded what followed the clock | 22007 | refusal | 2026-10-02 · [PW](../0012-amendments.md#2026-10-02-a-bound-parameters-type-arc-pw-1426-1410) | #1426 | `pgwire.TestArcPWRound2MatchesPostgres` (b3/\*), `coordinator.TestArcPWZoneSpellingsEveryArm` (`…Z+05`, `…z+05`, kept), `coordinator.TestArcTCTimestampTextComparisonEveryArm` and `coordinator.TestArcTCBoundParameterEveryDoor` (kept, row temporal r25: sp/\*, pos/\*, spclock/\*), `wadjet.TestArcTCDMLSpecialWordsRefuseAsCastDoes` |"
docs/releases/v0.25.4.md	123	temporal r2	exists	`SELECT CAST('infinity' AS TIMESTAMP)` now prints `infinity`, where v0.25.3 refused the input. `INSERT INTO t VALUES (TIMESTAMP 'infinity', DATE '-infinity')` now stores and reads `infinity, -infinity` in TIMESTAMP and DATE columns, where v0.25.3 refused the insert. For the finite TIMESTAMP `1970-01-01 00:00:00`, `SELECT ts FROM t WHERE ts < 'infinity'` now returns the row; v0.25.3 returned none. `SELECT TIMESTAMP 'infinity' < ALL ('{infinity}')` still raises `22007` in both versions; the quoted-array input limitation is tracked by #1568. The remaining temporal-operation limits are in [temporal r2](../adr/0012-divergences/temporal.md). (#1567)	| **r2** `SELECT ts - TIMESTAMP '2024-01-01 00:00:00' FROM t` over a row holding `infinity` (likewise `TIMESTAMP '2024-01-01 00:00:00' - ts`, `ts - '2024-01-01'`, `ts - ts`; `CAST(ts AS BIGINT)` / `CAST(d AS INTEGER)` / `CAST(ts AS DOUBLE PRECISION)` over an infinite value; this engine's own temporal functions over one — `date_add`, `date_sub`, `date_diff`, `to_date`, `last_day_of_month`, `to_unixtime`, `date_format`, `at_timezone`; `time_bucket` with an infinite origin) | infinity, an interval (an infinite interval, PostgreSQL 17); `infinity - infinity` is ERROR 22008 interval out of range; the CASTs are ERROR 42846 for every value; the functions do not exist (42883); `date_bin` with an infinite origin is ERROR 22008 origin out of range | ERROR 22008 `… is not defined for an infinite timestamp` (measured, five doors): this engine's `timestamp - timestamp` is a millisecond count (r16) and an infinite one has no count; a CAST to a number, its own functions and the origin likewise refuse rather than compute on the carrier's extreme. `date - date` with an infinite side is 22008 as on PostgreSQL (`cannot subtract infinite dates`); `± INTERVAL`, `date ± integer`, a CAST between DATE and TIMESTAMP, EXTRACT / date_part and the field functions EXTRACT is written as (`year(ts)`, …), date_trunc, timezone and time_bucket answer PostgreSQL's value | 22008 | refusal | 2026-09-22 · [E36](#e36), P004; 2026-10-04 (#1512); 2026-10-04 ([TI](../0012-amendments.md#2026-10-04-infinity-and--infinity-are-timestamp-and-date-values-arc-ti)) | #1266, #1512 | `coordinator.TestArcTIInfinityEveryArm` (kept ar/ts\_minus\_lit, ar/lit\_minus\_ts, ar/ts\_to\_bigint, ar/ts\_to\_double, ar/d\_to\_int, ar/eng\_\*), `expr.TestArcTIInfiniteValueOwners` |
docs/releases/v0.25.4.md	127	temporal r27	exists	Over 4,096 rows, `SELECT count(DISTINCT CAST(now() AS TEXT)) FROM t` answered 2 in the v0.25.3 run and now answers 1. `SELECT 1 LIMIT CAST(extract(epoch FROM now()) AS BIGINT) % 7 + 1` still raises `42601` in both versions ([temporal r27](../adr/0012-divergences/temporal.md)). The clock is captured at statement start and carried through expression compilation and constant folding. The remaining transaction-granularity difference is [temporal r26](../adr/0012-divergences/temporal.md). (#1566)	| **r27** `SELECT id FROM t ORDER BY id LIMIT CAST(extract(epoch FROM now()) AS BIGINT) % 7 + 1` (likewise an `OFFSET` expression, and `CREATE TABLE t (id BIGINT, ts TIMESTAMP DEFAULT now())`) | answers: the expression is evaluated once with the statement's clock (a column DEFAULT per inserted row, from the inserting statement's clock) | ERROR 42601 syntax error (measured): `LIMIT` / `OFFSET` take a number literal and `CREATE TABLE` has no column `DEFAULT`, for any expression, a clock function or not | 42601 | refusal | 2026-10-04 · [E60](#e60), [SC](../0012-amendments.md#2026-10-04-a-statement-reads-the-clock-once-arc-sc-1566) | #1566 | `coordinator.TestArcSCAdvancingClockOneReadEveryDoor` (fold/limit, fold/offset, ddl/default, kept) |
docs/releases/v0.25.4.md	127	temporal r26	exists	Over 4,096 rows, `SELECT count(DISTINCT CAST(now() AS TEXT)) FROM t` answered 2 in the v0.25.3 run and now answers 1. `SELECT 1 LIMIT CAST(extract(epoch FROM now()) AS BIGINT) % 7 + 1` still raises `42601` in both versions ([temporal r27](../adr/0012-divergences/temporal.md)). The clock is captured at statement start and carried through expression compilation and constant folding. The remaining transaction-granularity difference is [temporal r26](../adr/0012-divergences/temporal.md). (#1566)	| **r26** `BEGIN; SELECT now(); SELECT now(); COMMIT` (likewise two statements in one simple-query string, `SELECT now(); …; SELECT now()`) | one value: now() is the transaction's start (an explicit transaction, or the implicit one a multi-statement string runs in; `statement_timestamp()` differs inside it) | two values, one per statement (measured): there are no transactions — BEGIN / COMMIT are accepted and ignored and a multi-statement string is a sequence (parameters-pgwire E11) — so the clock is the statement's, read once when it starts and carried to every row and worker | — | value divergence | 2026-10-04 · [E60](#e60), [SC](../0012-amendments.md#2026-10-04-a-statement-reads-the-clock-once-arc-sc-1566) | #1566 | `pgwire.TestArcSCStatementClockIsTheStatements` |
docs/releases/v0.25.4.md	131	text-collation r13	exists	`CREATE TABLE t (b BYTES); INSERT INTO t VALUES ('\x6869'); SELECT encode(b, 'hex') FROM t` now reads `6869`, where v0.25.3 read `5c7836383639`. The previously stored BYTES row keeps its bytes: `SELECT encode(b, 'hex') FROM t` still returns `5c7836383639` after upgrading. Over a BYTES value `hi` and VARCHAR `hi`, `SELECT b || s FROM t` still prints `hihi` in both versions ([text-collation r13](../adr/0012-divergences/text-collation.md)). (#1501)	| **r13** `SELECT b \|\| t FROM bt` | \x6869hi | hihi (measured) | — | value divergence | 2026-09-05 · [E63](#e63) | #583 | `wadjet.TestByteaFunctionsAnswerInBytes` |
docs/releases/v0.25.4.md	135	other r24	exists	On the embedded engine, `WITH s AS (SELECT sum(random()) AS r FROM cm_big) SELECT count(*) FROM cm_p WHERE (SELECT r FROM s) <> (SELECT r FROM s)` over 4,096 source rows and three outer rows now answers 0; v0.25.3 answered 3. On the stage DAG, the issue’s statement still answers 3 because each consumer evaluates the volatile body ([other r24](../adr/0012-divergences/other.md)). A CTE read once from a correlated subquery still runs per outer row: `WITH s AS (SELECT random() r) SELECT count(DISTINCT (SELECT r + t.id*0 FROM s)) FROM t` over 50 rows answers 50 in both versions ([other r27](../adr/0012-divergences/other.md)). The embedded shared result is filled one batch at a time on demand, with spill files when needed. (#1531)	| **r24** `WITH s AS (SELECT id, random() AS r FROM tb_big WHERE id <= 50) SELECT count(*) FROM (SELECT id, r FROM s EXCEPT SELECT id, r FROM s) u` on a cluster (the stage DAG) | 0: the CTE is materialized once and both arms read it (`CTE Scan` per reference) | 50 on the three DAG arms (measured at e8ece057): the stage two consumers share is the body's SCAN and the volatile projection is computed in each consumer; likewise `(SELECT r FROM s) <> (SELECT r FROM s)` over `sum(random())` (3 rows) and an IN / NOT IN set or a CASE-wrapped subquery, which the coordinator executes at plan time apart from the FROM reference (`r NOT IN (SELECT r FROM s)` over `sum(random())`: 1). The embedded engine and the asynchronous door answer 0, and so does a statement the coordinator runs on its local pipeline (ADR-0021 §2d). A TABLESAMPLE body agrees where the sample is drawn in the shared scan stage | — | value divergence | 2026-10-05 · [CM](../0012-amendments.md#2026-10-05-a-volatile-cte-is-evaluated-once-arc-cm-1531) | #1531 | `coordinator.TestArcCMVolatileCTEReadTwiceIsEvaluatedOnce` (pins: ref2\_except\_arms, ref2\_union\_arms, ref2\_aggregate, ref2\_scalar\_where, issue/c1, ref2\_not\_in/aggrnd, join\_on\_two, exists\_two, distinct\_on\_union\_all, spill\_big\_scalar, toplevel\_except) |
docs/releases/v0.25.4.md	135	other r27	exists	On the embedded engine, `WITH s AS (SELECT sum(random()) AS r FROM cm_big) SELECT count(*) FROM cm_p WHERE (SELECT r FROM s) <> (SELECT r FROM s)` over 4,096 source rows and three outer rows now answers 0; v0.25.3 answered 3. On the stage DAG, the issue’s statement still answers 3 because each consumer evaluates the volatile body ([other r24](../adr/0012-divergences/other.md)). A CTE read once from a correlated subquery still runs per outer row: `WITH s AS (SELECT random() r) SELECT count(DISTINCT (SELECT r + t.id*0 FROM s)) FROM t` over 50 rows answers 50 in both versions ([other r27](../adr/0012-divergences/other.md)). The embedded shared result is filled one batch at a time on demand, with spill files when needed. (#1531)	| **r27** `WITH s AS (SELECT random() r) SELECT count(DISTINCT (SELECT r + t.id*0 FROM s)) FROM cm_big t WHERE t.id <= 50` (a CTE read ONCE, from a correlated subquery); and `SELECT count(DISTINCT (WITH s AS (SELECT random() r) SELECT r + t.id*0 FROM s)) FROM cm_big t WHERE t.id <= 50` (a WITH declared inside one) | 1: the CTE is materialized once and its tuplestore is kept across the subquery's rescans | 50 on the embedded arms (measured, and the same at c67ebf5b): a CTE the statement reads once is inlined (ADR-0021 §2d), and the correlated subquery re-runs its body per outer row; a WITH inside the subquery's text is re-parsed per execution | — | value divergence | 2026-10-05 · [CM](../0012-amendments.md#2026-10-05-a-volatile-cte-is-evaluated-once-arc-cm-1531) | — | `wadjet.TestArcCMCorrelatedReaderIsEvaluatedPerOuterRow` (pins R1, R3) |
docs/sql-reference.md	3146	other#r19	exists	other's order with 42601 (catalog: [other#r19](adr/0012-divergences/other.md#catalog)).	| **r19** `SELECT count(*) FROM t s TABLESAMPLE BERNOULLI (100)` (and `… FROM t TABLESAMPLE BERNOULLI (100) s`) | every row; the alias after the clause is ERROR 42601 | ERROR 42601 for the alias before the clause; every row for the alias after it (measured): this parser reads the alias after the TABLESAMPLE clause | 42601 | refusal | 2026-10-03 · [TB](../0012-amendments.md#2026-10-03-the-tablesample-argument-arc-tb-1411) | #1411 | `coordinator.TestArcTBTablesampleArgumentOnEveryArm` alias/\* |
docs/sql-reference.md	3175	other#r21	exists	([other#r21](adr/0012-divergences/other.md#catalog)): a sampled scan beside	| **r21** `SELECT count(*) FROM e JOIN t TABLESAMPLE BERNOULLI (101) ON e.id = t.id` (e empty) and `SELECT count(*) FROM t WHERE id < 0 AND EXISTS (SELECT 1 FROM big TABLESAMPLE BERNOULLI (101))` | the join 0 (its Nested Loop reads e first and never begins the sample; `FROM t TABLESAMPLE BERNOULLI (101) JOIN e …` is 2202H — the answer follows PostgreSQL's join order); the EXISTS 2202H (an InitPlan in a one-time filter) | the join ERROR 2202H in either order on the embedded engine (a coordinator arm raises 2202H or #1190's refusal of the empty relation); the EXISTS 0 on the embedded engine (the conjunction is evaluated per row and no row reaches the subquery), 2202H on a cluster (a conjunct that reads no row is evaluated once at plan time, as PostgreSQL's one-time filter is); the same over an empty table for every conjunct PostgreSQL evaluates that way — `WHERE EXISTS (…)`, `NOT EXISTS`, `NOT (…)`, `CASE WHEN EXISTS (…) THEN …`, `(EXISTS (…)) = true`, `HAVING EXISTS (…)`, `JOIN … ON … AND EXISTS (…)`: 0 on the embedded engine, the subquery's error on a cluster (measured). The semi-join spelling is the same class: `SELECT count(*) FROM e WHERE id IN (SELECT id FROM big TABLESAMPLE BERNOULLI (101))` and its `= ANY` form over the empty `e` answer 0 on PostgreSQL, which builds the set on the first probe, and raise 2202H on the embedded engine, which builds the set before it reads an outer row (measured) | 2202H | value divergence | 2026-10-03 · [TB](../0012-amendments.md#2026-10-03-the-tablesample-argument-arc-tb-1411) | #1411 | `coordinator.TestArcTBTablesampleArgumentOnEveryArm` empty\_join/\*, exists\_coded/id\_negative\_and\_exists; `coordinator.TestArcTBDeferredSubqueryFailureOnEveryArm` (the r21 pins) |
docs/sql-reference.md	3183	other#r22	exists	([other#r22](adr/0012-divergences/other.md#catalog)); and with two failures	| **r22** `SELECT count(*) FROM t WHERE CASE WHEN id > 5 THEN EXISTS (SELECT 1 FROM big TABLESAMPLE BERNOULLI (1e400)) ELSE true END` (t holds ids 1–3) | ERROR 22003: the subquery is planned with the statement and its argument's coercion to real fails there, though no row reaches the arm (under `CASE WHEN false` the arm is folded away before planning and the statement answers 3) | 3 on every arm (measured): a subquery's failure — its planning's as well as its run's — is raised when a row evaluates it, so an arm no row reaches answers; over ids 1–7, where rows reach the arm, 22003 as on PostgreSQL. The same for a SELECT-list `CASE WHEN id > 5 THEN EXISTS (…1e400…) ELSE false END`, and over an empty table for a conjunct that reads a row (`WHERE id = 1 OR EXISTS (…1e400…)`, `WHERE id IN (1, (SELECT … 1e400 …))`: 0 on the embedded engine and the asynchronous door, #1190's refusal on the DAG arms). The same for a subquery PostgreSQL fails while it plans the statement by folding a constant: `WHERE CASE WHEN id > 5 THEN EXISTS (SELECT 1 FROM t WHERE id = CAST('x' AS INT)) ELSE true END` and `WHERE id < 5 OR EXISTS (SELECT 1 FROM t WHERE id = CAST('x' AS INT))` over ids 1–3 are 22P02 on PostgreSQL and answer 3 on every arm (measured). And for a WHERE CASE over a join input: `SELECT count(*) FROM t JOIN t7 ON t.id = t7.id WHERE CASE WHEN t7.id > 5 THEN EXISTS (SELECT 1 FROM big TABLESAMPLE BERNOULLI (101)) ELSE true END` (t7 holds ids 1–7) is 2202H on PostgreSQL, which pushes the condition to t7's scan where ids 6 and 7 reach the arm, and answers 3 on every arm here, where a condition holding a subquery is evaluated over the joined rows (measured); the unsampled `EXISTS (SELECT 1 FROM t WHERE 1/(id-id) > 0)` likewise (PostgreSQL 22012). Each answer is the value PostgreSQL's statement has without the raise | PG 22003 / 22P02 / 2202H / 22012 | kept superset | 2026-10-03 · [TB](../0012-amendments.md#2026-10-03-the-tablesample-argument-arc-tb-1411) | #1411 | `coordinator.TestArcTBDeferredSubqueryFailureOnEveryArm` case\_col/E/22003/\*, select\_case\_col/E/22003/\* |
docs/sql-reference.md	3186	other#r23	exists	([other#r23](adr/0012-divergences/other.md#catalog)).	| **r23** `SELECT count(*) FROM t WHERE EXISTS (SELECT 1 FROM big TABLESAMPLE BERNOULLI (101)) AND 1/0 = 1` | ERROR 22012: the constant `1/0` is folded, and raises, when the statement is planned, before any subquery runs | ERROR 2202H on every arm (measured): `1/0 = 1` is evaluated as a conjunct, after the sample's range check; both statements are refused, with a different SQLSTATE | 2202H | refusal | 2026-10-03 · [TB](../0012-amendments.md#2026-10-03-the-tablesample-argument-arc-tb-1411) | #1411 | `coordinator.TestArcTBTablesampleArgumentOnEveryArm` exists\_coded/exists\_and\_division\_by\_zero |
docs/sql-reference.md	3189	other#r17	exists	[other#r17–r23](adr/0012-divergences/other.md#catalog))	| **r17** `SELECT count(*) FROM t TABLESAMPLE BERNOULLI (100) REPEATABLE (1)` | every row; the seed is any float8 (`REPEATABLE (NULL)` 2202G, `(1e400)` 22003) | ERROR 42601 syntax error: REPEATABLE is not parsed (measured) | 42601 | refusal | 2026-10-03 · [TB](../0012-amendments.md#2026-10-03-the-tablesample-argument-arc-tb-1411) | #1411 | `coordinator.TestArcTBTablesampleArgumentOnEveryArm` |
docs/sql-reference.md	3395	numeric-decimal#r19	exists	column ([numeric-decimal#r19](adr/0012-divergences/numeric-decimal.md#catalog)).	| **r19** `SELECT m / i FROM t -- m numeric(10,2) = 1.25, i integer = 3` | 0.41666666666666666667 | 0.4166666666667 (measured, the same at v0.25.3): a DECIMAL quotient keeps max(6, s1 + p2 + 1) fraction digits, the divisor's precision its column type's (an integer column DECIMAL(10,0), a bigint DECIMAL(19,0), a numeric(10,2) its 10); an integer LITERAL divisor is its digit count, so `m / 3` keeps 6 (0.416667). A correlated subquery's outer value is typed as its column, so `(SELECT x.m / o.i …)` and `(SELECT x.v / o.n …)` answer the column forms' digits exactly; inside a scalar subquery an integral EXTRACT divisor takes the int64 range at scale 0, so `(SELECT x.m / extract(year FROM o.d) …)` keeps 22 fraction digits, the value correctly rounded (0.0006175889328063241107; PostgreSQL 0.00061758893280632411; v0.25.3 double precision 0.0006175889328063241 — coordinator r9/a_mDivYear). A quotient over an operand a cast made exact keeps the float8 rung, OID 701 — an integer CAST the query wrote, bare or under NULLIF, COALESCE, CASE, GREATEST, LEAST, abs, unary minus, integer arithmetic or numeric arithmetic (`(CAST(t.i AS INTEGER) * 1.0) / t.n`); a bare `CAST(… AS NUMERIC)` (`CAST(t.i AS NUMERIC) / t.n`, `t.n / CAST(t.b AS NUMERIC)`, `CAST(t.n AS NUMERIC) / 3`); either of those under a function whose result is its argument's exact type — abs, mod, round, ceil, ceiling, floor, trunc, sign, one list the plan and the kernel read (`ceil(CAST(t.i AS NUMERIC)) / t.n`, `round(CAST(t.i AS INTEGER) * 1.0) / t.n`; qf/*): `CAST(t.i AS INTEGER) / t.n` is the double 1.3333333333333333, 2, 0.5, 100 where PostgreSQL answers numeric 1.3333333333333333, 2.0000000000000000, 0.50000000000000000000, 100.0000000000000000 (measured 2026-10-02, issue/1450/div; the same at c39858f3), because this rule's 11 fraction digits would drop the double's 16 significant digits, and `CAST(t.n AS NUMERIC) / 3` is 0.75, 0.0033333333333333335 (the double, as at c39858f3; this rule's 6 digits would print 0.003333, bareCast/numOperand). Every other operator over such an operand is exact (#1450), so `t.n / NULLIF(CAST(t.b AS BIGINT), 0)` = 0.0000000011111111111111111111 selects PostgreSQL's row 3 and a `PARTITION BY` over it partitions as PostgreSQL's (nx/icBigDiv/cmp, nx/icBigDiv/winKey, nx/wq*/cmp, nx/wn*/cmp, nx/wq*/winKey, nx/wn*/winKey, qn/*/cmp: the same at c39858f3), and the projection of the wrapped cast is the double 0.075 … 1.111111111111111e-09 where c39858f3 raised 22003 numeric field overflow (declared at this rule, computed as the double; nx/icBigDiv/proj), and `ceil(CAST(t.i AS NUMERIC)) / t.n = 1.3333333333333333` selects PostgreSQL's row 1 as at c39858f3 (qf/ceil/bareNum/cmp and the other qf/*/cmp, qf/*/win, qf/*/group, qf/*/inList). A quotient of two constants keeps the double too — an integer literal past int64 among them, `9223372036854775808 / 2` 4.611686018427388e+18 where PostgreSQL answers numeric 4611686018427387904 (negLit/pastInt64Quot, as at c39858f3) — while the same literal over a column is this rule's one-scale numeric: `t.n / 9223372036854775808` 0.0000000000000000002439 where PostgreSQL answers 0.000000000000000000243945488809238498 (negLit/colOverPastInt64, as at c39858f3), and `9223372036854775808 / t.n` 4099276460824344803.55555555556 where PostgreSQL answers 4099276460824344803.56 (alias/pastInt64QuotNoAlias). An aliased item is the same quotient: `7 / t.n AS x` prints 3.11111111111 and `9223372036854775808 / t.n AS x` 4099276460824344803.55555555556 on every arm (alias/smallQuot, alias/pastInt64Quot); c39858f3's single-process arms typed such an item by the column its text named after the first dot and printed 3.11 and 4099276460824344803.56 | — | value divergence | 2026-09-30 · ADR-0024 §3 | #1422, #1450 | `coordinator.TestArcSSOperandClassAndWidthEveryArm`, `coordinator.TestArcNXNumericCarrierEveryArm` |
docs/sql-reference.md	3405	numeric-decimal#r21	exists	([numeric-decimal#r21](adr/0012-divergences/numeric-decimal.md#catalog)). A bare `CAST(… AS NUMERIC)` is compared and chosen as the number	"| **r21** `SELECT MOD(8, '2.5')` | ERROR 22P02 invalid input syntax for type integer: ""2.5"" (the unknown literal resolves to the integer argument's type) | 0.5, double precision (OID 701) (measured): beside an integer, a quoted literal whose text is not an integer is read as the number it spells, as `8 + '2.5'` is 10.5 and `MOD(t.b, '2.5')` over -70 is 0; a quoted integer keeps the integer type, `MOD(t.i, '3')` is integer (OID 23) as on PostgreSQL. The `%` operator is the `MOD` function, so the two spellings match each other where an expression must match a grouping key: `SELECT t.i % 2, count(*) FROM t GROUP BY mod(t.i, 2)` answers the groups here (measured 2026-10-04) where PostgreSQL raises 42803. 9420d256 answered `MOD(8, '2.5')` 0.5 and `8 + '2.5'` 10.5 the same, and `MOD(t.i, '2.5')` over 3 the integer 0; the `%` spelling is MOD (2026-10-04, #1527): `8 % '2.5'` is the same double 0.5 and `t.i % '2.5'` over 3, -7, 5 is 0.5, -2, 0 as `MOD(t.i, '2.5')` is (8ccfa832: `8 % '2.5'` 0 on the single-process arms and 0.5 on the DAG arms, `t.i % '2.5'` 1, -1, 1 single-process and 0.5, -2, 0 on the DAG, g/proj/l8_q25, g/proj/i_q25) | PG 22P02 | kept superset | 2026-10-03 · ADR-0024 §3 | — | `coordinator.TestArcNXNumericCarrierEveryArm` m/modLitQuoted\*, m/modColQuoted\*; `pgwire.TestArcNXNumericCarrierOnTheWire` w/modLitQuotedFracTbl, w/modColQuotedFracB; `coordinator.TestArcMOPercentIsModEveryArm` g/\*/i_q25, g/\*/l8_q25 (kept, both spellings) |"
docs/sql-reference.md	3427	numeric-decimal#r18	exists	scale for the column ([numeric-decimal#r18](adr/0012-divergences/numeric-decimal.md#catalog)).	| **r18** `SELECT COALESCE(d152, 12.3456789012345) FROM t -- d152 numeric(15,2)` | 12.75 | 12.7500000000000 (one scale per column; wire typmod -1); the elements of a numeric[] array share one scale too: `ARRAY[n, 1]` over a numeric(10,2) is {2.25,1.00} where PostgreSQL prints {2.25,1} (measured, r12/b2/arrN1); a numeric constant a double cannot carry is its own DECIMAL in a fold, so `COALESCE(t.b, 14.0000000000000000001)` over a bigint prints 30.0000000000000000000 for PostgreSQL's 30 and 14.0000000000000000001 on the NULL row, and `CASE WHEN 14.0000000000000000001 > 14 THEN 14 ELSE 13.25 END` prints 14.00 for 14 (measured 2026-10-02, nx/ncCoalesceCol/*, nx/ncCaseChoice/*; at c39858f3 the first was the double 14 on the NULL row and the second 13.25, the wrong arm) | — | value divergence | 2026-09-05 · [E64](#e64), [A13](../0012-amendments.md#a13), P007 | #764, #1386 | `coordinator.TestLiteralScaleInADecimalFold`, `coordinator.TestArcNXNumericCarrierEveryArm` |
docs/sql-reference.md	3444	dml-assignment#r2	exists	[dml-assignment#r2](adr/0012-divergences/dml-assignment.md#catalog)), while an	| **r2** `SELECT CAST(s.x AS INTEGER) FROM (SELECT DISTINCT 5 / 2.0 + t.id * 0 AS x FROM ss_t t) s` | 3 | 2 (measured 2026-10-02 on every arm, roundOrigin/distinct; the same at c39858f3): a column a previous operator materialized is a float64 with no PostgreSQL category in the batch, so the cast rounds it half to even; the integer ASSIGNMENT of the same column rounds 3 (roundOrigin/insertDistinct). NARROWED 2026-10-02 (#1392): a cast whose operand computes the float-carried numeric itself rounds half away — `CAST(5 / 2.0 AS INTEGER)`, `CAST(SQRT(6.25) AS INTEGER)`, `CAST(POWER(2.5, 1) AS INTEGER)` are 3, negated -3, SMALLINT and BIGINT alike (2 and -2 at v0.25.3, issue/1392/*) | — | value divergence | 2026-09-28 · [E93](#e93), P015 | #1353, #1392 | `coordinator.TestArcNXNumericCarrierEveryArm` (kept roundOrigin/*) |
docs/sql-reference.md	3763	aggregates-windows r18	exists	polymorphic type` (ADR-0012 catalog, aggregates-windows r18).	| **r18** `SELECT FIRST_VALUE('b') OVER (ORDER BY id), LAG(NULL) OVER (ORDER BY id) FROM t` | ERROR 42804 could not determine polymorphic type because input has type unknown (likewise LAST_VALUE, NTH_VALUE, LEAD) | 'b' as text on every row; NULL on every row | — | kept superset | 2026-09-29 · [WA](../0012-amendments.md#2026-09-29-a-window-functions-argument-list-arc-wa-1394-1399) | #1394 | `coordinator.TestArcWAWindowArgumentsEveryArm` (arg/{first,last,nth}_value, lag, lead × text, null) |
docs/sql-reference.md	3796	aggregates-windows r19	exists	(ADR-0012 catalog, aggregates-windows r19; #1440); write a constant.	| **r19** `SELECT LAG(x, o) OVER (ORDER BY id), LAG(x, o + 1) OVER (ORDER BY id), NTILE(o) OVER (ORDER BY id), LAG(x, (SELECT 1)) OVER (ORDER BY id) FROM t` | evaluates the argument: LAG / LEAD read a per-row offset per row, NTILE / NTH_VALUE read it once per partition | ERROR 0A000 the integer argument of lag must be a constant here; a constant expression is folded and answers (`LAG(x, 2 - 1)`), except `LAG(x, '1' + 1)`, typed numeric by the fold: 42883 where PostgreSQL reads 2 | 0A000 | refusal | 2026-09-29 · [WA](../0012-amendments.md#2026-09-29-a-window-functions-argument-list-arc-wa-1394-1399) | #1399, #1440 | `coordinator.TestArcWAWindowArgumentsEveryArm` (off/*/{col,colexpr,subq,q_plus}, n/*/{col,colexpr}) |
docs/sql-reference.md	3806	aggregates-windows r23	exists	(ADR-0012 catalog, aggregates-windows r23).	"| **r23** `SELECT LAG(b, 1, (SELECT max(d) FROM t)) OVER (ORDER BY id) FROM t` (b bigint, d double precision) | evaluates the subquery once: double precision, the maximum on the row the default fills (6.5, 10, 20, NULL, 40, 50 over the gate's fixture) | ERROR: `cannot store string into INT64 vector` on the single-process arms (no engine SQLSTATE; pgwire sends 42000, measured 2026-10-05), `window key project: compile window key ""((SELECT max(d) FROM t))""` on the DAG arms; a constant subquery (`(SELECT 9)`) answers | — | refusal | 2026-10-03 · [WD](../0012-amendments.md#2026-10-02-a-lag--lead-default-widens-the-result-arc-wd-1435) | #1435 | `wadjet.TestArcWDWindowDefaultOnTheEmbeddedEngine` (pin: fails when the statement answers) |"
docs/sql-reference.md	3819	numeric-decimal r18	exists	where PostgreSQL prints `10` (ADR-0012 catalog, numeric-decimal r18). The	| **r18** `SELECT COALESCE(d152, 12.3456789012345) FROM t -- d152 numeric(15,2)` | 12.75 | 12.7500000000000 (one scale per column; wire typmod -1); the elements of a numeric[] array share one scale too: `ARRAY[n, 1]` over a numeric(10,2) is {2.25,1.00} where PostgreSQL prints {2.25,1} (measured, r12/b2/arrN1); a numeric constant a double cannot carry is its own DECIMAL in a fold, so `COALESCE(t.b, 14.0000000000000000001)` over a bigint prints 30.0000000000000000000 for PostgreSQL's 30 and 14.0000000000000000001 on the NULL row, and `CASE WHEN 14.0000000000000000001 > 14 THEN 14 ELSE 13.25 END` prints 14.00 for 14 (measured 2026-10-02, nx/ncCoalesceCol/*, nx/ncCaseChoice/*; at c39858f3 the first was the double 14 on the NULL row and the second 13.25, the wrong arm) | — | value divergence | 2026-09-05 · [E64](#e64), [A13](../0012-amendments.md#a13), P007 | #764, #1386 | `coordinator.TestLiteralScaleInADecimalFold`, `coordinator.TestArcNXNumericCarrierEveryArm` |
docs/sql-reference.md	3823	aggregates-windows r21	exists	only when a row is read (aggregates-windows r21, r22). A NULL default under	| **r21** `SELECT LAG(b, 1, 10 / (id - 2)) OVER (ORDER BY id) FROM t` | evaluates the default only on the rows it fills: -10, 10, 20, NULL, 40, 50 | ERROR 22012 division by zero: the default is materialized as a column and evaluated on every row, so a default that raises on a row it does not fill raises the query | 22012 | documented gap | 2026-10-02 · [WD](../0012-amendments.md#2026-10-02-a-lag--lead-default-widens-the-result-arc-wd-1435) | #1435 | `coordinator.TestArcWDWindowDefaultEveryArm` (gap/default_every_row) |
docs/sql-reference.md	3826	aggregates-windows r24	exists	created from such a result takes its one scale (aggregates-windows r24). A	| **r24** `CREATE TABLE c AS SELECT id, LAG(b, 1, CAST(NULL AS NUMERIC)) OVER (ORDER BY id) AS v FROM t; INSERT INTO c VALUES (9, 0.75)` (b bigint) | the column is unconstrained numeric and stores 0.75 | the column is DECIMAL(38,0), the scale of the LAG result over a bigint, and stores 1; a column created from a numeric LAG / LEAD result takes the result's one scale where PostgreSQL's column is unconstrained (ADR-0024 §1; the unconstrained NUMERIC column, `CREATE TABLE t (v NUMERIC)`, is the same scale-0 rung, #1541). A default that is an expression over a typed NULL (`CAST(NULL AS NUMERIC) + 0`) is declared double precision, as that expression is everywhere (#1541), so `LAG(b * 1e15 + 1, 1, CAST(NULL AS NUMERIC) + 0)` answers the double 1e+16 where PostgreSQL answers 10000000000000001 (measured 2026-10-04). 8b00b112 refused the CREATE TABLE AS (`cannot store string into INT64 vector`) | — | value divergence | 2026-10-04 · [WD](../0012-amendments.md#2026-10-02-a-lag--lead-default-widens-the-result-arc-wd-1435) | #1436 | `wadjet.TestArcWDTypedNullCreateTableAs` c10 (pin: fails when 0.75 is stored) |
docs/sql-reference.md	4885	temporal r27	exists	clock (catalog: temporal r27).	| **r27** `SELECT id FROM t ORDER BY id LIMIT CAST(extract(epoch FROM now()) AS BIGINT) % 7 + 1` (likewise an `OFFSET` expression, and `CREATE TABLE t (id BIGINT, ts TIMESTAMP DEFAULT now())`) | answers: the expression is evaluated once with the statement's clock (a column DEFAULT per inserted row, from the inserting statement's clock) | ERROR 42601 syntax error (measured): `LIMIT` / `OFFSET` take a number literal and `CREATE TABLE` has no column `DEFAULT`, for any expression, a clock function or not | 42601 | refusal | 2026-10-04 · [E60](#e60), [SC](../0012-amendments.md#2026-10-04-a-statement-reads-the-clock-once-arc-sc-1566) | #1566 | `coordinator.TestArcSCAdvancingClockOneReadEveryDoor` (fold/limit, fold/offset, ddl/default, kept) |
docs/sql-reference.md	4893	temporal r26	exists	PostgreSQL reads its transaction's one (catalog: temporal r26).	| **r26** `BEGIN; SELECT now(); SELECT now(); COMMIT` (likewise two statements in one simple-query string, `SELECT now(); …; SELECT now()`) | one value: now() is the transaction's start (an explicit transaction, or the implicit one a multi-statement string runs in; `statement_timestamp()` differs inside it) | two values, one per statement (measured): there are no transactions — BEGIN / COMMIT are accepted and ignored and a multi-statement string is a sequence (parameters-pgwire E11) — so the clock is the statement's, read once when it starts and carried to every row and worker | — | value divergence | 2026-10-04 · [E60](#e60), [SC](../0012-amendments.md#2026-10-04-a-statement-reads-the-clock-once-arc-sc-1566) | #1566 | `pgwire.TestArcSCStatementClockIsTheStatements` |
docs/sql-reference.md	5605	parameters-pgwire r12	exists	parameters-pgwire r12). A position this engine cannot type	| **r12** `SELECT $1 + 1` — `$1` undeclared, bound `'2'` | parameter integer, result integer | parameter integer, result bigint: the parameter takes PostgreSQL's type — beside arithmetic its operator result type, so `$1 = n * 2` is integer as on PostgreSQL — and the expression around it this engine's declaration: integer arithmetic ([numeric-decimal#r1](numeric-decimal.md#catalog)), an integer CAST (`SELECT CAST($1 AS INTEGER)`) and NTILE declare bigint, and `WHERE m = $1` over a derived `n * 2 AS m` types the parameter bigint where PostgreSQL types it integer (the derived column is this engine's declaration). `SELECT $1` (or `COALESCE($1, 0)`) declared integer and bound `-7`, text or binary, executes as bigint (a negative integer literal declares bigint here, and so does `CAST(-7 AS INTEGER)`) while the statement Describe declared integer: eight bytes in a binary row where PostgreSQL sends four, so a client that decodes binary rows by that Describe refuses the value; declared smallint it is r8's integer Describe with the same eight bytes (PostgreSQL: smallint, two). An integer or smallint parameter past its width raises 22003 as on PostgreSQL (measured) | — | documented gap | 2026-10-02 · [PW](../0012-amendments.md#2026-10-02-a-bound-parameters-type-arc-pw-1426-1410) | #1410 | `pgwire.TestArcPWParameterTypesMatchPostgres` (infer/SELECT $1+1, infer/CAST int, infer/NTILE, infer/derived), `pgwire.TestArcPWNegativeIntegerOutputResidual`, `pgwire.TestArcPWRound2MatchesPostgres` (b2/\*, b4/\*) |
internal/coordinator/arc_cm_volatile_cte_arms_test.go	31	other.md r25	exists	// (other.md r25, r26).	| **r25** `WITH s AS MATERIALIZED (SELECT id, random() AS r FROM tb_big WHERE id <= 50) SELECT count(*) > 0 FROM s` (and `AS NOT MATERIALIZED`) | true; MATERIALIZED forces a `CTE Scan`, NOT MATERIALIZED inlines a non-volatile body — so `NOT MATERIALIZED` over a TABLESAMPLE body read twice makes PostgreSQL's own two references disagree (`(SELECT count(*) FROM s) - (SELECT count(*) FROM s)`: -166, 61, -177 in three runs; ADR-0013's legal nondeterminism) | ERROR 42601 on every arm (measured): the keywords are not parsed; a volatile body read more than once is evaluated once without them (ADR-0021 §2d) | 42601 | documented gap | 2026-10-05 · [CM](../0012-amendments.md#2026-10-05-a-volatile-cte-is-evaluated-once-arc-cm-1531) | — | `coordinator.TestArcCMVolatileCTEReadTwiceIsEvaluatedOnce` ref1\_from/matrnd, ref1\_from/nmatrnd |
internal/coordinator/arc_dt_r2_scalar_fold_arms_test.go	437	names-scopes#r16	exists	// or window key (names-scopes#r16, #655), and inside an ORDER BY	| **r16** `SELECT id FROM a JOIN b USING (id)` | the merged id | ERROR 42702; a.id answers; in ORDER BY or a window key the bare name binds the merge | 42702 | refusal | 2026-09-18 · [E25](#e25), P118 | #655 | — |
internal/coordinator/arc_pw_zone_spellings_arms_test.go	27	temporal r25	exists	// `Z+05` / `z+05` (PostgreSQL: five hours WEST; refused here, temporal r25),	"| **r25** `SELECT CAST('2024-03-04 12:00:00 UTC' AS TIMESTAMP)` (likewise `… America/New_York`, `… EST`, `…12:00:00Z+05`, `…12:00:00z+05`, `12:00 PM`, `2024-03-04 BC`, `March 4 2024`, `Mar 4, 2024 12:00`, `J2460374`, `20240304T120000`, `2024-03-04 012:00`; as DATE, TIMESTAMP, a TIMESTAMP literal or a timestamp / timestamptz parameter; the special words `now`, `today`, `tomorrow`, `yesterday`; the infinite value beside an era, a meridiem or punctuation, which PostgreSQL's lexer drops — `infinity BC`, `infinity AM`, `infinity,`, `""infinity""` (since 2026-10-04, arc TI; the bare word with its sign is read, r2's mechanism); and, since 2026-10-04, a quoted text compared with a DATE or TIMESTAMP operand in any position, as CAST refuses it — `ts < 'now'`, `d = 'today'`, `d = 'Jan 15 2024'`, `ts = 'J2460325'`, `ts = '2024-01-15 BC'`, `ts = '…Z+05'`, `ORDER BY ts < 'now'`, an UPDATE / DELETE WHERE; write `CURRENT_TIMESTAMP` / `CURRENT_DATE` for `'now'` / `'today'`. `epoch` is not in this list: the grammar reads it as 1970-01-01 00:00:00 everywhere (#1512)) | 2024-03-04 12:00:00 (each read: a zone name or abbreviation — `Z+05` is the POSIX zone five hours WEST of UTC, `TIMESTAMPTZ '2024-03-04 12:00:00Z+05'` is 17:00 UTC, not `Z` and then an offset — a meridiem, the special values `now` / `today` (the transaction's clock), BC, month names, a Julian day, an ISO-basic clock, a three-digit hour) | ERROR 22007 invalid input syntax (measured): outside the one date/time grammar (E41) — refused, never guessed; `DATE '2024-03-04 12:00:00Z+05'` and `…z+05` read 2024-03-04 at 978cd0e5, which discarded what followed the clock | 22007 | refusal | 2026-10-02 · [PW](../0012-amendments.md#2026-10-02-a-bound-parameters-type-arc-pw-1426-1410) | #1426 | `pgwire.TestArcPWRound2MatchesPostgres` (b3/\*), `coordinator.TestArcPWZoneSpellingsEveryArm` (`…Z+05`, `…z+05`, kept), `coordinator.TestArcTCTimestampTextComparisonEveryArm` and `coordinator.TestArcTCBoundParameterEveryDoor` (kept, row temporal r25: sp/\*, pos/\*, spclock/\*), `wadjet.TestArcTCDMLSpecialWordsRefuseAsCastDoes` |"
internal/coordinator/arc_sc_advancing_clock_test.go	110	temporal r27	exists	// temporal r27.	| **r27** `SELECT id FROM t ORDER BY id LIMIT CAST(extract(epoch FROM now()) AS BIGINT) % 7 + 1` (likewise an `OFFSET` expression, and `CREATE TABLE t (id BIGINT, ts TIMESTAMP DEFAULT now())`) | answers: the expression is evaluated once with the statement's clock (a column DEFAULT per inserted row, from the inserting statement's clock) | ERROR 42601 syntax error (measured): `LIMIT` / `OFFSET` take a number literal and `CREATE TABLE` has no column `DEFAULT`, for any expression, a clock function or not | 42601 | refusal | 2026-10-04 · [E60](#e60), [SC](../0012-amendments.md#2026-10-04-a-statement-reads-the-clock-once-arc-sc-1566) | #1566 | `coordinator.TestArcSCAdvancingClockOneReadEveryDoor` (fold/limit, fold/offset, ddl/default, kept) |
internal/coordinator/arc_sc_advancing_clock_test.go	114	temporal r27	exists	// whatever the default — ADR-0012 temporal r27.	| **r27** `SELECT id FROM t ORDER BY id LIMIT CAST(extract(epoch FROM now()) AS BIGINT) % 7 + 1` (likewise an `OFFSET` expression, and `CREATE TABLE t (id BIGINT, ts TIMESTAMP DEFAULT now())`) | answers: the expression is evaluated once with the statement's clock (a column DEFAULT per inserted row, from the inserting statement's clock) | ERROR 42601 syntax error (measured): `LIMIT` / `OFFSET` take a number literal and `CREATE TABLE` has no column `DEFAULT`, for any expression, a clock function or not | 42601 | refusal | 2026-10-04 · [E60](#e60), [SC](../0012-amendments.md#2026-10-04-a-statement-reads-the-clock-once-arc-sc-1566) | #1566 | `coordinator.TestArcSCAdvancingClockOneReadEveryDoor` (fold/limit, fold/offset, ddl/default, kept) |
internal/coordinator/arc_sc_statement_clock_arms_test.go	203	temporal r23	exists	// temporal r23; the rest are not catalogued — a new function is outside	| **r23** `SELECT CURRENT_TIME` | the current time, time with time zone | ERROR 42883 unknown function: current_time (measured); there is no TIME type | 42883 | documented gap | — · P109 | #1254 | — |
internal/coordinator/arc_tb_deferred_subquery_failure_test.go	54	other r21	exists	//   - ADR-0012 other r21 — over an empty input the embedded engine (and the	| **r21** `SELECT count(*) FROM e JOIN t TABLESAMPLE BERNOULLI (101) ON e.id = t.id` (e empty) and `SELECT count(*) FROM t WHERE id < 0 AND EXISTS (SELECT 1 FROM big TABLESAMPLE BERNOULLI (101))` | the join 0 (its Nested Loop reads e first and never begins the sample; `FROM t TABLESAMPLE BERNOULLI (101) JOIN e …` is 2202H — the answer follows PostgreSQL's join order); the EXISTS 2202H (an InitPlan in a one-time filter) | the join ERROR 2202H in either order on the embedded engine (a coordinator arm raises 2202H or #1190's refusal of the empty relation); the EXISTS 0 on the embedded engine (the conjunction is evaluated per row and no row reaches the subquery), 2202H on a cluster (a conjunct that reads no row is evaluated once at plan time, as PostgreSQL's one-time filter is); the same over an empty table for every conjunct PostgreSQL evaluates that way — `WHERE EXISTS (…)`, `NOT EXISTS`, `NOT (…)`, `CASE WHEN EXISTS (…) THEN …`, `(EXISTS (…)) = true`, `HAVING EXISTS (…)`, `JOIN … ON … AND EXISTS (…)`: 0 on the embedded engine, the subquery's error on a cluster (measured). The semi-join spelling is the same class: `SELECT count(*) FROM e WHERE id IN (SELECT id FROM big TABLESAMPLE BERNOULLI (101))` and its `= ANY` form over the empty `e` answer 0 on PostgreSQL, which builds the set on the first probe, and raise 2202H on the embedded engine, which builds the set before it reads an outer row (measured) | 2202H | value divergence | 2026-10-03 · [TB](../0012-amendments.md#2026-10-03-the-tablesample-argument-arc-tb-1411) | #1411 | `coordinator.TestArcTBTablesampleArgumentOnEveryArm` empty\_join/\*, exists\_coded/id\_negative\_and\_exists; `coordinator.TestArcTBDeferredSubqueryFailureOnEveryArm` (the r21 pins) |
internal/coordinator/arc_tb_deferred_subquery_failure_test.go	58	other r22	exists	//   - ADR-0012 other r22 — a subquery whose PLANNING fails (an argument real	| **r22** `SELECT count(*) FROM t WHERE CASE WHEN id > 5 THEN EXISTS (SELECT 1 FROM big TABLESAMPLE BERNOULLI (1e400)) ELSE true END` (t holds ids 1–3) | ERROR 22003: the subquery is planned with the statement and its argument's coercion to real fails there, though no row reaches the arm (under `CASE WHEN false` the arm is folded away before planning and the statement answers 3) | 3 on every arm (measured): a subquery's failure — its planning's as well as its run's — is raised when a row evaluates it, so an arm no row reaches answers; over ids 1–7, where rows reach the arm, 22003 as on PostgreSQL. The same for a SELECT-list `CASE WHEN id > 5 THEN EXISTS (…1e400…) ELSE false END`, and over an empty table for a conjunct that reads a row (`WHERE id = 1 OR EXISTS (…1e400…)`, `WHERE id IN (1, (SELECT … 1e400 …))`: 0 on the embedded engine and the asynchronous door, #1190's refusal on the DAG arms). The same for a subquery PostgreSQL fails while it plans the statement by folding a constant: `WHERE CASE WHEN id > 5 THEN EXISTS (SELECT 1 FROM t WHERE id = CAST('x' AS INT)) ELSE true END` and `WHERE id < 5 OR EXISTS (SELECT 1 FROM t WHERE id = CAST('x' AS INT))` over ids 1–3 are 22P02 on PostgreSQL and answer 3 on every arm (measured). And for a WHERE CASE over a join input: `SELECT count(*) FROM t JOIN t7 ON t.id = t7.id WHERE CASE WHEN t7.id > 5 THEN EXISTS (SELECT 1 FROM big TABLESAMPLE BERNOULLI (101)) ELSE true END` (t7 holds ids 1–7) is 2202H on PostgreSQL, which pushes the condition to t7's scan where ids 6 and 7 reach the arm, and answers 3 on every arm here, where a condition holding a subquery is evaluated over the joined rows (measured); the unsampled `EXISTS (SELECT 1 FROM t WHERE 1/(id-id) > 0)` likewise (PostgreSQL 22012). Each answer is the value PostgreSQL's statement has without the raise | PG 22003 / 22P02 / 2202H / 22012 | kept superset | 2026-10-03 · [TB](../0012-amendments.md#2026-10-03-the-tablesample-argument-arc-tb-1411) | #1411 | `coordinator.TestArcTBDeferredSubqueryFailureOnEveryArm` case\_col/E/22003/\*, select\_case\_col/E/22003/\* |
internal/coordinator/arc_tb_deferred_subquery_failure_test.go	170	other r22	exists	// tbdR22 is ADR-0012 other r22: the engine's answer for a subquery whose	| **r22** `SELECT count(*) FROM t WHERE CASE WHEN id > 5 THEN EXISTS (SELECT 1 FROM big TABLESAMPLE BERNOULLI (1e400)) ELSE true END` (t holds ids 1–3) | ERROR 22003: the subquery is planned with the statement and its argument's coercion to real fails there, though no row reaches the arm (under `CASE WHEN false` the arm is folded away before planning and the statement answers 3) | 3 on every arm (measured): a subquery's failure — its planning's as well as its run's — is raised when a row evaluates it, so an arm no row reaches answers; over ids 1–7, where rows reach the arm, 22003 as on PostgreSQL. The same for a SELECT-list `CASE WHEN id > 5 THEN EXISTS (…1e400…) ELSE false END`, and over an empty table for a conjunct that reads a row (`WHERE id = 1 OR EXISTS (…1e400…)`, `WHERE id IN (1, (SELECT … 1e400 …))`: 0 on the embedded engine and the asynchronous door, #1190's refusal on the DAG arms). The same for a subquery PostgreSQL fails while it plans the statement by folding a constant: `WHERE CASE WHEN id > 5 THEN EXISTS (SELECT 1 FROM t WHERE id = CAST('x' AS INT)) ELSE true END` and `WHERE id < 5 OR EXISTS (SELECT 1 FROM t WHERE id = CAST('x' AS INT))` over ids 1–3 are 22P02 on PostgreSQL and answer 3 on every arm (measured). And for a WHERE CASE over a join input: `SELECT count(*) FROM t JOIN t7 ON t.id = t7.id WHERE CASE WHEN t7.id > 5 THEN EXISTS (SELECT 1 FROM big TABLESAMPLE BERNOULLI (101)) ELSE true END` (t7 holds ids 1–7) is 2202H on PostgreSQL, which pushes the condition to t7's scan where ids 6 and 7 reach the arm, and answers 3 on every arm here, where a condition holding a subquery is evaluated over the joined rows (measured); the unsampled `EXISTS (SELECT 1 FROM t WHERE 1/(id-id) > 0)` likewise (PostgreSQL 22012). Each answer is the value PostgreSQL's statement has without the raise | PG 22003 / 22P02 / 2202H / 22012 | kept superset | 2026-10-03 · [TB](../0012-amendments.md#2026-10-03-the-tablesample-argument-arc-tb-1411) | #1411 | `coordinator.TestArcTBDeferredSubqueryFailureOnEveryArm` case\_col/E/22003/\*, select\_case\_col/E/22003/\* |
internal/coordinator/arc_tb_tablesample_arms_test.go	111	other r21	exists	// divergence (other r21), and want is PostgreSQL's everywhere else.	| **r21** `SELECT count(*) FROM e JOIN t TABLESAMPLE BERNOULLI (101) ON e.id = t.id` (e empty) and `SELECT count(*) FROM t WHERE id < 0 AND EXISTS (SELECT 1 FROM big TABLESAMPLE BERNOULLI (101))` | the join 0 (its Nested Loop reads e first and never begins the sample; `FROM t TABLESAMPLE BERNOULLI (101) JOIN e …` is 2202H — the answer follows PostgreSQL's join order); the EXISTS 2202H (an InitPlan in a one-time filter) | the join ERROR 2202H in either order on the embedded engine (a coordinator arm raises 2202H or #1190's refusal of the empty relation); the EXISTS 0 on the embedded engine (the conjunction is evaluated per row and no row reaches the subquery), 2202H on a cluster (a conjunct that reads no row is evaluated once at plan time, as PostgreSQL's one-time filter is); the same over an empty table for every conjunct PostgreSQL evaluates that way — `WHERE EXISTS (…)`, `NOT EXISTS`, `NOT (…)`, `CASE WHEN EXISTS (…) THEN …`, `(EXISTS (…)) = true`, `HAVING EXISTS (…)`, `JOIN … ON … AND EXISTS (…)`: 0 on the embedded engine, the subquery's error on a cluster (measured). The semi-join spelling is the same class: `SELECT count(*) FROM e WHERE id IN (SELECT id FROM big TABLESAMPLE BERNOULLI (101))` and its `= ANY` form over the empty `e` answer 0 on PostgreSQL, which builds the set on the first probe, and raise 2202H on the embedded engine, which builds the set before it reads an outer row (measured) | 2202H | value divergence | 2026-10-03 · [TB](../0012-amendments.md#2026-10-03-the-tablesample-argument-arc-tb-1411) | #1411 | `coordinator.TestArcTBTablesampleArgumentOnEveryArm` empty\_join/\*, exists\_coded/id\_negative\_and\_exists; `coordinator.TestArcTBDeferredSubqueryFailureOnEveryArm` (the r21 pins) |
internal/coordinator/arc_tb_tablesample_arms_test.go	334	other r19	exists	// The engine's alias position (other r19): PostgreSQL's spelling is	| **r19** `SELECT count(*) FROM t s TABLESAMPLE BERNOULLI (100)` (and `… FROM t TABLESAMPLE BERNOULLI (100) s`) | every row; the alias after the clause is ERROR 42601 | ERROR 42601 for the alias before the clause; every row for the alias after it (measured): this parser reads the alias after the TABLESAMPLE clause | 42601 | refusal | 2026-10-03 · [TB](../0012-amendments.md#2026-10-03-the-tablesample-argument-arc-tb-1411) | #1411 | `coordinator.TestArcTBTablesampleArgumentOnEveryArm` alias/\* |
internal/coordinator/arc_tb_tablesample_arms_test.go	411	other r21	exists	// conjunction per row and never reaches it (other r21).	| **r21** `SELECT count(*) FROM e JOIN t TABLESAMPLE BERNOULLI (101) ON e.id = t.id` (e empty) and `SELECT count(*) FROM t WHERE id < 0 AND EXISTS (SELECT 1 FROM big TABLESAMPLE BERNOULLI (101))` | the join 0 (its Nested Loop reads e first and never begins the sample; `FROM t TABLESAMPLE BERNOULLI (101) JOIN e …` is 2202H — the answer follows PostgreSQL's join order); the EXISTS 2202H (an InitPlan in a one-time filter) | the join ERROR 2202H in either order on the embedded engine (a coordinator arm raises 2202H or #1190's refusal of the empty relation); the EXISTS 0 on the embedded engine (the conjunction is evaluated per row and no row reaches the subquery), 2202H on a cluster (a conjunct that reads no row is evaluated once at plan time, as PostgreSQL's one-time filter is); the same over an empty table for every conjunct PostgreSQL evaluates that way — `WHERE EXISTS (…)`, `NOT EXISTS`, `NOT (…)`, `CASE WHEN EXISTS (…) THEN …`, `(EXISTS (…)) = true`, `HAVING EXISTS (…)`, `JOIN … ON … AND EXISTS (…)`: 0 on the embedded engine, the subquery's error on a cluster (measured). The semi-join spelling is the same class: `SELECT count(*) FROM e WHERE id IN (SELECT id FROM big TABLESAMPLE BERNOULLI (101))` and its `= ANY` form over the empty `e` answer 0 on PostgreSQL, which builds the set on the first probe, and raise 2202H on the embedded engine, which builds the set before it reads an outer row (measured) | 2202H | value divergence | 2026-10-03 · [TB](../0012-amendments.md#2026-10-03-the-tablesample-argument-arc-tb-1411) | #1411 | `coordinator.TestArcTBTablesampleArgumentOnEveryArm` empty\_join/\*, exists\_coded/id\_negative\_and\_exists; `coordinator.TestArcTBDeferredSubqueryFailureOnEveryArm` (the r21 pins) |
internal/coordinator/arc_tb_tablesample_arms_test.go	416	other r23	exists	// the conjunct is evaluated after the sample's range check (other r23).	| **r23** `SELECT count(*) FROM t WHERE EXISTS (SELECT 1 FROM big TABLESAMPLE BERNOULLI (101)) AND 1/0 = 1` | ERROR 22012: the constant `1/0` is folded, and raises, when the statement is planned, before any subquery runs | ERROR 2202H on every arm (measured): `1/0 = 1` is evaluated as a conjunct, after the sample's range check; both statements are refused, with a different SQLSTATE | 2202H | refusal | 2026-10-03 · [TB](../0012-amendments.md#2026-10-03-the-tablesample-argument-arc-tb-1411) | #1411 | `coordinator.TestArcTBTablesampleArgumentOnEveryArm` exists\_coded/exists\_and\_division\_by\_zero |
internal/coordinator/arc_tb_tablesample_arms_test.go	421	other r21	exists	// join order (other r21); here the sample begins in either order. The	| **r21** `SELECT count(*) FROM e JOIN t TABLESAMPLE BERNOULLI (101) ON e.id = t.id` (e empty) and `SELECT count(*) FROM t WHERE id < 0 AND EXISTS (SELECT 1 FROM big TABLESAMPLE BERNOULLI (101))` | the join 0 (its Nested Loop reads e first and never begins the sample; `FROM t TABLESAMPLE BERNOULLI (101) JOIN e …` is 2202H — the answer follows PostgreSQL's join order); the EXISTS 2202H (an InitPlan in a one-time filter) | the join ERROR 2202H in either order on the embedded engine (a coordinator arm raises 2202H or #1190's refusal of the empty relation); the EXISTS 0 on the embedded engine (the conjunction is evaluated per row and no row reaches the subquery), 2202H on a cluster (a conjunct that reads no row is evaluated once at plan time, as PostgreSQL's one-time filter is); the same over an empty table for every conjunct PostgreSQL evaluates that way — `WHERE EXISTS (…)`, `NOT EXISTS`, `NOT (…)`, `CASE WHEN EXISTS (…) THEN …`, `(EXISTS (…)) = true`, `HAVING EXISTS (…)`, `JOIN … ON … AND EXISTS (…)`: 0 on the embedded engine, the subquery's error on a cluster (measured). The semi-join spelling is the same class: `SELECT count(*) FROM e WHERE id IN (SELECT id FROM big TABLESAMPLE BERNOULLI (101))` and its `= ANY` form over the empty `e` answer 0 on PostgreSQL, which builds the set on the first probe, and raise 2202H on the embedded engine, which builds the set before it reads an outer row (measured) | 2202H | value divergence | 2026-10-03 · [TB](../0012-amendments.md#2026-10-03-the-tablesample-argument-arc-tb-1411) | #1411 | `coordinator.TestArcTBTablesampleArgumentOnEveryArm` empty\_join/\*, exists\_coded/id\_negative\_and\_exists; `coordinator.TestArcTBDeferredSubqueryFailureOnEveryArm` (the r21 pins) |
internal/coordinator/arc_tb_tablesample_arms_test.go	444	other r19	exists	// The alias position (other r19, measured case N4): PostgreSQL takes the	| **r19** `SELECT count(*) FROM t s TABLESAMPLE BERNOULLI (100)` (and `… FROM t TABLESAMPLE BERNOULLI (100) s`) | every row; the alias after the clause is ERROR 42601 | ERROR 42601 for the alias before the clause; every row for the alias after it (measured): this parser reads the alias after the TABLESAMPLE clause | 42601 | refusal | 2026-10-03 · [TB](../0012-amendments.md#2026-10-03-the-tablesample-argument-arc-tb-1411) | #1411 | `coordinator.TestArcTBTablesampleArgumentOnEveryArm` alias/\* |
internal/coordinator/arc_tc_timestamp_text_compare_arms_test.go	180	temporal r2	exists	// (temporal r2 / r25).	| **r2** `SELECT ts - TIMESTAMP '2024-01-01 00:00:00' FROM t` over a row holding `infinity` (likewise `TIMESTAMP '2024-01-01 00:00:00' - ts`, `ts - '2024-01-01'`, `ts - ts`; `CAST(ts AS BIGINT)` / `CAST(d AS INTEGER)` / `CAST(ts AS DOUBLE PRECISION)` over an infinite value; this engine's own temporal functions over one — `date_add`, `date_sub`, `date_diff`, `to_date`, `last_day_of_month`, `to_unixtime`, `date_format`, `at_timezone`; `time_bucket` with an infinite origin) | infinity, an interval (an infinite interval, PostgreSQL 17); `infinity - infinity` is ERROR 22008 interval out of range; the CASTs are ERROR 42846 for every value; the functions do not exist (42883); `date_bin` with an infinite origin is ERROR 22008 origin out of range | ERROR 22008 `… is not defined for an infinite timestamp` (measured, five doors): this engine's `timestamp - timestamp` is a millisecond count (r16) and an infinite one has no count; a CAST to a number, its own functions and the origin likewise refuse rather than compute on the carrier's extreme. `date - date` with an infinite side is 22008 as on PostgreSQL (`cannot subtract infinite dates`); `± INTERVAL`, `date ± integer`, a CAST between DATE and TIMESTAMP, EXTRACT / date_part and the field functions EXTRACT is written as (`year(ts)`, …), date_trunc, timezone and time_bucket answer PostgreSQL's value | 22008 | refusal | 2026-09-22 · [E36](#e36), P004; 2026-10-04 (#1512); 2026-10-04 ([TI](../0012-amendments.md#2026-10-04-infinity-and--infinity-are-timestamp-and-date-values-arc-ti)) | #1266, #1512 | `coordinator.TestArcTIInfinityEveryArm` (kept ar/ts\_minus\_lit, ar/lit\_minus\_ts, ar/ts\_to\_bigint, ar/ts\_to\_double, ar/d\_to\_int, ar/eng\_\*), `expr.TestArcTIInfiniteValueOwners` |
internal/coordinator/arc_tc_timestamp_text_compare_arms_test.go	285	temporal r25	exists	// date) is refused 22007 as `CAST('…' AS TIMESTAMP)` is (temporal r25);	"| **r25** `SELECT CAST('2024-03-04 12:00:00 UTC' AS TIMESTAMP)` (likewise `… America/New_York`, `… EST`, `…12:00:00Z+05`, `…12:00:00z+05`, `12:00 PM`, `2024-03-04 BC`, `March 4 2024`, `Mar 4, 2024 12:00`, `J2460374`, `20240304T120000`, `2024-03-04 012:00`; as DATE, TIMESTAMP, a TIMESTAMP literal or a timestamp / timestamptz parameter; the special words `now`, `today`, `tomorrow`, `yesterday`; the infinite value beside an era, a meridiem or punctuation, which PostgreSQL's lexer drops — `infinity BC`, `infinity AM`, `infinity,`, `""infinity""` (since 2026-10-04, arc TI; the bare word with its sign is read, r2's mechanism); and, since 2026-10-04, a quoted text compared with a DATE or TIMESTAMP operand in any position, as CAST refuses it — `ts < 'now'`, `d = 'today'`, `d = 'Jan 15 2024'`, `ts = 'J2460325'`, `ts = '2024-01-15 BC'`, `ts = '…Z+05'`, `ORDER BY ts < 'now'`, an UPDATE / DELETE WHERE; write `CURRENT_TIMESTAMP` / `CURRENT_DATE` for `'now'` / `'today'`. `epoch` is not in this list: the grammar reads it as 1970-01-01 00:00:00 everywhere (#1512)) | 2024-03-04 12:00:00 (each read: a zone name or abbreviation — `Z+05` is the POSIX zone five hours WEST of UTC, `TIMESTAMPTZ '2024-03-04 12:00:00Z+05'` is 17:00 UTC, not `Z` and then an offset — a meridiem, the special values `now` / `today` (the transaction's clock), BC, month names, a Julian day, an ISO-basic clock, a three-digit hour) | ERROR 22007 invalid input syntax (measured): outside the one date/time grammar (E41) — refused, never guessed; `DATE '2024-03-04 12:00:00Z+05'` and `…z+05` read 2024-03-04 at 978cd0e5, which discarded what followed the clock | 22007 | refusal | 2026-10-02 · [PW](../0012-amendments.md#2026-10-02-a-bound-parameters-type-arc-pw-1426-1410) | #1426 | `pgwire.TestArcPWRound2MatchesPostgres` (b3/\*), `coordinator.TestArcPWZoneSpellingsEveryArm` (`…Z+05`, `…z+05`, kept), `coordinator.TestArcTCTimestampTextComparisonEveryArm` and `coordinator.TestArcTCBoundParameterEveryDoor` (kept, row temporal r25: sp/\*, pos/\*, spclock/\*), `wadjet.TestArcTCDMLSpecialWordsRefuseAsCastDoes` |"
internal/coordinator/arc_ti_temporal_infinity_arms_test.go	532	temporal r2	exists	// refuses is pinned with its catalog row (temporal r2).	| **r2** `SELECT ts - TIMESTAMP '2024-01-01 00:00:00' FROM t` over a row holding `infinity` (likewise `TIMESTAMP '2024-01-01 00:00:00' - ts`, `ts - '2024-01-01'`, `ts - ts`; `CAST(ts AS BIGINT)` / `CAST(d AS INTEGER)` / `CAST(ts AS DOUBLE PRECISION)` over an infinite value; this engine's own temporal functions over one — `date_add`, `date_sub`, `date_diff`, `to_date`, `last_day_of_month`, `to_unixtime`, `date_format`, `at_timezone`; `time_bucket` with an infinite origin) | infinity, an interval (an infinite interval, PostgreSQL 17); `infinity - infinity` is ERROR 22008 interval out of range; the CASTs are ERROR 42846 for every value; the functions do not exist (42883); `date_bin` with an infinite origin is ERROR 22008 origin out of range | ERROR 22008 `… is not defined for an infinite timestamp` (measured, five doors): this engine's `timestamp - timestamp` is a millisecond count (r16) and an infinite one has no count; a CAST to a number, its own functions and the origin likewise refuse rather than compute on the carrier's extreme. `date - date` with an infinite side is 22008 as on PostgreSQL (`cannot subtract infinite dates`); `± INTERVAL`, `date ± integer`, a CAST between DATE and TIMESTAMP, EXTRACT / date_part and the field functions EXTRACT is written as (`year(ts)`, …), date_trunc, timezone and time_bucket answer PostgreSQL's value | 22008 | refusal | 2026-09-22 · [E36](#e36), P004; 2026-10-04 (#1512); 2026-10-04 ([TI](../0012-amendments.md#2026-10-04-infinity-and--infinity-are-timestamp-and-date-values-arc-ti)) | #1266, #1512 | `coordinator.TestArcTIInfinityEveryArm` (kept ar/ts\_minus\_lit, ar/lit\_minus\_ts, ar/ts\_to\_bigint, ar/ts\_to\_double, ar/d\_to\_int, ar/eng\_\*), `expr.TestArcTIInfiniteValueOwners` |
internal/coordinator/arc_wa_window_arguments_arms_test.go	481	numeric-decimal r18	exists	// scale per column — the same catalogued divergence (numeric-decimal r18),	| **r18** `SELECT COALESCE(d152, 12.3456789012345) FROM t -- d152 numeric(15,2)` | 12.75 | 12.7500000000000 (one scale per column; wire typmod -1); the elements of a numeric[] array share one scale too: `ARRAY[n, 1]` over a numeric(10,2) is {2.25,1.00} where PostgreSQL prints {2.25,1} (measured, r12/b2/arrN1); a numeric constant a double cannot carry is its own DECIMAL in a fold, so `COALESCE(t.b, 14.0000000000000000001)` over a bigint prints 30.0000000000000000000 for PostgreSQL's 30 and 14.0000000000000000001 on the NULL row, and `CASE WHEN 14.0000000000000000001 > 14 THEN 14 ELSE 13.25 END` prints 14.00 for 14 (measured 2026-10-02, nx/ncCoalesceCol/*, nx/ncCaseChoice/*; at c39858f3 the first was the double 14 on the NULL row and the second 13.25, the wrong arm) | — | value divergence | 2026-09-05 · [E64](#e64), [A13](../0012-amendments.md#a13), P007 | #764, #1386 | `coordinator.TestLiteralScaleInADecimalFold`, `coordinator.TestArcNXNumericCarrierEveryArm` |
internal/coordinator/arc_wd_window_default_arms_test.go	196	aggregates-windows r21	exists	// fills in PostgreSQL (catalog aggregates-windows r21); a constant	| **r21** `SELECT LAG(b, 1, 10 / (id - 2)) OVER (ORDER BY id) FROM t` | evaluates the default only on the rows it fills: -10, 10, 20, NULL, 40, 50 | ERROR 22012 division by zero: the default is materialized as a column and evaluated on every row, so a default that raises on a row it does not fill raises the query | 22012 | documented gap | 2026-10-02 · [WD](../0012-amendments.md#2026-10-02-a-lag--lead-default-widens-the-result-arc-wd-1435) | #1435 | `coordinator.TestArcWDWindowDefaultEveryArm` (gap/default_every_row) |
internal/coordinator/arc_wd_window_default_arms_test.go	763	numeric-decimal r18	exists	// numeric-decimal r18 (docs/adr/0012-divergences/numeric-decimal.md), which	| **r18** `SELECT COALESCE(d152, 12.3456789012345) FROM t -- d152 numeric(15,2)` | 12.75 | 12.7500000000000 (one scale per column; wire typmod -1); the elements of a numeric[] array share one scale too: `ARRAY[n, 1]` over a numeric(10,2) is {2.25,1.00} where PostgreSQL prints {2.25,1} (measured, r12/b2/arrN1); a numeric constant a double cannot carry is its own DECIMAL in a fold, so `COALESCE(t.b, 14.0000000000000000001)` over a bigint prints 30.0000000000000000000 for PostgreSQL's 30 and 14.0000000000000000001 on the NULL row, and `CASE WHEN 14.0000000000000000001 > 14 THEN 14 ELSE 13.25 END` prints 14.00 for 14 (measured 2026-10-02, nx/ncCoalesceCol/*, nx/ncCaseChoice/*; at c39858f3 the first was the double 14 on the NULL row and the second 13.25, the wrong arm) | — | value divergence | 2026-09-05 · [E64](#e64), [A13](../0012-amendments.md#a13), P007 | #764, #1386 | `coordinator.TestLiteralScaleInADecimalFold`, `coordinator.TestArcNXNumericCarrierEveryArm` |
internal/engine/expr/arc_mo_percent_operator_test.go	153	numeric-decimal r21	exists	// answer is a catalogued divergence (numeric-decimal r21: a quoted	"| **r21** `SELECT MOD(8, '2.5')` | ERROR 22P02 invalid input syntax for type integer: ""2.5"" (the unknown literal resolves to the integer argument's type) | 0.5, double precision (OID 701) (measured): beside an integer, a quoted literal whose text is not an integer is read as the number it spells, as `8 + '2.5'` is 10.5 and `MOD(t.b, '2.5')` over -70 is 0; a quoted integer keeps the integer type, `MOD(t.i, '3')` is integer (OID 23) as on PostgreSQL. The `%` operator is the `MOD` function, so the two spellings match each other where an expression must match a grouping key: `SELECT t.i % 2, count(*) FROM t GROUP BY mod(t.i, 2)` answers the groups here (measured 2026-10-04) where PostgreSQL raises 42803. 9420d256 answered `MOD(8, '2.5')` 0.5 and `8 + '2.5'` 10.5 the same, and `MOD(t.i, '2.5')` over 3 the integer 0; the `%` spelling is MOD (2026-10-04, #1527): `8 % '2.5'` is the same double 0.5 and `t.i % '2.5'` over 3, -7, 5 is 0.5, -2, 0 as `MOD(t.i, '2.5')` is (8ccfa832: `8 % '2.5'` 0 on the single-process arms and 0.5 on the DAG arms, `t.i % '2.5'` 1, -1, 1 single-process and 0.5, -2, 0 on the DAG, g/proj/l8_q25, g/proj/i_q25) | PG 22P02 | kept superset | 2026-10-03 · ADR-0024 §3 | — | `coordinator.TestArcNXNumericCarrierEveryArm` m/modLitQuoted\*, m/modColQuoted\*; `pgwire.TestArcNXNumericCarrierOnTheWire` w/modLitQuotedFracTbl, w/modColQuotedFracB; `coordinator.TestArcMOPercentIsModEveryArm` g/\*/i_q25, g/\*/l8_q25 (kept, both spellings) |"
internal/engine/expr/binop_decimal.go	491	numeric-decimal r19	exists	// (numeric-decimal r19). physical.binOpDecimalOperand declines the	| **r19** `SELECT m / i FROM t -- m numeric(10,2) = 1.25, i integer = 3` | 0.41666666666666666667 | 0.4166666666667 (measured, the same at v0.25.3): a DECIMAL quotient keeps max(6, s1 + p2 + 1) fraction digits, the divisor's precision its column type's (an integer column DECIMAL(10,0), a bigint DECIMAL(19,0), a numeric(10,2) its 10); an integer LITERAL divisor is its digit count, so `m / 3` keeps 6 (0.416667). A correlated subquery's outer value is typed as its column, so `(SELECT x.m / o.i …)` and `(SELECT x.v / o.n …)` answer the column forms' digits exactly; inside a scalar subquery an integral EXTRACT divisor takes the int64 range at scale 0, so `(SELECT x.m / extract(year FROM o.d) …)` keeps 22 fraction digits, the value correctly rounded (0.0006175889328063241107; PostgreSQL 0.00061758893280632411; v0.25.3 double precision 0.0006175889328063241 — coordinator r9/a_mDivYear). A quotient over an operand a cast made exact keeps the float8 rung, OID 701 — an integer CAST the query wrote, bare or under NULLIF, COALESCE, CASE, GREATEST, LEAST, abs, unary minus, integer arithmetic or numeric arithmetic (`(CAST(t.i AS INTEGER) * 1.0) / t.n`); a bare `CAST(… AS NUMERIC)` (`CAST(t.i AS NUMERIC) / t.n`, `t.n / CAST(t.b AS NUMERIC)`, `CAST(t.n AS NUMERIC) / 3`); either of those under a function whose result is its argument's exact type — abs, mod, round, ceil, ceiling, floor, trunc, sign, one list the plan and the kernel read (`ceil(CAST(t.i AS NUMERIC)) / t.n`, `round(CAST(t.i AS INTEGER) * 1.0) / t.n`; qf/*): `CAST(t.i AS INTEGER) / t.n` is the double 1.3333333333333333, 2, 0.5, 100 where PostgreSQL answers numeric 1.3333333333333333, 2.0000000000000000, 0.50000000000000000000, 100.0000000000000000 (measured 2026-10-02, issue/1450/div; the same at c39858f3), because this rule's 11 fraction digits would drop the double's 16 significant digits, and `CAST(t.n AS NUMERIC) / 3` is 0.75, 0.0033333333333333335 (the double, as at c39858f3; this rule's 6 digits would print 0.003333, bareCast/numOperand). Every other operator over such an operand is exact (#1450), so `t.n / NULLIF(CAST(t.b AS BIGINT), 0)` = 0.0000000011111111111111111111 selects PostgreSQL's row 3 and a `PARTITION BY` over it partitions as PostgreSQL's (nx/icBigDiv/cmp, nx/icBigDiv/winKey, nx/wq*/cmp, nx/wn*/cmp, nx/wq*/winKey, nx/wn*/winKey, qn/*/cmp: the same at c39858f3), and the projection of the wrapped cast is the double 0.075 … 1.111111111111111e-09 where c39858f3 raised 22003 numeric field overflow (declared at this rule, computed as the double; nx/icBigDiv/proj), and `ceil(CAST(t.i AS NUMERIC)) / t.n = 1.3333333333333333` selects PostgreSQL's row 1 as at c39858f3 (qf/ceil/bareNum/cmp and the other qf/*/cmp, qf/*/win, qf/*/group, qf/*/inList). A quotient of two constants keeps the double too — an integer literal past int64 among them, `9223372036854775808 / 2` 4.611686018427388e+18 where PostgreSQL answers numeric 4611686018427387904 (negLit/pastInt64Quot, as at c39858f3) — while the same literal over a column is this rule's one-scale numeric: `t.n / 9223372036854775808` 0.0000000000000000002439 where PostgreSQL answers 0.000000000000000000243945488809238498 (negLit/colOverPastInt64, as at c39858f3), and `9223372036854775808 / t.n` 4099276460824344803.55555555556 where PostgreSQL answers 4099276460824344803.56 (alias/pastInt64QuotNoAlias). An aliased item is the same quotient: `7 / t.n AS x` prints 3.11111111111 and `9223372036854775808 / t.n AS x` 4099276460824344803.55555555556 on every arm (alias/smallQuot, alias/pastInt64Quot); c39858f3's single-process arms typed such an item by the column its text named after the first dot and printed 3.11 and 4099276460824344803.56 | — | value divergence | 2026-09-30 · ADR-0024 §3 | #1422, #1450 | `coordinator.TestArcSSOperandClassAndWidthEveryArm`, `coordinator.TestArcNXNumericCarrierEveryArm` |
internal/engine/expr/cast_bytes.go	80	parameters-pgwire#r10	exists	// lone backslash a 22P02 (#1501; parameters-pgwire#r10). The hex form	| **r10** `SELECT $1` — `$1` declared bytea, int4[] or text[] | bytea (OID 17) `\x6869`; int4[] (1007); text[] (1009) | text (OID 25): `\x6869` for a text-format and a binary bytea alike — the parameter is a BYTES value (`CAST('\x6869' AS BYTES)`), and only the statement Describe declares it text (amended 2026-10-05: a binary one printed its raw bytes, `hi`, at c67ebf5b); `{1,2}`; an array parameter in binary format is refused 22023 (measured) | 22023 | documented gap | 2026-10-02 · [PW](../0012-amendments.md#2026-10-02-a-bound-parameters-type-arc-pw-1426-1410) | #1410 | `pgwire.TestArcPWParameterTypesMatchPostgres` (select/17/\*, select/1007/\*, select/1009/\*) |
internal/engine/expr/expr_cast.go	601	other#r2	exists	// takes (BYTEA itself is refused by KnownCastDest, ADR-0012 other#r2).	"| **r2** `SELECT CAST('abc' AS bytea)` | \x616263 (money and inet likewise answer: $1.50, 192.168.1.1/32) | ERROR 42704 type ""bytea"" does not exist; money and inet the same (measured) | 42704 | refusal | 2026-09-04 · [E58](#e58), P125 | #652 | `wadjet.TestUnknownCastDestinationIsUndefinedObject` |"
internal/planner/physical/decimal_arith_type.go	422	numeric-decimal r21	exists	// unknown to int4 and raises 22P02 (numeric-decimal r21).	"| **r21** `SELECT MOD(8, '2.5')` | ERROR 22P02 invalid input syntax for type integer: ""2.5"" (the unknown literal resolves to the integer argument's type) | 0.5, double precision (OID 701) (measured): beside an integer, a quoted literal whose text is not an integer is read as the number it spells, as `8 + '2.5'` is 10.5 and `MOD(t.b, '2.5')` over -70 is 0; a quoted integer keeps the integer type, `MOD(t.i, '3')` is integer (OID 23) as on PostgreSQL. The `%` operator is the `MOD` function, so the two spellings match each other where an expression must match a grouping key: `SELECT t.i % 2, count(*) FROM t GROUP BY mod(t.i, 2)` answers the groups here (measured 2026-10-04) where PostgreSQL raises 42803. 9420d256 answered `MOD(8, '2.5')` 0.5 and `8 + '2.5'` 10.5 the same, and `MOD(t.i, '2.5')` over 3 the integer 0; the `%` spelling is MOD (2026-10-04, #1527): `8 % '2.5'` is the same double 0.5 and `t.i % '2.5'` over 3, -7, 5 is 0.5, -2, 0 as `MOD(t.i, '2.5')` is (8ccfa832: `8 % '2.5'` 0 on the single-process arms and 0.5 on the DAG arms, `t.i % '2.5'` 1, -1, 1 single-process and 0.5, -2, 0 on the DAG, g/proj/l8_q25, g/proj/i_q25) | PG 22P02 | kept superset | 2026-10-03 · ADR-0024 §3 | — | `coordinator.TestArcNXNumericCarrierEveryArm` m/modLitQuoted\*, m/modColQuoted\*; `pgwire.TestArcNXNumericCarrierOnTheWire` w/modLitQuotedFracTbl, w/modColQuotedFracB; `coordinator.TestArcMOPercentIsModEveryArm` g/\*/i_q25, g/\*/l8_q25 (kept, both spellings) |"
internal/planner/physical/subquery_pipeline.go	309	numeric-decimal#r1	exists	// projection of one bigint (numeric-decimal#r1); the width it publishes	| **r1** `SELECT CAST(SUM(a) OVER () AS INTEGER) FROM ni` | integer (OID 23) | bigint (OID 20) (measured; MAX(c_i32) + 0 and c_i32 + 1 also bigint, with rows or none: `SELECT t.i - t.i FROM t WHERE t.id = 99` (no row) declares 20; inside a scalar subquery int4 arithmetic declares integer and raises 22003 past its range, as on PostgreSQL); an integer CAST of a float-carried numeric declares 20 with PostgreSQL's value, `CAST(5 / 2.0 AS INTEGER)` 3 (measured 2026-10-02, wire w/rcSix; 2 at v0.25.3); an alias does not change the width, `SELECT 7 * t.i AS x` declares 20 as `7 * t.i` does (c39858f3's and 6184761c's single-process arms declared 23 there, from the column `i` the text named after its first dot), and `ABS(-1)` declares 20 where 6184761c declared double precision (701; `MOD(7, 3)` declares 23 as on PostgreSQL) (measured 2026-10-03, al/litMulI/alias, ac/abs, ac/mod); `t.i % 3` declares integer (OID 23) as `MOD(t.i, 3)` does, `%` being MOD's spelling (8ccfa832: bigint, OID 20, g/proj/i_l3; measured 2026-10-04) | — | value divergence | 2026-09-15 · [E78](#e78), P025 | #1070 | `pgwire.TestArcNXNumericCarrierOnTheWire` (kept w/rcSix, w/rcBig); `pgwire.TestArcMOPercentIsModOnTheWire` g/proj/i_l3 |
internal/planner/physical/validate_container_fold.go	256	temporal#r24	exists	// over a stored column (temporal#r24).	| **r24** `SELECT COALESCE(d, ts) FROM t` | the first non-null arm as timestamp without time zone, a DATE arm at its midnight | ERROR 0A000 COALESCE types date and timestamp without time zone are not supported together (measured, every arm); CASE, GREATEST and LEAST the same, whatever the arm's shape — a column (of a table, a derived table, a CTE or recursive CTE — read by the statement or inside the recursive CTE's own recursive term — a join, a set operation, VALUES or a LATERAL output, whatever expression produced it there), a literal, an expression, a scalar subquery (correlated or not, a union, CTE or derived-table body included), a window aggregate or value function (`max(ts) OVER ()`, `lag(ts) OVER (…)`), an aggregate — in the SELECT list, WHERE, ORDER BY, GROUP BY and HAVING alike. NULLIF(d, ts), declared by its first argument, answers PostgreSQL's rows. The DATE / TIMESTAMP declaration such a column carries (a scalar subquery, a window call or a recursive CTE's non-recursive term) is read by every other operator too, as a stored column's is: `ts ± 1`, `ts + ts`, `d + d`, `sum(d)`, `avg(ts)` and an integer = DATE / TIMESTAMP key (EXISTS, IN, JOIN, scalar comparison) over it raise 42883 as PostgreSQL does, and `ts − d` raises r18's 42883 (at v0.25.2 they answered a number, a day count or 0 rows). A comparison (a scalar-subquery operand on either side, correlated or not, included), an IN / = ANY / NOT IN / <> ALL membership, an EXISTS or LATERAL key and a JOIN key between the two answer PostgreSQL's rows (the DATE at its midnight); a TIMESTAMP-typed bind parameter against a DATE answers PostgreSQL's rows too — it is spliced as a TIMESTAMP literal since 2026-10-02 ([PW](../0012-amendments.md#2026-10-02-a-bound-parameters-type-arc-pw-1426-1410), #1426; at v0.25.3 it was read at DATE) | 0A000 | refusal | 2026-09-29 · [DT](../0012-amendments.md#2026-09-29-a-date-against-a-timestamp-arc-dt-1378) | #1378, #1316 | `coordinator.TestArcDTDateTimestampEveryArm`, `coordinator.TestArcDTR2ScalarAndFoldArmsEveryArm` |
internal/planner/physical/validate_temporal_text.go	24	temporal r2	exists	// this engine's temporal input does not read (ADR-0012 temporal r2 / r25).	| **r2** `SELECT ts - TIMESTAMP '2024-01-01 00:00:00' FROM t` over a row holding `infinity` (likewise `TIMESTAMP '2024-01-01 00:00:00' - ts`, `ts - '2024-01-01'`, `ts - ts`; `CAST(ts AS BIGINT)` / `CAST(d AS INTEGER)` / `CAST(ts AS DOUBLE PRECISION)` over an infinite value; this engine's own temporal functions over one — `date_add`, `date_sub`, `date_diff`, `to_date`, `last_day_of_month`, `to_unixtime`, `date_format`, `at_timezone`; `time_bucket` with an infinite origin) | infinity, an interval (an infinite interval, PostgreSQL 17); `infinity - infinity` is ERROR 22008 interval out of range; the CASTs are ERROR 42846 for every value; the functions do not exist (42883); `date_bin` with an infinite origin is ERROR 22008 origin out of range | ERROR 22008 `… is not defined for an infinite timestamp` (measured, five doors): this engine's `timestamp - timestamp` is a millisecond count (r16) and an infinite one has no count; a CAST to a number, its own functions and the origin likewise refuse rather than compute on the carrier's extreme. `date - date` with an infinite side is 22008 as on PostgreSQL (`cannot subtract infinite dates`); `± INTERVAL`, `date ± integer`, a CAST between DATE and TIMESTAMP, EXTRACT / date_part and the field functions EXTRACT is written as (`year(ts)`, …), date_trunc, timezone and time_bucket answer PostgreSQL's value | 22008 | refusal | 2026-09-22 · [E36](#e36), P004; 2026-10-04 (#1512); 2026-10-04 ([TI](../0012-amendments.md#2026-10-04-infinity-and--infinity-are-timestamp-and-date-values-arc-ti)) | #1266, #1512 | `coordinator.TestArcTIInfinityEveryArm` (kept ar/ts\_minus\_lit, ar/lit\_minus\_ts, ar/ts\_to\_bigint, ar/ts\_to\_double, ar/d\_to\_int, ar/eng\_\*), `expr.TestArcTIInfiniteValueOwners` |
internal/server/pgwire/arc_by_bytea_wire_test.go	49	parameters-pgwire#r10	exists	// Parameters into a comparison: parameters-pgwire#r10's binary bytes	| **r10** `SELECT $1` — `$1` declared bytea, int4[] or text[] | bytea (OID 17) `\x6869`; int4[] (1007); text[] (1009) | text (OID 25): `\x6869` for a text-format and a binary bytea alike — the parameter is a BYTES value (`CAST('\x6869' AS BYTES)`), and only the statement Describe declares it text (amended 2026-10-05: a binary one printed its raw bytes, `hi`, at c67ebf5b); `{1,2}`; an array parameter in binary format is refused 22023 (measured) | 22023 | documented gap | 2026-10-02 · [PW](../0012-amendments.md#2026-10-02-a-bound-parameters-type-arc-pw-1426-1410) | #1410 | `pgwire.TestArcPWParameterTypesMatchPostgres` (select/17/\*, select/1007/\*, select/1009/\*) |
internal/server/pgwire/arc_by_bytea_wire_test.go	55	parameters-pgwire#r10	exists	// A bytea parameter is a bytea value: parameters-pgwire#r10.	| **r10** `SELECT $1` — `$1` declared bytea, int4[] or text[] | bytea (OID 17) `\x6869`; int4[] (1007); text[] (1009) | text (OID 25): `\x6869` for a text-format and a binary bytea alike — the parameter is a BYTES value (`CAST('\x6869' AS BYTES)`), and only the statement Describe declares it text (amended 2026-10-05: a binary one printed its raw bytes, `hi`, at c67ebf5b); `{1,2}`; an array parameter in binary format is refused 22023 (measured) | 22023 | documented gap | 2026-10-02 · [PW](../0012-amendments.md#2026-10-02-a-bound-parameters-type-arc-pw-1426-1410) | #1410 | `pgwire.TestArcPWParameterTypesMatchPostgres` (select/17/\*, select/1007/\*, select/1009/\*) |
internal/server/pgwire/arc_by_bytea_wire_test.go	144	parameters-pgwire#r10	exists	// an assignment and a comparison (parameters-pgwire#r10), a bytea parameter is	| **r10** `SELECT $1` — `$1` declared bytea, int4[] or text[] | bytea (OID 17) `\x6869`; int4[] (1007); text[] (1009) | text (OID 25): `\x6869` for a text-format and a binary bytea alike — the parameter is a BYTES value (`CAST('\x6869' AS BYTES)`), and only the statement Describe declares it text (amended 2026-10-05: a binary one printed its raw bytes, `hi`, at c67ebf5b); `{1,2}`; an array parameter in binary format is refused 22023 (measured) | 22023 | documented gap | 2026-10-02 · [PW](../0012-amendments.md#2026-10-02-a-bound-parameters-type-arc-pw-1426-1410) | #1410 | `pgwire.TestArcPWParameterTypesMatchPostgres` (select/17/\*, select/1007/\*, select/1009/\*) |
internal/server/pgwire/arc_pw_param_types_wire_test.go	594	parameters-pgwire r12	exists	// stand-in (parameters-pgwire r12): a statement's Describe stands an int4 NULL	| **r12** `SELECT $1 + 1` — `$1` undeclared, bound `'2'` | parameter integer, result integer | parameter integer, result bigint: the parameter takes PostgreSQL's type — beside arithmetic its operator result type, so `$1 = n * 2` is integer as on PostgreSQL — and the expression around it this engine's declaration: integer arithmetic ([numeric-decimal#r1](numeric-decimal.md#catalog)), an integer CAST (`SELECT CAST($1 AS INTEGER)`) and NTILE declare bigint, and `WHERE m = $1` over a derived `n * 2 AS m` types the parameter bigint where PostgreSQL types it integer (the derived column is this engine's declaration). `SELECT $1` (or `COALESCE($1, 0)`) declared integer and bound `-7`, text or binary, executes as bigint (a negative integer literal declares bigint here, and so does `CAST(-7 AS INTEGER)`) while the statement Describe declared integer: eight bytes in a binary row where PostgreSQL sends four, so a client that decodes binary rows by that Describe refuses the value; declared smallint it is r8's integer Describe with the same eight bytes (PostgreSQL: smallint, two). An integer or smallint parameter past its width raises 22003 as on PostgreSQL (measured) | — | documented gap | 2026-10-02 · [PW](../0012-amendments.md#2026-10-02-a-bound-parameters-type-arc-pw-1426-1410) | #1410 | `pgwire.TestArcPWParameterTypesMatchPostgres` (infer/SELECT $1+1, infer/CAST int, infer/NTILE, infer/derived), `pgwire.TestArcPWNegativeIntegerOutputResidual`, `pgwire.TestArcPWRound2MatchesPostgres` (b2/\*, b4/\*) |
internal/server/pgwire/arc_sc_statement_clock_wire_test.go	141	temporal r26	exists	// (ADR-0012 temporal r26, kept). A pin that starts agreeing FAILS.	| **r26** `BEGIN; SELECT now(); SELECT now(); COMMIT` (likewise two statements in one simple-query string, `SELECT now(); …; SELECT now()`) | one value: now() is the transaction's start (an explicit transaction, or the implicit one a multi-statement string runs in; `statement_timestamp()` differs inside it) | two values, one per statement (measured): there are no transactions — BEGIN / COMMIT are accepted and ignored and a multi-statement string is a sequence (parameters-pgwire E11) — so the clock is the statement's, read once when it starts and carried to every row and worker | — | value divergence | 2026-10-04 · [E60](#e60), [SC](../0012-amendments.md#2026-10-04-a-statement-reads-the-clock-once-arc-sc-1566) | #1566 | `pgwire.TestArcSCStatementClockIsTheStatements` |
internal/server/pgwire/arc_ss_audit_consumers_wire_test.go	20	recursion#r11	exists	// numeric(p,s) column and by a numeric(38,s) (recursion#r11, r12).	| **r11** `WITH RECURSIVE r(k, v) AS (SELECT 1, (SELECT x.n FROM t x WHERE x.id = 1) UNION ALL SELECT k + 1, v + 1 FROM r WHERE k < 3) SELECT k, v FROM r` over a numeric(10,2) `x.n` | ERROR 42804 (numeric(10,2) in non-recursive term but type numeric overall) | 2.25, 3.25, 4.25: the subquery's answer is declared without the column's modifier, so it seeds an unconstrained column (likewise a correlated `(SELECT t.n …)`, a `CAST(x.n AS NUMERIC(10,2))` inside the subquery, and a numeric(5,2) answer under `v * 10`: 225.00, 2250.00, 22500.00); v0.25.3 raised 42804 (measured) | — | kept superset | 2026-10-01 · [SS](../0012-amendments.md#2026-09-30-a-scalar-subquerys-answer-is-a-typed-operand-arc-ss-1428-1431-1427-1422) | — | `pgwire.TestArcSSAuditConsumersOnTheWire` (r13/seed/subSeed*) |
internal/server/pgwire/arc_ti_temporal_infinity_wire_test.go	30	temporal r2	exists	// 22023 at Bind (the retired infinite-input refusal; see temporal r2), a binary date parameter carrying the int32	| **r2** `SELECT ts - TIMESTAMP '2024-01-01 00:00:00' FROM t` over a row holding `infinity` (likewise `TIMESTAMP '2024-01-01 00:00:00' - ts`, `ts - '2024-01-01'`, `ts - ts`; `CAST(ts AS BIGINT)` / `CAST(d AS INTEGER)` / `CAST(ts AS DOUBLE PRECISION)` over an infinite value; this engine's own temporal functions over one — `date_add`, `date_sub`, `date_diff`, `to_date`, `last_day_of_month`, `to_unixtime`, `date_format`, `at_timezone`; `time_bucket` with an infinite origin) | infinity, an interval (an infinite interval, PostgreSQL 17); `infinity - infinity` is ERROR 22008 interval out of range; the CASTs are ERROR 42846 for every value; the functions do not exist (42883); `date_bin` with an infinite origin is ERROR 22008 origin out of range | ERROR 22008 `… is not defined for an infinite timestamp` (measured, five doors): this engine's `timestamp - timestamp` is a millisecond count (r16) and an infinite one has no count; a CAST to a number, its own functions and the origin likewise refuse rather than compute on the carrier's extreme. `date - date` with an infinite side is 22008 as on PostgreSQL (`cannot subtract infinite dates`); `± INTERVAL`, `date ± integer`, a CAST between DATE and TIMESTAMP, EXTRACT / date_part and the field functions EXTRACT is written as (`year(ts)`, …), date_trunc, timezone and time_bucket answer PostgreSQL's value | 22008 | refusal | 2026-09-22 · [E36](#e36), P004; 2026-10-04 (#1512); 2026-10-04 ([TI](../0012-amendments.md#2026-10-04-infinity-and--infinity-are-timestamp-and-date-values-arc-ti)) | #1266, #1512 | `coordinator.TestArcTIInfinityEveryArm` (kept ar/ts\_minus\_lit, ar/lit\_minus\_ts, ar/ts\_to\_bigint, ar/ts\_to\_double, ar/d\_to\_int, ar/eng\_\*), `expr.TestArcTIInfiniteValueOwners` |
internal/server/pgwire/arc_wa_window_argument_param_wire_test.go	67	aggregates-windows r20	exists	// KEPT SUPERSET (catalog aggregates-windows r20): a parameter	| **r20** `PREPARE p(text) AS SELECT LAG(x, $1) OVER (ORDER BY id) FROM t; EXECUTE p('1')` | ERROR 42883 function lag(bigint, text) does not exist | LAG(x, 1): a text parameter is spliced as SQL's unknown literal and read by its value; a parameter declared `int8` or `numeric` is its type's literal and raises 42883 as on PostgreSQL (since [PW](../0012-amendments.md#2026-10-02-a-bound-parameters-type-arc-pw-1426-1410); both answered at v0.25.3) | — | kept superset | 2026-09-29 · [WA](../0012-amendments.md#2026-09-29-a-window-functions-argument-list-arc-wa-1394-1399), narrowed 2026-10-02 · [PW](../0012-amendments.md#2026-10-02-a-bound-parameters-type-arc-pw-1426-1410) | #1399, #1439 | `pgwire.TestAWindowArgumentParameterAnswers` (offset/text/1), `pgwire.TestArcPWParameterTypesMatchPostgres` (infer/LAG int8, infer/LAG numeric) |
internal/server/pgwire/arc_wd_window_default_wire_test.go	49	numeric-decimal r18	exists	// (catalog numeric-decimal r18): the digits are compared with trailing	| **r18** `SELECT COALESCE(d152, 12.3456789012345) FROM t -- d152 numeric(15,2)` | 12.75 | 12.7500000000000 (one scale per column; wire typmod -1); the elements of a numeric[] array share one scale too: `ARRAY[n, 1]` over a numeric(10,2) is {2.25,1.00} where PostgreSQL prints {2.25,1} (measured, r12/b2/arrN1); a numeric constant a double cannot carry is its own DECIMAL in a fold, so `COALESCE(t.b, 14.0000000000000000001)` over a bigint prints 30.0000000000000000000 for PostgreSQL's 30 and 14.0000000000000000001 on the NULL row, and `CASE WHEN 14.0000000000000000001 > 14 THEN 14 ELSE 13.25 END` prints 14.00 for 14 (measured 2026-10-02, nx/ncCoalesceCol/*, nx/ncCaseChoice/*; at c39858f3 the first was the double 14 on the NULL row and the second 13.25, the wrong arm) | — | value divergence | 2026-09-05 · [E64](#e64), [A13](../0012-amendments.md#a13), P007 | #764, #1386 | `coordinator.TestLiteralScaleInADecimalFold`, `coordinator.TestArcNXNumericCarrierEveryArm` |
internal/server/pgwire/bindparams.go	113	parameters-pgwire#r10	exists	// `00 ff 5c` became an escape and refused 22P02 (parameters-pgwire#r10),	| **r10** `SELECT $1` — `$1` declared bytea, int4[] or text[] | bytea (OID 17) `\x6869`; int4[] (1007); text[] (1009) | text (OID 25): `\x6869` for a text-format and a binary bytea alike — the parameter is a BYTES value (`CAST('\x6869' AS BYTES)`), and only the statement Describe declares it text (amended 2026-10-05: a binary one printed its raw bytes, `hi`, at c67ebf5b); `{1,2}`; an array parameter in binary format is refused 22023 (measured) | 22023 | documented gap | 2026-10-02 · [PW](../0012-amendments.md#2026-10-02-a-bound-parameters-type-arc-pw-1426-1410) | #1410 | `pgwire.TestArcPWParameterTypesMatchPostgres` (select/17/\*, select/1007/\*, select/1009/\*) |
internal/server/pgwire/bindparams.go	257	dml-assignment#r4	exists	// dml-assignment#r4): a text parameter beside an integer column	| **r4** `MERGE INTO t USING s ON t.id = s.id WHEN MATCHED THEN UPDATE SET n = $1 -- $1 bound as text '2.5'` | ERROR 42804 (text is not assignable to integer without a cast) | ERROR 22P02: Bind renders the parameter as a quoted literal the column's input function reads; neither writes | 22P02 | value divergence | 2026-09-28 · [E93](#e93), P034 | #1353, #1408 | — |
internal/server/pgwire/bindparams.go	513	parameters-pgwire#r10	exists	// time and refused 22P02 (parameters-pgwire#r10).	| **r10** `SELECT $1` — `$1` declared bytea, int4[] or text[] | bytea (OID 17) `\x6869`; int4[] (1007); text[] (1009) | text (OID 25): `\x6869` for a text-format and a binary bytea alike — the parameter is a BYTES value (`CAST('\x6869' AS BYTES)`), and only the statement Describe declares it text (amended 2026-10-05: a binary one printed its raw bytes, `hi`, at c67ebf5b); `{1,2}`; an array parameter in binary format is refused 22023 (measured) | 22023 | documented gap | 2026-10-02 · [PW](../0012-amendments.md#2026-10-02-a-bound-parameters-type-arc-pw-1426-1410) | #1410 | `pgwire.TestArcPWParameterTypesMatchPostgres` (select/17/\*, select/1007/\*, select/1009/\*) |
internal/server/pgwire/paramtypes.go	515	numeric-decimal r1	exists	// arithmetic bigint (numeric-decimal r1, a kept divergence of the RESULT	| **r1** `SELECT CAST(SUM(a) OVER () AS INTEGER) FROM ni` | integer (OID 23) | bigint (OID 20) (measured; MAX(c_i32) + 0 and c_i32 + 1 also bigint, with rows or none: `SELECT t.i - t.i FROM t WHERE t.id = 99` (no row) declares 20; inside a scalar subquery int4 arithmetic declares integer and raises 22003 past its range, as on PostgreSQL); an integer CAST of a float-carried numeric declares 20 with PostgreSQL's value, `CAST(5 / 2.0 AS INTEGER)` 3 (measured 2026-10-02, wire w/rcSix; 2 at v0.25.3); an alias does not change the width, `SELECT 7 * t.i AS x` declares 20 as `7 * t.i` does (c39858f3's and 6184761c's single-process arms declared 23 there, from the column `i` the text named after its first dot), and `ABS(-1)` declares 20 where 6184761c declared double precision (701; `MOD(7, 3)` declares 23 as on PostgreSQL) (measured 2026-10-03, al/litMulI/alias, ac/abs, ac/mod); `t.i % 3` declares integer (OID 23) as `MOD(t.i, 3)` does, `%` being MOD's spelling (8ccfa832: bigint, OID 20, g/proj/i_l3; measured 2026-10-04) | — | value divergence | 2026-09-15 · [E78](#e78), P025 | #1070 | `pgwire.TestArcNXNumericCarrierOnTheWire` (kept w/rcSix, w/rcBig); `pgwire.TestArcMOPercentIsModOnTheWire` g/proj/i_l3 |
internal/server/pgwire/server.go	619	temporal r26	exists	// ADR-0012 temporal r26), so the clock is the STATEMENT's, not a	| **r26** `BEGIN; SELECT now(); SELECT now(); COMMIT` (likewise two statements in one simple-query string, `SELECT now(); …; SELECT now()`) | one value: now() is the transaction's start (an explicit transaction, or the implicit one a multi-statement string runs in; `statement_timestamp()` differs inside it) | two values, one per statement (measured): there are no transactions — BEGIN / COMMIT are accepted and ignored and a multi-statement string is a sequence (parameters-pgwire E11) — so the clock is the statement's, read once when it starts and carried to every row and worker | — | value divergence | 2026-10-04 · [E60](#e60), [SC](../0012-amendments.md#2026-10-04-a-statement-reads-the-clock-once-arc-sc-1566) | #1566 | `pgwire.TestArcSCStatementClockIsTheStatements` |
internal/storage/parquet/date_parse.go	630	temporal r25	exists	// `infinity AM`); this grammar reads neither (temporal r25), as for a finite	"| **r25** `SELECT CAST('2024-03-04 12:00:00 UTC' AS TIMESTAMP)` (likewise `… America/New_York`, `… EST`, `…12:00:00Z+05`, `…12:00:00z+05`, `12:00 PM`, `2024-03-04 BC`, `March 4 2024`, `Mar 4, 2024 12:00`, `J2460374`, `20240304T120000`, `2024-03-04 012:00`; as DATE, TIMESTAMP, a TIMESTAMP literal or a timestamp / timestamptz parameter; the special words `now`, `today`, `tomorrow`, `yesterday`; the infinite value beside an era, a meridiem or punctuation, which PostgreSQL's lexer drops — `infinity BC`, `infinity AM`, `infinity,`, `""infinity""` (since 2026-10-04, arc TI; the bare word with its sign is read, r2's mechanism); and, since 2026-10-04, a quoted text compared with a DATE or TIMESTAMP operand in any position, as CAST refuses it — `ts < 'now'`, `d = 'today'`, `d = 'Jan 15 2024'`, `ts = 'J2460325'`, `ts = '2024-01-15 BC'`, `ts = '…Z+05'`, `ORDER BY ts < 'now'`, an UPDATE / DELETE WHERE; write `CURRENT_TIMESTAMP` / `CURRENT_DATE` for `'now'` / `'today'`. `epoch` is not in this list: the grammar reads it as 1970-01-01 00:00:00 everywhere (#1512)) | 2024-03-04 12:00:00 (each read: a zone name or abbreviation — `Z+05` is the POSIX zone five hours WEST of UTC, `TIMESTAMPTZ '2024-03-04 12:00:00Z+05'` is 17:00 UTC, not `Z` and then an offset — a meridiem, the special values `now` / `today` (the transaction's clock), BC, month names, a Julian day, an ISO-basic clock, a three-digit hour) | ERROR 22007 invalid input syntax (measured): outside the one date/time grammar (E41) — refused, never guessed; `DATE '2024-03-04 12:00:00Z+05'` and `…z+05` read 2024-03-04 at 978cd0e5, which discarded what followed the clock | 22007 | refusal | 2026-10-02 · [PW](../0012-amendments.md#2026-10-02-a-bound-parameters-type-arc-pw-1426-1410) | #1426 | `pgwire.TestArcPWRound2MatchesPostgres` (b3/\*), `coordinator.TestArcPWZoneSpellingsEveryArm` (`…Z+05`, `…z+05`, kept), `coordinator.TestArcTCTimestampTextComparisonEveryArm` and `coordinator.TestArcTCBoundParameterEveryDoor` (kept, row temporal r25: sp/\*, pos/\*, spclock/\*), `wadjet.TestArcTCDMLSpecialWordsRefuseAsCastDoes` |"
internal/storage/parquet/date_zone_digits_test.go	21	temporal r25	exists	// WEST, 17:00 UTC), outside this grammar: 22007 here, temporal r25.	"| **r25** `SELECT CAST('2024-03-04 12:00:00 UTC' AS TIMESTAMP)` (likewise `… America/New_York`, `… EST`, `…12:00:00Z+05`, `…12:00:00z+05`, `12:00 PM`, `2024-03-04 BC`, `March 4 2024`, `Mar 4, 2024 12:00`, `J2460374`, `20240304T120000`, `2024-03-04 012:00`; as DATE, TIMESTAMP, a TIMESTAMP literal or a timestamp / timestamptz parameter; the special words `now`, `today`, `tomorrow`, `yesterday`; the infinite value beside an era, a meridiem or punctuation, which PostgreSQL's lexer drops — `infinity BC`, `infinity AM`, `infinity,`, `""infinity""` (since 2026-10-04, arc TI; the bare word with its sign is read, r2's mechanism); and, since 2026-10-04, a quoted text compared with a DATE or TIMESTAMP operand in any position, as CAST refuses it — `ts < 'now'`, `d = 'today'`, `d = 'Jan 15 2024'`, `ts = 'J2460325'`, `ts = '2024-01-15 BC'`, `ts = '…Z+05'`, `ORDER BY ts < 'now'`, an UPDATE / DELETE WHERE; write `CURRENT_TIMESTAMP` / `CURRENT_DATE` for `'now'` / `'today'`. `epoch` is not in this list: the grammar reads it as 1970-01-01 00:00:00 everywhere (#1512)) | 2024-03-04 12:00:00 (each read: a zone name or abbreviation — `Z+05` is the POSIX zone five hours WEST of UTC, `TIMESTAMPTZ '2024-03-04 12:00:00Z+05'` is 17:00 UTC, not `Z` and then an offset — a meridiem, the special values `now` / `today` (the transaction's clock), BC, month names, a Julian day, an ISO-basic clock, a three-digit hour) | ERROR 22007 invalid input syntax (measured): outside the one date/time grammar (E41) — refused, never guessed; `DATE '2024-03-04 12:00:00Z+05'` and `…z+05` read 2024-03-04 at 978cd0e5, which discarded what followed the clock | 22007 | refusal | 2026-10-02 · [PW](../0012-amendments.md#2026-10-02-a-bound-parameters-type-arc-pw-1426-1410) | #1426 | `pgwire.TestArcPWRound2MatchesPostgres` (b3/\*), `coordinator.TestArcPWZoneSpellingsEveryArm` (`…Z+05`, `…z+05`, kept), `coordinator.TestArcTCTimestampTextComparisonEveryArm` and `coordinator.TestArcTCBoundParameterEveryDoor` (kept, row temporal r25: sp/\*, pos/\*, spclock/\*), `wadjet.TestArcTCDMLSpecialWordsRefuseAsCastDoes` |"
internal/storage/parquet/temporal_infinity_test.go	20	temporal r25	exists	// `infinity AM`), which this grammar reads for no value (temporal r25).	"| **r25** `SELECT CAST('2024-03-04 12:00:00 UTC' AS TIMESTAMP)` (likewise `… America/New_York`, `… EST`, `…12:00:00Z+05`, `…12:00:00z+05`, `12:00 PM`, `2024-03-04 BC`, `March 4 2024`, `Mar 4, 2024 12:00`, `J2460374`, `20240304T120000`, `2024-03-04 012:00`; as DATE, TIMESTAMP, a TIMESTAMP literal or a timestamp / timestamptz parameter; the special words `now`, `today`, `tomorrow`, `yesterday`; the infinite value beside an era, a meridiem or punctuation, which PostgreSQL's lexer drops — `infinity BC`, `infinity AM`, `infinity,`, `""infinity""` (since 2026-10-04, arc TI; the bare word with its sign is read, r2's mechanism); and, since 2026-10-04, a quoted text compared with a DATE or TIMESTAMP operand in any position, as CAST refuses it — `ts < 'now'`, `d = 'today'`, `d = 'Jan 15 2024'`, `ts = 'J2460325'`, `ts = '2024-01-15 BC'`, `ts = '…Z+05'`, `ORDER BY ts < 'now'`, an UPDATE / DELETE WHERE; write `CURRENT_TIMESTAMP` / `CURRENT_DATE` for `'now'` / `'today'`. `epoch` is not in this list: the grammar reads it as 1970-01-01 00:00:00 everywhere (#1512)) | 2024-03-04 12:00:00 (each read: a zone name or abbreviation — `Z+05` is the POSIX zone five hours WEST of UTC, `TIMESTAMPTZ '2024-03-04 12:00:00Z+05'` is 17:00 UTC, not `Z` and then an offset — a meridiem, the special values `now` / `today` (the transaction's clock), BC, month names, a Julian day, an ISO-basic clock, a three-digit hour) | ERROR 22007 invalid input syntax (measured): outside the one date/time grammar (E41) — refused, never guessed; `DATE '2024-03-04 12:00:00Z+05'` and `…z+05` read 2024-03-04 at 978cd0e5, which discarded what followed the clock | 22007 | refusal | 2026-10-02 · [PW](../0012-amendments.md#2026-10-02-a-bound-parameters-type-arc-pw-1426-1410) | #1426 | `pgwire.TestArcPWRound2MatchesPostgres` (b3/\*), `coordinator.TestArcPWZoneSpellingsEveryArm` (`…Z+05`, `…z+05`, kept), `coordinator.TestArcTCTimestampTextComparisonEveryArm` and `coordinator.TestArcTCBoundParameterEveryDoor` (kept, row temporal r25: sp/\*, pos/\*, spclock/\*), `wadjet.TestArcTCDMLSpecialWordsRefuseAsCastDoes` |"
wadjet/arc_by_r2_assignment_matrix_test.go	26	text-collation#r8	exists	// The VARCHAR(3) cells hold text-collation#r8 (this engine's VARCHAR(n) column	| **r8** `CREATE TABLE vt (v VARCHAR(4)); INSERT INTO vt VALUES ('abcdefgh')` | ERROR 22001 value too long for type character varying(4) | INSERT 0 1; abcdefgh stored (measured): DDL keeps no length | — | kept superset | 2026-09-03 · [E56](#e56), P072 | #708 | — |
wadjet/arc_by_r2_assignment_matrix_test.go	285	text-collation#r8	exists	// text-collation#r8 (kept superset): a VARCHAR(n) column keeps no	| **r8** `CREATE TABLE vt (v VARCHAR(4)); INSERT INTO vt VALUES ('abcdefgh')` | ERROR 22001 value too long for type character varying(4) | INSERT 0 1; abcdefgh stored (measured): DDL keeps no length | — | kept superset | 2026-09-03 · [E56](#e56), P072 | #708 | — |
wadjet/arc_cm_volatile_cte_test.go	507	other#r27	exists	// PINS (catalog other#r27): a volatile CTE read ONCE is inlined (ADR-0021	| **r27** `WITH s AS (SELECT random() r) SELECT count(DISTINCT (SELECT r + t.id*0 FROM s)) FROM cm_big t WHERE t.id <= 50` (a CTE read ONCE, from a correlated subquery); and `SELECT count(DISTINCT (WITH s AS (SELECT random() r) SELECT r + t.id*0 FROM s)) FROM cm_big t WHERE t.id <= 50` (a WITH declared inside one) | 1: the CTE is materialized once and its tuplestore is kept across the subquery's rescans | 50 on the embedded arms (measured, and the same at c67ebf5b): a CTE the statement reads once is inlined (ADR-0021 §2d), and the correlated subquery re-runs its body per outer row; a WITH inside the subquery's text is re-parsed per execution | — | value divergence | 2026-10-05 · [CM](../0012-amendments.md#2026-10-05-a-volatile-cte-is-evaluated-once-arc-cm-1531) | — | `wadjet.TestArcCMCorrelatedReaderIsEvaluatedPerOuterRow` (pins R1, R3) |
wadjet/arc_tc_timestamp_text_dml_test.go	108	temporal r25	exists	// Kept (ADR-0012 temporal r25): PostgreSQL reads a BC date and	"| **r25** `SELECT CAST('2024-03-04 12:00:00 UTC' AS TIMESTAMP)` (likewise `… America/New_York`, `… EST`, `…12:00:00Z+05`, `…12:00:00z+05`, `12:00 PM`, `2024-03-04 BC`, `March 4 2024`, `Mar 4, 2024 12:00`, `J2460374`, `20240304T120000`, `2024-03-04 012:00`; as DATE, TIMESTAMP, a TIMESTAMP literal or a timestamp / timestamptz parameter; the special words `now`, `today`, `tomorrow`, `yesterday`; the infinite value beside an era, a meridiem or punctuation, which PostgreSQL's lexer drops — `infinity BC`, `infinity AM`, `infinity,`, `""infinity""` (since 2026-10-04, arc TI; the bare word with its sign is read, r2's mechanism); and, since 2026-10-04, a quoted text compared with a DATE or TIMESTAMP operand in any position, as CAST refuses it — `ts < 'now'`, `d = 'today'`, `d = 'Jan 15 2024'`, `ts = 'J2460325'`, `ts = '2024-01-15 BC'`, `ts = '…Z+05'`, `ORDER BY ts < 'now'`, an UPDATE / DELETE WHERE; write `CURRENT_TIMESTAMP` / `CURRENT_DATE` for `'now'` / `'today'`. `epoch` is not in this list: the grammar reads it as 1970-01-01 00:00:00 everywhere (#1512)) | 2024-03-04 12:00:00 (each read: a zone name or abbreviation — `Z+05` is the POSIX zone five hours WEST of UTC, `TIMESTAMPTZ '2024-03-04 12:00:00Z+05'` is 17:00 UTC, not `Z` and then an offset — a meridiem, the special values `now` / `today` (the transaction's clock), BC, month names, a Julian day, an ISO-basic clock, a three-digit hour) | ERROR 22007 invalid input syntax (measured): outside the one date/time grammar (E41) — refused, never guessed; `DATE '2024-03-04 12:00:00Z+05'` and `…z+05` read 2024-03-04 at 978cd0e5, which discarded what followed the clock | 22007 | refusal | 2026-10-02 · [PW](../0012-amendments.md#2026-10-02-a-bound-parameters-type-arc-pw-1426-1410) | #1426 | `pgwire.TestArcPWRound2MatchesPostgres` (b3/\*), `coordinator.TestArcPWZoneSpellingsEveryArm` (`…Z+05`, `…z+05`, kept), `coordinator.TestArcTCTimestampTextComparisonEveryArm` and `coordinator.TestArcTCBoundParameterEveryDoor` (kept, row temporal r25: sp/\*, pos/\*, spclock/\*), `wadjet.TestArcTCDMLSpecialWordsRefuseAsCastDoes` |"
wadjet/arc_tc_timestamp_text_dml_test.go	199	temporal r25	exists	// `CAST('…' AS TIMESTAMP)` is (ADR-0012 temporal r25) and the statement	"| **r25** `SELECT CAST('2024-03-04 12:00:00 UTC' AS TIMESTAMP)` (likewise `… America/New_York`, `… EST`, `…12:00:00Z+05`, `…12:00:00z+05`, `12:00 PM`, `2024-03-04 BC`, `March 4 2024`, `Mar 4, 2024 12:00`, `J2460374`, `20240304T120000`, `2024-03-04 012:00`; as DATE, TIMESTAMP, a TIMESTAMP literal or a timestamp / timestamptz parameter; the special words `now`, `today`, `tomorrow`, `yesterday`; the infinite value beside an era, a meridiem or punctuation, which PostgreSQL's lexer drops — `infinity BC`, `infinity AM`, `infinity,`, `""infinity""` (since 2026-10-04, arc TI; the bare word with its sign is read, r2's mechanism); and, since 2026-10-04, a quoted text compared with a DATE or TIMESTAMP operand in any position, as CAST refuses it — `ts < 'now'`, `d = 'today'`, `d = 'Jan 15 2024'`, `ts = 'J2460325'`, `ts = '2024-01-15 BC'`, `ts = '…Z+05'`, `ORDER BY ts < 'now'`, an UPDATE / DELETE WHERE; write `CURRENT_TIMESTAMP` / `CURRENT_DATE` for `'now'` / `'today'`. `epoch` is not in this list: the grammar reads it as 1970-01-01 00:00:00 everywhere (#1512)) | 2024-03-04 12:00:00 (each read: a zone name or abbreviation — `Z+05` is the POSIX zone five hours WEST of UTC, `TIMESTAMPTZ '2024-03-04 12:00:00Z+05'` is 17:00 UTC, not `Z` and then an offset — a meridiem, the special values `now` / `today` (the transaction's clock), BC, month names, a Julian day, an ISO-basic clock, a three-digit hour) | ERROR 22007 invalid input syntax (measured): outside the one date/time grammar (E41) — refused, never guessed; `DATE '2024-03-04 12:00:00Z+05'` and `…z+05` read 2024-03-04 at 978cd0e5, which discarded what followed the clock | 22007 | refusal | 2026-10-02 · [PW](../0012-amendments.md#2026-10-02-a-bound-parameters-type-arc-pw-1426-1410) | #1426 | `pgwire.TestArcPWRound2MatchesPostgres` (b3/\*), `coordinator.TestArcPWZoneSpellingsEveryArm` (`…Z+05`, `…z+05`, kept), `coordinator.TestArcTCTimestampTextComparisonEveryArm` and `coordinator.TestArcTCBoundParameterEveryDoor` (kept, row temporal r25: sp/\*, pos/\*, spclock/\*), `wadjet.TestArcTCDMLSpecialWordsRefuseAsCastDoes` |"
wadjet/arc_wd_window_default_spill_test.go	55	numeric-decimal r18	exists	// numeric is one scale per column here (catalog numeric-decimal r18):	| **r18** `SELECT COALESCE(d152, 12.3456789012345) FROM t -- d152 numeric(15,2)` | 12.75 | 12.7500000000000 (one scale per column; wire typmod -1); the elements of a numeric[] array share one scale too: `ARRAY[n, 1]` over a numeric(10,2) is {2.25,1.00} where PostgreSQL prints {2.25,1} (measured, r12/b2/arrN1); a numeric constant a double cannot carry is its own DECIMAL in a fold, so `COALESCE(t.b, 14.0000000000000000001)` over a bigint prints 30.0000000000000000000 for PostgreSQL's 30 and 14.0000000000000000001 on the NULL row, and `CASE WHEN 14.0000000000000000001 > 14 THEN 14 ELSE 13.25 END` prints 14.00 for 14 (measured 2026-10-02, nx/ncCoalesceCol/*, nx/ncCaseChoice/*; at c39858f3 the first was the double 14 on the NULL row and the second 13.25, the wrong arm) | — | value divergence | 2026-09-05 · [E64](#e64), [A13](../0012-amendments.md#a13), P007 | #764, #1386 | `coordinator.TestLiteralScaleInADecimalFold`, `coordinator.TestArcNXNumericCarrierEveryArm` |
wadjet/arc_wd_window_default_test.go	51	numeric-decimal r18	exists	// the catalogued value divergence numeric-decimal r18 — so the CTAS and	| **r18** `SELECT COALESCE(d152, 12.3456789012345) FROM t -- d152 numeric(15,2)` | 12.75 | 12.7500000000000 (one scale per column; wire typmod -1); the elements of a numeric[] array share one scale too: `ARRAY[n, 1]` over a numeric(10,2) is {2.25,1.00} where PostgreSQL prints {2.25,1} (measured, r12/b2/arrN1); a numeric constant a double cannot carry is its own DECIMAL in a fold, so `COALESCE(t.b, 14.0000000000000000001)` over a bigint prints 30.0000000000000000000 for PostgreSQL's 30 and 14.0000000000000000001 on the NULL row, and `CASE WHEN 14.0000000000000000001 > 14 THEN 14 ELSE 13.25 END` prints 14.00 for 14 (measured 2026-10-02, nx/ncCoalesceCol/*, nx/ncCaseChoice/*; at c39858f3 the first was the double 14 on the NULL row and the second 13.25, the wrong arm) | — | value divergence | 2026-09-05 · [E64](#e64), [A13](../0012-amendments.md#a13), P007 | #764, #1386 | `coordinator.TestLiteralScaleInADecimalFold`, `coordinator.TestArcNXNumericCarrierEveryArm` |
wadjet/decimal_scalar_fn_test.go	175	numeric-decimal r1	exists	// as PostgreSQL does (numeric-decimal r1 names it).	| **r1** `SELECT CAST(SUM(a) OVER () AS INTEGER) FROM ni` | integer (OID 23) | bigint (OID 20) (measured; MAX(c_i32) + 0 and c_i32 + 1 also bigint, with rows or none: `SELECT t.i - t.i FROM t WHERE t.id = 99` (no row) declares 20; inside a scalar subquery int4 arithmetic declares integer and raises 22003 past its range, as on PostgreSQL); an integer CAST of a float-carried numeric declares 20 with PostgreSQL's value, `CAST(5 / 2.0 AS INTEGER)` 3 (measured 2026-10-02, wire w/rcSix; 2 at v0.25.3); an alias does not change the width, `SELECT 7 * t.i AS x` declares 20 as `7 * t.i` does (c39858f3's and 6184761c's single-process arms declared 23 there, from the column `i` the text named after its first dot), and `ABS(-1)` declares 20 where 6184761c declared double precision (701; `MOD(7, 3)` declares 23 as on PostgreSQL) (measured 2026-10-03, al/litMulI/alias, ac/abs, ac/mod); `t.i % 3` declares integer (OID 23) as `MOD(t.i, 3)` does, `%` being MOD's spelling (8ccfa832: bigint, OID 20, g/proj/i_l3; measured 2026-10-04) | — | value divergence | 2026-09-15 · [E78](#e78), P025 | #1070 | `pgwire.TestArcNXNumericCarrierOnTheWire` (kept w/rcSix, w/rcBig); `pgwire.TestArcMOPercentIsModOnTheWire` g/proj/i_l3 |
